Loading taxonomy from /Users/alexwhitley/Desktop/rhemata/taxonomy.md
  209 valid tags loaded

/Users/alexwhitley/Library/Python/3.9/lib/python/site-packages/urllib3/__init__.py:35: NotOpenSSLWarning: urllib3 v2 only supports OpenSSL 1.1.1+, currently the 'ssl' module is compiled with 'LibreSSL 2.8.3'. See: https://github.com/urllib3/urllib3/issues/3020
  warnings.warn(
Processing 634 document(s) (force retag)

[   1/634 ] John Bevere — I Didn't Want to Talk About This → ['End Times', 'Spiritual Warfare', 'Discerning Times and Seasons']
         SUMMARY: This document presents a theological interpretation of UFOs/UAPs as demonic entities rather than extraterrestrial life, 
         SUGGEST: ['Nephilim and Hybrids', 'Deception and False Signs'] — The document extensively discusses Nephilim, giants, and human-angelic hybrids a
[   2/634 ] John Bevere — I've Never Shared My Opinion on This → ['End Times', 'Eschatology', 'Israel in Bible Prophecy']
         SUMMARY: This document presents an eschatological teaching by an unnamed author who interprets biblical prophecy regarding end-ti
         SUGGEST: ['Rapture', 'Tribulation'] — The document extensively discusses the timing of the rapture ('catching away') w
[   3/634 ] John Bevere — The Second Coming of Jesus → ['Second Coming', 'Eschatology', 'Discerning Times and Seasons']
         SUMMARY: The document, presented by an unnamed author, argues that biblical prophecy about Jesus's Second Coming (mentioned in 31
         SUGGEST: ['Readiness and Preparation', 'Living in Light of Eternity'] — The document's central theological emphasis is on preparation and transformation
[   4/634 ] John Bevere — Suffering Is a Privilege → ['The Cross', 'Suffering and Sovereignty', 'Second Coming', 'Redemption']
         SUMMARY: In this excerpt, John Bevere uses the example of Jesus Christ's suffering and sacrifice to introduce a theological explo
         SUGGEST: ['Divine Love', 'Problem of Evil'] — The document grapples deeply with two major theological concepts not currently r
[   5/634 ] John Bevere — The Rapture Terrified Me Too Until I Read This → ['End Times', 'Eschatology', 'Second Coming']
         SUMMARY: # Summary

This document, presented by a Christian teacher, argues that the rapture (or "catching away") is a biblical d
         SUGGEST: ['Rapture', 'Biblical Mysteries'] — The document centers on the rapture (the 'catching away') as a theological conce
[   6/634 ] John Bevere, Rick Renner — The Rapture, The Antichrist, The Mark of the Beast → ['End Times', 'Eschatology', 'Israel in Bible Prophecy']
         SUMMARY: The document presents a discussion about biblical eschatology and end-times prophecy, with speakers expressing concern t
         SUGGEST: ['Rapture', 'Antichrist'] — The document extensively discusses the rapture and the antichrist as central the
[   7/634 ] John Bevere — These End Times Timelines Are All Lining Up at Onc → ['Discerning Times and Seasons', 'End Times', 'Eschatology', 'Israel in Bible Prophecy', 'Interpreting Scripture']
         SUMMARY: The author argues that believers are living in the prophetic season when Jesus's return could occur at any moment, and t
         SUGGEST: ['Biblical Typology and Symbolism', 'The Rapture'] — The document extensively uses the Jewish wedding ceremony as a biblical type/sha
[   8/634 ] John Bevere — You'll Wish Someone Told You This Sooner → ['Overcoming Offense', 'Forgiveness and Reconciliation', 'Repentance']
         SUMMARY: John Bevere argues in this teaching that unforgiveness and offense are serious sins that trap Christians and blind them 
         SUGGEST: ['Conviction of Sin', 'End Times Signs'] — The document emphasizes conviction of sin as a central theme—how God's Word expo
[   9/634 ] John Bevere — You're Being Set Up → ['Parenting', 'Character Formation', 'Forgiveness and Reconciliation']
         SUMMARY: # Summary

In this parenting narrative, the author describes teaching his third-grade son to respond to a teacher's hars
         SUGGEST: ['Humility', 'Conflict Resolution'] — The document centers on teaching a child to respond to unfair treatment through 
[  10/634 ] Paul K., Nneka H., Tiffany C., Shabaka W. — Nine Functions of Prophetic Words → ['Prophecy', 'Office of the Prophet', 'Activating Spiritual Gifts', 'Fivefold Ministry', 'Equipping the Saints']
         SUMMARY: # Summary

This training document by Paul K. and the prophetic equipping team outlines nine functions of prophetic minis
         SUGGEST: ['Word of Knowledge', 'Prophetic Intercession'] — The document extensively discusses Word of Knowledge as a distinct spiritual gif
[  11/634 ] Tom Bedford — Receiving and Ministering Prophetic Words → ['Prophecy', 'Testing Prophecy', 'Pitfalls of the Prophetic', 'Office of the Prophet', "Hearing God's Voice"]
         SUMMARY: This document by an unnamed author provides guidance on receiving and ministering prophetic words within a Christian con
         SUGGEST: ['Humility', 'Discerning of Spirits'] — The document emphasizes humility as foundational to prophetic ministry (Philippi
[  12/634 ] Tom Bedford — Prophetic Equipping with Pastor Paul Kidd & Tom Be → ['Fivefold Ministry', 'Equipping the Saints', 'Character Formation', 'Spiritual Authority', 'Testing Prophecy']
         SUMMARY: # Summary

Pastor Paul Kidd and Prophet Tom Bedford conducted a prophetic equipping session using Ephesians 4:7-16, teac
         SUGGEST: ['Prophetic Ministry', 'Spiritual Maturity'] — The document extensively discusses prophetic equipping and development, with sig
[  13/634 ] Derek Prince — Prophetic Ministry → ['Office of the Prophet', 'Prophetic Intercession', 'Prophecy', "Hearing God's Voice"]
         SUMMARY: This document outlines the three levels of prophetic ministry (personal, building, and kingdom prophets) and the essenti
         SUGGEST: ['Testing Prophecy', 'Spiritual Authority'] — The document extensively discusses the role of seasoned prophets in confronting 
[  14/634 ] Derek Prince — Deliverance And Demonology → ['Deliverance Ministry', 'Discerning of Spirits', 'Spiritual Warfare', 'Personal Prophecy']
         SUMMARY: Derek Prince teaches through this six-tape series on deliverance and demonology that Christians, including those baptize
         SUGGEST: ['Demonic Oppression in Believers', 'Authority Over Evil Spirits'] — The document focuses heavily on two important themes not adequately covered by e
[  15/634 ] Derek Prince — Baptism into the Person of the Holy Spirit → ['Baptism in the Holy Spirit', 'Spirit-Filled Life', 'Encounter with God', 'Abiding in Christ']
         SUMMARY: This document, compiled from multiple New Testament passages, argues that baptism in the Holy Spirit is essential for Ch
         SUGGEST: ['Yielding to the Holy Spirit', 'Power of Prayer'] — The document emphasizes the critical theme of SURRENDERING CONTROL to the Holy S
[  16/634 ] Scott Woodard — Processing Your Prophecy → ['Prophecy', 'Testing Prophecy', 'Personal Prophecy', 'Gifts of the Spirit', "God's Will and Guidance"]
         SUMMARY: In "Processing Your Prophecy," instructor Scott Woodard teaches that prophecy's purpose is to confirm, direct, and re-en
         SUGGEST: ['Prophetic Intercession', 'Discerning of Spirits'] — While the document covers 'Prophecy,' 'Testing Prophecy,' 'Personal Prophecy,' a
[  17/634 ] John Bevere — A Prophetic Warning from Jesus to the End Time Chu → ['Eschatology', 'Resurrection', 'Second Coming']
         SUMMARY: This document presents a teaching on the Book of Revelation, specifically focusing on the seven churches, where the auth
         SUGGEST: ['Biblical Typology and Symbolism', 'Glorified Body and Resurrection Form'] — The document extensively discusses the nature of Christ's resurrection body vers
[  18/634 ] John Bevere — Jesus' Most Misunderstood Parable → ['Purpose and Calling', 'Gifts of the Spirit', 'Biblical Stewardship', 'Recognizing Your Ministry Gift']
         SUMMARY: In this teaching, the speaker argues that God's primary requirement for stewardship is faithfulness, which Jesus specifi
         SUGGEST: ['Stewardship and Multiplication', 'Accountability in Stewardship'] — The document's central theological emphasis is on faithful stewardship defined a
[  19/634 ] John Bevere — Jesus Threatened to Shut This Church Down – Here’s → ['Doctrine of the Church', 'Church History', 'Interpreting Scripture', 'Character in Leadership']
         SUMMARY: In this teaching transcript, the speaker (John Bevere) emphasizes that Jesus's direct messages to the seven churches in 
         SUGGEST: ['Eschatology', 'Revelation and the End Times'] — The document extensively analyzes the seven churches of Revelation (chapters 2-3
[  20/634 ] John Bevere — Most People NEVER Fulfill Their Calling – I'll Sho → ['Purpose and Calling', 'Discovering Your Destiny', "God's Will and Guidance"]
         SUMMARY: In this document, the speaker teaches that every Christian has both a general calling (to live holy, know Jesus intimate
         SUGGEST: ['Dependence on God', 'Identity in Christ'] — The document heavily emphasizes that our calling is impossible to fulfill in our
[  21/634 ] John Bevere — Redefining Ministry—Answering God’s Call in the Ma → ['Workplace as Ministry', 'Purpose and Calling', 'Discovering Your Destiny']
         SUMMARY: # Summary

In this testimony, Ben (founder of Good Ranchers meat company) argues that God calls people to excellence in 
         SUGGEST: ['Kingdom of God in the Marketplace', 'Spiritual Value of Secular Work'] — The document's central theological theme is that work in secular professions (me
[  22/634 ] John Bevere — The Ancient Wedding That Explains the End Times → ['Second Coming', 'Doctrine of the Church', 'Eschatology', 'Sanctification']
         SUMMARY: In this teaching document, the author uses the ancient Jewish wedding tradition as a framework to explain Jesus's relati
         SUGGEST: ['Bride of Christ', 'Rapture'] — The document extensively discusses wedding imagery as central to understanding J
[  23/634 ] John Bevere — The Invisible Sin That Destroys Intimacy with God → ['Overcoming Sin', 'Biblical Typology and Symbolism', 'Repentance']
         SUMMARY: In this sermon on Revelation 2:12-17, the author teaches that the Church of Pergamum's critical sin was not idolatry or 
         SUGGEST: ['Doctrinal Error and False Teaching', 'Martyrdom and Persecution'] — The document extensively addresses false teachings (Nicolaitanism, Balaam's doct
[  24/634 ] John Bevere — The Most Faithful Church in Revelation → ['Suffering and Sovereignty', 'Perseverance', 'Interpreting Scripture', 'Trusting God in Hardship']
         SUMMARY: # Summary

This document presents a biblical exposition on Jesus's message to the church of Smyrna (Revelation 2:8-11) b
         SUGGEST: ['Martyrdom and Witness', 'Overcoming Persecution'] — The document extensively discusses the church at Smyrna facing severe persecutio
[  25/634 ] John Bevere — This is Blocking Your Connection with God → ['Lordship of Christ', 'Overcoming Sin', 'Healthy Church Culture', 'Character Formation']
         SUMMARY: In this sermon on the church of Thyatira from Revelation, the speaker argues that Jesus evaluates churches and Christian
         SUGGEST: ['Separation from the World', 'Works and Faith'] — The document emphasizes two major theological themes not adequately captured by 
[  26/634 ] John Bevere — Your Spiritual Gifts Are Dormant (Here’s How to Ac → ['Purpose and Calling', 'Recognizing Your Ministry Gift', 'Grace']
         SUMMARY: The speaker, drawing on personal experience and biblical teaching, argues that God's calling on believers' lives transce
         SUGGEST: ['Sanctification', "Denial of Self and Surrender to God's Will"] — The document emphasizes a critical theological theme: believers must surrender t
[  27/634 ] John Bevere — I Avoided Preaching This for 40 YEARS... → ['Eschatology', 'Second Coming', 'Discerning Times and Seasons', 'Spiritual Growth']
         SUMMARY: A pastor with nearly 40 years of preaching experience explains why he avoided teaching about Jesus's Second Coming due t
         SUGGEST: ['Fruit of the Spirit', 'Holiness'] — The document heavily emphasizes how studying end times theology produced spiritu
[  28/634 ] John Bevere — If You Can’t Hear God’s Voice, This is For You → ['Repentance', 'Second Coming', "Hearing God's Voice", 'Interpreting Scripture']
         SUMMARY: # Summary

In this podcast excerpt, the author argues that repentance is essential for hearing God's voice and experienc
         SUGGEST: ['Salvation', 'Grace'] — The document emphasizes God's patient desire for everyone to repent and be saved
[  29/634 ] John Bevere — The Antichrist, Nephilim & the State of the Church → ['End Times', 'Israel in Bible Prophecy', 'Discerning Times and Seasons', 'Interpreting Scripture']
         SUMMARY: # Summary

In this cleaned transcript, the speaker discusses Jesus's warning in Matthew 24 about the end times, emphasiz
         SUGGEST: ['Deception and False Teaching', 'Cultural Decline and Worldview'] — The document heavily emphasizes deception (Greek planaō) as the primary end-time
[  30/634 ] John Bevere — The Bible Warns Us About the TIMING of Jesus’ Retu → ['Discerning Times and Seasons', 'End Times', 'Eschatology', 'Perseverance', 'Signs and Wonders']
         SUMMARY: # Summary

This document presents a biblical teaching on recognizing the season of Jesus's second coming, arguing that w
         SUGGEST: ['Deception and False Prophets', 'Spiritual Vigilance and Watchfulness'] — The document extensively discusses Jesus's warnings about deception (using the G
[  31/634 ] John Bevere — The Biggest Revival in History is About to Happen → ['End Times', 'Eschatology', 'Revival', 'Second Coming']
         SUMMARY: This document is a cleaned transcript of a speaker teaching about biblical end-times prophecy, claiming that God spoke t
         SUGGEST: ['Pentecost', 'Apostasy'] — The document extensively discusses Pentecost as the 'early rain' and the Holy Sp
[  32/634 ] John Bevere — The Final Events Leading Up to The New Heavens and → ['End Times', 'Eschatology', 'Second Coming']
         SUMMARY: In this cleaned transcript of a podcast episode, the speaker discusses biblical prophecy regarding the end times and the
         SUGGEST: ['Biblical Hermeneutics', 'Resurrection'] — The document emphasizes detailed scriptural analysis and root word studies (Gree
[  33/634 ] John Bevere — The Man Who Will Fool The Entire World Is Alive To → ['End Times', 'Eschatology', 'Spiritual Authority', 'Gospel']
         SUMMARY: # Summary

This document presents an eschatological sermon arguing that the antichrist is likely alive today and will br
         SUGGEST: ['Rapture of the Church', 'Antichrist and the Antichrist Spirit'] — The document extensively discusses the rapture/catching away of the church befor
[  34/634 ] John Bevere — The Rapture Won't Happen How You Think → ['End Times', 'Eschatology', 'Second Coming', 'Abiding in Christ', 'Character Formation']
         SUMMARY: This document is a sermon or teaching by an unidentified pastor explaining his pre-tribulation rapture theology and exeg
         SUGGEST: ['Rapture', 'Living Righteously in Light of Eternity'] — The document's primary focus is on the rapture/pretribulation removal of the chu
[  35/634 ] John Bevere — There will be 3 Types of Christians On the day of  → ['Second Coming', 'Eschatology', 'Spiritual Maturity', 'Character Formation']
         SUMMARY: # Summary

In this teaching, the author argues that believers should actively prepare for Christ's second coming rather 
         SUGGEST: ["Readiness and Preparation for Christ's Return", 'Living Holy and Morally in Light of Eternity'] — The document's central emphasis is on the need to actively prepare oneself moral
[  36/634 ] John Bevere — You Need To Prepare For Jesus’ Return → ['Second Coming', 'End Times', "Hearing God's Voice", 'How to Study the Bible']
         SUMMARY: # Summary

This document is a sermon or teaching excerpt on 2 Peter Chapter 3 by an unnamed pastor emphasizing the impor
         SUGGEST: ["Remembering God's Word", 'Drifting from Faith'] — The document emphasizes two critical theological themes not adequately captured 
[  37/634 ] John Bevere — 7 Reasons Why You're Still A Baby Christian → ['Character Formation', 'Spiritual Growth', 'Knowing God', 'Fear of the Lord']
         SUMMARY: # Summary

The speaker teaches that Dallas Willard's principle "Grace delivers us from earning, not from effort" means b
         SUGGEST: ['Spiritual Disciplines', 'Virtue and Moral Excellence'] — The document extensively discusses the seven virtues from 2 Peter 1 (moral excel
[  38/634 ] John Bevere — 98% of Christians Miss This → ['Grace', 'Spiritual Growth', 'Faith']
         SUMMARY: # Summary

This teaching presents a comprehensive view of grace beyond the commonly understood aspects of salvation and 
         SUGGEST: ['Dunamis Power', 'Empowerment and Authority'] — The document's central theological argument is that Grace encompasses God's empo
[  39/634 ] John Bevere — How to Spot a False Teacher in 2024 → ['Testing Prophecy', 'Pitfalls of the Prophetic', 'Character in Leadership', 'Discerning of Spirits']
         SUMMARY: # Summary

This teaching, presented by an unattributed speaker, argues that false prophets and teachers can begin on the
         SUGGEST: ['Heart Motives and Integrity', 'Irrevocable Gifts and Calling'] — The document centers heavily on two theological themes not adequately represente
[  40/634 ] John Bevere — How Your Life CHANGES Future Generations → ['Fear of the Lord', 'Generational Blessing', 'Intimacy with God']
         SUMMARY: This document is a sermon by an unnamed pastor continuing a series on "the God of Abraham, Isaac, and Jacob," which open
         SUGGEST: ['Obedience', 'Renewing the Mind'] — The document heavily emphasizes obedience as the central manifestation and evide
[  41/634 ] John Bevere — I Read This Bible Verse Every Morning → ['Perseverance', 'Spiritual Growth', 'Sanctification', 'Character Formation', 'The Cross', 'Private Prayer Language']
         SUMMARY: The author teaches that believers can avoid falling away from faith by intentionally developing moral virtues—including 
         SUGGEST: ['Moral Excellence and Virtue', 'Remembrance of the Gospel'] — The document emphasizes developing specific moral virtues (excellence, self-cont
[  42/634 ] John Bevere — Jesus’ Most Important End Times Warning → ['Discerning Times and Seasons', 'Pitfalls of the Prophetic', 'Eschatology', 'Testing Prophecy']
         SUMMARY: # Summary

In this podcast excerpt, John B emphasizes Jesus's critical warning in Matthew 24 to "not be deceived" as the
         SUGGEST: ['False Teachers and Deception', 'Occupying Until His Return'] — The document centers heavily on two major theological themes not adequately capt
[  43/634 ] John Bevere — Judgment Is Coming For Those Who Distort Scripture → ['Testing Prophecy', 'Pitfalls of the Prophetic', 'Foundations of Christian Doctrine']
         SUMMARY: # Summary

This document presents a podcast discussion by an unnamed Christian teacher examining false teachers in the N
         SUGGEST: ['Discerning of Spirits', 'False Teachers and Deception'] — The document extensively emphasizes the need to discern and test false teachers/
[  44/634 ] John Bevere — Near Death Experiences Prove This. → ['Eschatology', 'Second Coming', 'Spiritual Maturity', 'Building the Church', 'Kingdom of God']
         SUMMARY: # Summary

In this teaching, the speaker uses biblical evidence (emphasizing the 8x greater scriptural focus on Christ's
         SUGGEST: ['Eternal Perspective', 'Near-Death Experiences and Heaven'] — The document heavily emphasizes living with an eternal mindset versus a temporal
[  45/634 ] John Bevere — Rewards in Heaven Aren’t All the Same. → ['Seeking God', 'Purpose and Calling', 'Spiritual Maturity']
         SUMMARY: In this document, a Christian pastor teaches that believers begin living for eternity the moment they are born again rat
         SUGGEST: ['Rewards in Heaven', 'Eternal Perspective'] — The document's central theme is about living with an eternal perspective and und
[  46/634 ] John Bevere — Satan Is Using Certain Preachers to Brainwash You → ['Pitfalls of the Prophetic', 'Gospel', 'Holiness']
         SUMMARY: In this sermon excerpt, the speaker (appearing to be John) argues that Western churches are being corrupted by false tea
         SUGGEST: ['False Teachers and False Prophets', 'Sexual Ethics and Morality'] — The document extensively addresses false teachers who pervert doctrine (2 Peter 
[  47/634 ] John Bevere — The Benefits of A Digital Fast (No One Regrets Doi → ["Hearing God's Voice", 'Mental Health and Faith', 'Spiritual Disciplines', 'Pastoral Care']
         SUMMARY: A pastor argues that smartphones have become controlling digital appendages that steal our time, kill our joy, and destr
         SUGGEST: ['Digital Wellness and Faith', 'Strongholds in the Mind'] — The document extensively addresses smartphone addiction and its spiritual/mental
[  48/634 ] John Bevere — The Real Reason Christians Are So Disliked → ['Fruit of the Spirit', 'Character in Leadership', 'Moral Failure and Restoration', 'Scripture and Authority']
         SUMMARY: This podcast teaches that true Christianity is identified not by external markers like worship music or Christian appare
         SUGGEST: ['Hypocrisy in the Church', 'Obedience and Transformation'] — The document heavily emphasizes the gap between professed faith and lived behavi
[  49/634 ] John Bevere — The Scariest Question You Can Ask → ['Salvation', 'Foundations of Christian Doctrine', 'Overcoming Sin', 'Repentance']
         SUMMARY: This document, presented as a transcribed podcast or sermon discussion, argues that salvation can be lost if a believer 
         SUGGEST: ['Eternal Security vs Conditional Salvation', 'Degrees of Judgment and Consequences'] — The document extensively discusses whether salvation can be lost, contrasting et
[  50/634 ] John Bevere — The Secret to Breaking Sin's Grip on Your Life → ['Abiding in Christ', 'Freedom in Christ', 'Deliverance Ministry', 'Overcoming Sin']
         SUMMARY: This document presents a biblical teaching on spiritual bondage and freedom, arguing that believers who habitually commi
         SUGGEST: ['Sanctification', 'Strongholds in the Mind'] — The document heavily emphasizes the process of becoming free from sin through kn
[  51/634 ] John Bevere — This 40 Year Old Prophecy Came True → ['Renewing the Mind', 'Spiritual Disciplines', "Hearing God's Voice"]
         SUMMARY: # Summary

In this message, the author argues that smartphones represent an unprecedented technology that is conforming 
         SUGGEST: ['Worldly Influences and Spiritual Resistance', 'Digital Discipleship and Technology'] — The document's central theme is how smartphone technology functions as a tool of
[  52/634 ] John Bevere — This happens when we SPEAK the Word of God → ['Word of God', 'Overcoming Sin', 'Lordship of Christ', 'Breaking Bloodline Curses', 'Grace', 'Renewing the Mind']
         SUMMARY: # Summary

This teaching, delivered by an unnamed speaker, explains that God's Word is eternally established in heaven b
         SUGGEST: ['Authority of Believers', 'Spiritual Authority in Prayer'] — The document emphasizes a crucial theological theme that is not currently captur
[  53/634 ] John Bevere — What Christians Don’t Understand About the 2024 El → ['Discerning Times and Seasons', 'Pastoral Ministry', 'Spiritual Disciplines', 'Leadership Development']
         SUMMARY: This document presents a conversation where the speaker argues that evangelical Christians have a biblical responsibilit
         SUGGEST: ['Civic Engagement and Christian Responsibility', 'Fear and Anxiety Management'] — The document heavily emphasizes Christians' civic duty to vote, engage in local 
[  54/634 ] John Bevere — Your Relationship w/ God Is Boring (and this is wh → ['Deep Intimacy with God', 'Spiritual Growth', "Hearing God's Voice", 'How to Study the Bible']
         SUMMARY: # Summary

In this document, the speaker argues that many Christians treat their conversion as the peak of their spiritu
         SUGGEST: ['Intimacy with God', 'Prayer and Conversation with God'] — While 'Deep Intimacy with God' and 'Hearing God's Voice' are assigned, the docum
[  55/634 ] John Bevere — You've Been Lied To About Heaven. → ['Spiritual Maturity', 'Purpose and Calling', 'Character Formation']
         SUMMARY: In this teaching based on 2 Peter chapter 1, the speaker explains that all Christians—not just sinners or ministry leade
         SUGGEST: ['Judgment Seat of Christ', 'Eternal Rewards'] — The document's central theme is the judgment seat of Christ and how believers' e
[  56/634 ] John Bevere — You've Been Lied to About Hell. → ['End Times', 'Eschatology', 'Fear of the Lord', 'Gospel', 'Integrity in Leadership', 'Lordship of Christ']
         SUMMARY: This document presents a teaching on the reality of hell and the dangers of false doctrine, arguing that Jesus's warning
         SUGGEST: ['Hell and Eternal Judgment', 'False Teachers and Deception'] — The document's central focus is on the reality of hell as an eternal destination
[  57/634 ] Derek Prince — How Conflict Began The Pre-Adamic Period → ['Spiritual Warfare', 'Weapons of Our Warfare', 'Overcoming Sin']
         SUMMARY: The author, drawing on his years of meditation and scriptural study, argues that conflict and spiritual warfare are not 
         SUGGEST: ['Strongholds in the Mind', 'Territorial Spirits'] — The document explicitly discusses attacking spiritual strongholds (2 Corinthians
[  58/634 ] Derek Prince — The Rebellion Of Lucifer → ['Biblical Typology and Symbolism', 'Spiritual Warfare', 'Interpreting Scripture']
         SUMMARY: This document presents an unnamed biblical scholar's teaching on the cosmic conflict between God's righteous government 
         SUGGEST: ['Christology', 'Cosmic Rebellion and Fall of Satan'] — The document extensively discusses the eternal nature of Christ (Jesus as the pe
[  59/634 ] Derek Prince — Results Produced by Lucifer's Rebellion → ['Spiritual Warfare', 'Principalities and Powers', 'Biblical Typology and Symbolism', 'End Times']
         SUMMARY: The author argues that spiritual conflict originates from rebellion against God that began not with humanity but with Lu
         SUGGEST: ['Lucifer and Satan', 'Pre-Adamic Creation and History'] — The document extensively discusses Lucifer's rebellion, his nature as a created 
[  60/634 ] Derek Prince — The Adamic Race - Five Unique Features → ['Biblical Hermeneutics', 'Biblical Typology and Symbolism', 'New Creation', 'Sanctification']
         SUMMARY: This document presents a theological study of the book of Genesis focused on distinguishing between God's original creat
         SUGGEST: ['Restoration and Redemption', 'Spiritual Formation and Transformation'] — The document's central theological argument is that restoration (not merely crea
[  61/634 ] Derek Prince — Adam’s Fall and Its Results → ['Biblical Typology and Symbolism', 'Foundations of Christian Doctrine', 'Scripture and Authority', 'Spiritual Warfare']
         SUMMARY: The author examines Adam's unique creation and role as God's ruler of the world, emphasizing five distinctive aspects in
         SUGGEST: ['Imago Dei and Human Nature', 'The Fall of Man and Original Sin'] — The document extensively addresses two major theological themes that are not ade
[  62/634 ] Derek Prince — Results of Adam’s Fall → ['Foundations of Christian Doctrine', 'Spiritual Warfare', 'Principalities and Powers']
         SUMMARY: This document, excerpted from a theological teaching by an unnamed author, explains the second major consequence of Adam
         SUGGEST: ['Fall of Man and Original Sin', 'Authority and Delegation'] — The document heavily emphasizes two major theological themes not captured by exi
[  63/634 ] Derek Prince — Jesus The Last Adam → ['Biblical Typology and Symbolism', 'Atonement', 'Redemption', 'Spiritual Warfare']
         SUMMARY: # Summary

In this theological study, the author (identified as a biblical scholar presenting sermon or lecture material
         SUGGEST: ['The Cross', 'Justification'] — The document extensively discusses how Jesus's death on the cross solved the pro
[  64/634 ] Derek Prince — The Exchange Made At The Cross → ['Atonement', 'Healing in the Atonement', 'The Cross', 'Redemption']
         SUMMARY: This document presents Derek Prince's teaching on Jesus as "the last Adam" and the doctrine of substitutionary atonement
         SUGGEST: ['Substitutionary Atonement', 'Sin and Rebellion'] — The document's central theological focus is on the substitutionary exchange aspe
[  65/634 ] Derek Prince — Jesus Tasted Death In All Its Phases → ['Atonement', 'Healing in the Atonement', 'Redemption', 'The Cross']
         SUMMARY: This document by an unnamed theological author argues that Jesus Christ functioned as the "Last Adam" and substitute for
         SUGGEST: ['Substitutionary Atonement', 'Sin and Its Consequences'] — The document's central theological focus is a detailed exposition of substitutio
[  66/634 ] Derek Prince — The Cross Canceled Satan’s Claims → ['Atonement', 'Redemption', 'New Creation', 'Overcoming Sin']
         SUMMARY: # Summary

This document presents teachings by an unnamed biblical scholar on the doctrine of "Jesus the Last Adam," arg
         SUGGEST: ['Identification with Christ', 'Old Man and New Man'] — The document's central theological theme is the exchange between the old man (Ad
[  67/634 ] Derek Prince — Jesus The Second Man → ['Biblical Typology and Symbolism', 'Atonement', 'New Creation', 'Interpreting Scripture']
         SUMMARY: This document presents a theological teaching on Jesus as "the Second Man" and head of a new creation, arguing that Jesu
         SUGGEST: ['Christology', 'Redemptive History'] — This document's central theological focus is on the person and work of Christ—sp
[  68/634 ] Derek Prince — God’s Purpose For The New Race → ['New Creation', 'Resurrection', 'Identity in Christ', 'Biblical Typology and Symbolism']
         SUMMARY: This document, authored by an unnamed teacher in a series of biblical studies, argues that God's purpose for the new cre
         SUGGEST: ['The Cross', 'Sanctification'] — The document emphasizes Christ's death, burial, and resurrection as the foundati
[  69/634 ] Derek Prince — Five Ways Christ Undoes Satan’s Work → ['New Creation', 'Redemption', 'Biblical Typology and Symbolism', 'Sanctification', 'Spiritual Maturity']
         SUMMARY: This document presents a theological teaching on how Jesus Christ, as the second Adam and head of a new race, fulfills a
         SUGGEST: ['Imago Dei (Image of God)', 'Adam and the Fall'] — The document's central theological focus is the comparison between Adam (the fir
[  70/634 ] Derek Prince — God’s Program For The Close Of The Age (Part 1) → ['End Times', 'Baptism in the Holy Spirit', 'Eschatology', 'Revival', "God's Will and Guidance"]
         SUMMARY: In this biblical teaching, the author explains that God's purposes for believers in Christ include reversing the consequ
         SUGGEST: ['New Creation', 'Redemption'] — The document extensively discusses God's redemptive purposes for humanity throug
[  71/634 ] Derek Prince — God’s Program For The Close Of The Age (Part 2) → ['Revival', 'Conditions for Revival', 'End Times', 'Spiritual Warfare', 'Church History']
         SUMMARY: Derek Prince argues in this document that God is intervening in the church through the Holy Spirit lifting up Jesus Chri
         SUGGEST: ['Demonic Infiltration and Spiritual Compromise', 'Exaltation of Christ and Lordship'] — The document emphasizes two significant theological themes not adequately captur
[  72/634 ] Derek Prince — Satan’s Program For The Close Of The Age → ['Spiritual Warfare', 'End Times', 'Principalities and Powers', 'Repentance', 'Sanctification']
         SUMMARY: This document, written by an unnamed biblical instructor, presents Satan's program for the end times as the antithesis t
         SUGGEST: ["Satan's Kingdom and Strategy", 'Restraining Force of the Holy Spirit'] — The document's central focus is on Satan's specific program, objectives, and met
[  73/634 ] Derek Prince — Restraining And Casting Down Satan → ['Spiritual Warfare', 'End Times', 'Eschatology', 'Spiritual Authority']
         SUMMARY: This document, presented by an author discussing eschatology and spiritual warfare, argues that believers have two criti
         SUGGEST: ['Restraining Evil', "Satan's Kingdom and Authority"] — The document's central theological focus is on believers' specific responsibilit
[  74/634 ] Derek Prince — Spiritual Weapons - The Blood, the Word, Our Testi → ['Spiritual Warfare', 'Weapons of Our Warfare', 'Atonement', 'Biblical Typology and Symbolism']
         SUMMARY: # Summary

This document by an unnamed Christian teacher argues that believers' personal testimony is the spiritual weap
         SUGGEST: ['The Blood of Christ', 'Testimony and Witness'] — The document centers heavily on two interconnected themes that are not adequatel
[  75/634 ] Derek Prince — God’s Word: The Spirit’s Sword → ['Armor of God', 'Spiritual Warfare', 'Weapons of Our Warfare']
         SUMMARY: In this study of spiritual warfare from Ephesians 6:10-17, the author teaches that all Christians are engaged in direct 
         SUGGEST: ['Overcoming Strongholds', 'Truth and Honesty'] — The document heavily emphasizes two important theological themes not adequately 
[  76/634 ] Derek Prince — The Gospel Of The Kingdom For All Nations → ['Armor of God', 'End Times', 'Word of God', 'Scripture and Authority']
         SUMMARY: This document, authored by an unnamed biblical teacher, argues that the Word of God is the only offensive spiritual weap
         SUGGEST: ['Prophetic Ministry', 'Testing Prophecy'] — The document extensively discusses the prophetic office and the specific require
[  77/634 ] Derek Prince — The Power Of Personal Testimony → ['Weapons of Our Warfare', 'Spiritual Warfare', 'Baptism in the Holy Spirit', 'Gospel', 'Great Commission']
         SUMMARY: In this teaching document, the author explains that personal testimony is a crucial spiritual weapon in Christian warfar
         SUGGEST: ['Witnessing and Testimony', 'Power of Testimony'] — The document's central theme is personal testimony as a spiritual weapon in evan
[  78/634 ] Derek Prince — Triumphant Praise → ['Spiritual Warfare', 'Weapons of Our Warfare', 'Worship', "God's Presence"]
         SUMMARY: Derek Prince teaches that praise is a foundational spiritual weapon available to believers in their conflict against evi
         SUGGEST: ['Praise as Spiritual Weapon', "Access to God's Presence"] — The document extensively develops two important theological themes that are not 
[  79/634 ] Derek Prince — The Real Enemy → ['Spiritual Warfare', 'Principalities and Powers', 'Interpreting Scripture', 'Weapons of Our Warfare']
         SUMMARY: # Summary

Derek Prince, in this expository sermon on Ephesians 6:10-12, teaches that Christians face inevitable spiritu
         SUGGEST: ['Demonic Hierarchy and Authority Structure', "Understanding Satan's Kingdom Organization"] — The document provides detailed theological teaching on the organized structure a
[  80/634 ] Derek Prince — Defensive Armor → ['Spiritual Warfare', 'Principalities and Powers', 'Territorial Spirits', 'Deliverance Ministry']
         SUMMARY: This teaching by Derek Prince on Ephesians 6:10-12 argues that Christians face direct, personal spiritual conflict with 
         SUGGEST: ['Demons and Evil Spirits', 'Satan and the Kingdom of Darkness'] — The document extensively discusses the nature of evil as a personal force (Satan
[  81/634 ] Derek Prince — Weapons Of Attack → ['Spiritual Warfare', 'Power of Prayer', 'Armor of God', 'Fasting and Prayer', 'Weapons of Our Warfare']
         SUMMARY: In this sermon excerpt, the author teaches that Christians engage in spiritual warfare using defensive armor listed in E
         SUGGEST: ['Intercessory Prayer', 'Strongholds in the Mind'] — While 'Power of Prayer' and 'Fasting and Prayer' are already assigned, the docum
[  82/634 ] Derek Prince — Aggressive Prayer → ['Spiritual Warfare', 'Weapons of Our Warfare', 'Power of Prayer', 'Binding and Loosing']
         SUMMARY: In this sermon on spiritual warfare, the author teaches that Christians are engaged in a conflict against spiritual forc
         SUGGEST: ['Strongholds in the Mind', 'Territorial Spirits'] — The document extensively discusses spiritual strongholds (both metaphorically in
[  83/634 ] Derek Prince — Preparation For Praise → ['Tabernacle of Moses', 'Worship', 'Intimacy with God', 'Deep Intimacy with God']
         SUMMARY: In this sermon on "Preparation for Praise," the speaker argues that while Charismatics often believe praise automaticall
         SUGGEST: ["God's Will and Guidance", 'Spiritual Disciplines'] — The document emphasizes two important theological themes not adequately captured
[  84/634 ] Derek Prince — Triune Man At Creation → ['Sanctification', 'Spiritual Maturity', 'Holiness']
         SUMMARY: This document, by an unnamed author and former Cambridge University philosophy professor, presents a foundational study 
         SUGGEST: ['Anthropology and the Nature of Man', 'Divine Revelation and Scripture Authority'] — The document's central focus is on understanding man's inner nature (spirit, sou
[  85/634 ] Derek Prince — Man's Spirit - Before and After Regeneration → ['Biblical Hermeneutics', 'Foundations of Christian Doctrine', 'How to Study the Bible']
         SUMMARY: The author teaches that man is a triune being consisting of spirit, soul, and body—created in the image of a triune God—
         SUGGEST: ['Anthropology and Human Nature', 'Trichotomy of Man (Spirit, Soul, Body)'] — This document is fundamentally about understanding human nature through the bibl
[  86/634 ] Derek Prince — The Nature Of The Regenerated Spirit → ['Foundations of Christian Doctrine', 'New Creation', 'Salvation']
         SUMMARY: This document presents a theological exposition on Bible psychology and regeneration, authored by an evangelical Christi
         SUGGEST: ['Spirit, Soul, and Body', 'Spiritual Death and Regeneration'] — The document's primary focus is on the tripartite nature of man (spirit, soul, b
[  87/634 ] Derek Prince — Relationship between Believer's Spirit and Soul → ['Spirit-Filled Life', 'Renewing the Mind', 'Walking in the Spirit', 'Spiritual Maturity', 'Word of God']
         SUMMARY: In this teaching, the author (whose name is not provided in the text) distinguishes between spirit, soul, and body in be
         SUGGEST: ['Spirit, Soul, and Body', 'Distinguishing Spiritual from Soulish'] — The document's primary focus is on the tripartite nature of man (spirit, soul, b
[  88/634 ] Derek Prince — The Tabernacle: A Pattern Of Spirit, Soul And Body → ['Tabernacle of Moses', 'Biblical Typology and Symbolism', 'New Covenant', 'Temple and Priesthood', 'Deep Intimacy with God']
         SUMMARY: In this sermon on Hebrews 9-10, the author teaches that while the Old Mosaic Covenant restricted direct access to God's 
         SUGGEST: ['Melchizedek Priesthood', "Access to God's Presence"] — The document heavily emphasizes the Melchizedek priesthood as central to underst
[  89/634 ] Derek Prince — God’s Provision For The Believer’s Body → ['Theology of Healing', 'Divine Healing', 'Foundations of Christian Doctrine', 'Redemption']
         SUMMARY: This document, by an unnamed author who is a university professor and professional philosopher, argues that believers mu
         SUGGEST: ['Anthropology and the Nature of Man', 'Stewardship of the Body'] — The document's core theological focus is understanding the human body as created
[  90/634 ] Derek Prince — Only Two Ways To Righteousness → ['Law and Grace', 'Foundations of Christian Doctrine', 'Justification']
         SUMMARY: Derek Prince, a former professional philosopher, argues that understanding the distinction between law and grace is one 
         SUGGEST: ['Sanctification', 'Repentance'] — While the document heavily emphasizes the distinction between law and grace and 
[  91/634 ] Derek Prince — Why The Law? → ['Law and Grace', 'Foundations of Christian Doctrine', 'Interpreting Scripture']
         SUMMARY: In this document, the author presents a comprehensive teaching on the contrast between law and grace as a major New Test
         SUGGEST: ['Justification', 'Sanctification'] — The document deeply explores the theological mechanism of how humans achieve rig
[  92/634 ] Derek Prince — The Righteousness God Requires → ['Law and Grace', 'Justification', 'Foundations of Christian Doctrine']
         SUMMARY: This theological teaching by an unnamed author explains that righteousness can be achieved through only two fundamental 
         SUGGEST: ['Redemption', 'Sanctification'] — The document extensively discusses how Christ fulfilled the Law and terminated i
[  93/634 ] Derek Prince — How Grace Operates → ['Law and Grace', 'Character Formation', 'Sanctification', 'Spiritual Growth']
         SUMMARY: This document by an unidentified Christian theologian argues that God requires righteousness expressed primarily through
         SUGGEST: ['Obedience', 'Love of God'] — The document centers heavily on obedience as the practical means of developing r
[  94/634 ] Derek Prince — Introduction → ['How to Study the Bible', 'Biblical Hermeneutics', 'Interpreting Scripture']
         SUMMARY: In this teaching introduction, the author explains his pedagogical method for studying the New Testament by translating 
[  95/634 ] Derek Prince — Analysis of Hebrews: Chapter 1 → ['How to Study the Bible', 'Interpreting Scripture', 'Biblical Hermeneutics']
         SUMMARY: This document is a lecture by an unnamed instructor presenting an overview of the Book of Hebrews, emphasizing that the 
         SUGGEST: ['Revelation and Scripture', 'Jesus Christ as High Priest'] — The document contains two major theological themes not adequately represented: (
[  96/634 ] Derek Prince — Analysis of Hebrews: Chapter 2 → ['Biblical Hermeneutics', 'Identity in Christ', 'Interpreting Scripture', "Hearing God's Voice"]
         SUMMARY: Derek Prince, in this teaching on Hebrews 2, emphasizes that the epistle's primary message is establishing Jesus's absol
         SUGGEST: ["Neglecting God's Word", 'Warnings and Consequences'] — The document's central focus is on solemn warnings about neglecting or drifting 
[  97/634 ] Derek Prince — Old Testament Picture of High Priest → ['Temple and Priesthood', 'Biblical Typology and Symbolism', 'Interpreting Scripture']
         SUMMARY: # Summary

This document presents a teaching session by an unnamed instructor on the high priesthood of Jesus as describ
         SUGGEST: ['Access to God', 'Old Testament Shadow and Substance'] — The document's central theological focus is on how the Old Testament priestly sy
[  98/634 ] Derek Prince — Analysis of Hebrews: Chapter 3 → ['Biblical Hermeneutics', 'Interpreting Scripture', 'Character Formation', 'Apostolic Authority']
         SUMMARY: This document is a biblical commentary by Derek Kindlinger on Hebrews 3:1-6, arguing that biblical faith fundamentally m
         SUGGEST: ['Spiritual Authority', 'Testing Prophecy'] — The document contains significant discussion of spiritual authority through the 
[  99/634 ] Derek Prince — Analysis of Hebrews: Chapter 4 → ['Fear of the Lord', 'How to Study the Bible', 'Interpreting Scripture']
         SUMMARY: The document is a teaching session by an unnamed biblical instructor examining Hebrews 4:1-13, arguing that believers mu
         SUGGEST: ['Rest in God', 'Unbelief and Doubt'] — The document's central theme is the warning against unbelief and its consequence
[ 100/634 ] Derek Prince — Analysis of Hebrews: Chapter 5 → ['Dependence on God', "God's Will and Guidance", 'Abiding in Christ', 'Faith']
         SUMMARY: The speaker, drawing from Hebrews 4's teaching on entering God's rest through faith rather than personal effort, uses pe
         SUGGEST: ['Trusting God in Hardship', 'Spiritual Maturity'] — The document emphasizes learning to operate in God's supernatural strength rathe
[ 101/634 ] Derek Prince — Analysis of Hebrews: Chapter 6 → ['Foundations of Christian Doctrine', 'Repentance', 'Faith', 'Spiritual Maturity']
         SUMMARY: In this teaching passage on Hebrews 6, the author explains that the fifth "let us" passage calls Christians to "press on
         SUGGEST: ['Sanctification', 'Living by Faith'] — The document extensively discusses sanctification as an ongoing process—the prog
[ 102/634 ] Derek Prince — Analysis of Hebrews: Chapter 6 & 7 → ['Repentance', 'Baptism in the Holy Spirit', 'Sanctification', 'Biblical Hermeneutics']
         SUMMARY: In this sermon on Hebrews 6:4-5, the author explains that people who have experienced supernatural encounters with Chris
         SUGGEST: ['Blasphemy Against the Holy Spirit', 'Apostasy and Falling Away'] — The document extensively discusses the unforgivable sin of blaspheming against t
[ 103/634 ] Derek Prince — Analysis of Hebrews: Chapter 7 Cont → ['New Covenant', 'Temple and Priesthood', 'Biblical Typology and Symbolism', 'Atonement']
         SUMMARY: This document is a teaching commentary on Hebrews chapters 7-10, where the author explains how Jesus as a priest in the 
         SUGGEST: ['Redemption', 'The Cross'] — This document extensively discusses the sacrificial system, blood shedding, and 
[ 104/634 ] Derek Prince — Analysis of Hebrews: Chapter 8 → ['How to Study the Bible', 'Biblical Hermeneutics', 'Interpreting Scripture']
         SUMMARY: This document is an introductory lecture by a biblical scholar who outlines his methodology for teaching the epistle to 
         SUGGEST: ['Original Languages and Translation', 'Textual Analysis and Word Studies'] — The document extensively discusses Greek and Hebrew language analysis, translati
[ 105/634 ] Derek Prince — Analysis of Hebrews: Chapter 8 Cont → ['Tabernacle of Moses', 'Temple and Priesthood', 'Holiness', 'Biblical Typology and Symbolism', 'Teaching Ministry']
         SUMMARY: This document is a sermon excerpt by an unnamed preacher explaining Hebrews chapters 8-9, in which he uses an anecdote a
         SUGGEST: ['Priestly Intercession', 'Supernatural Signs and Wonders'] — The document emphasizes two important themes not currently captured: (1) The pri
[ 106/634 ] Derek Prince — Analysis of Hebrews: Chapter 9 → ['Biblical Typology and Symbolism', 'Tabernacle of Moses', 'Interpreting Scripture', 'Deep Intimacy with God']
         SUMMARY: In this teaching on Hebrews 9:1-5, the author explains the layout and symbolic significance of the Old Testament taberna
         SUGGEST: ['Worship', 'Soul and Spirit'] — The document extensively discusses worship as the essential emotional component 
[ 107/634 ] Derek Prince — Analysis of Hebrews: Chapter 9 Cont → ['How to Study the Bible', 'Atonement', 'New Covenant', 'Biblical Hermeneutics']
         SUMMARY: # Summary

In this teaching on Hebrews 9:11-14, the instructor explains that the author of Hebrews presents five aspects
         SUGGEST: ['Redemption', 'The Cross'] — The document extensively explores the eternal nature of Christ's redemptive work
[ 108/634 ] Derek Prince — Analysis of Hebrews: Chapter 9 & 10 → ['Biblical Typology and Symbolism', 'New Covenant', 'Atonement']
         SUMMARY: This teaching document by an unnamed Bible instructor explains the theological connection between covenants, sacrifices,
         SUGGEST: ['Redemption', 'Substitutionary Atonement'] — The document extensively discusses the principle that covenant requires sacrific
[ 109/634 ] Derek Prince — Analysis of Hebrews: Chapter 10 Cont → ['Deep Intimacy with God', 'Deliverance Ministry', 'Spiritual Authority', 'Atonement']
         SUMMARY: # Summary

In this teaching on Hebrews 10:19-22, the author emphasizes that Christians' greatest need is to have complet
         SUGGEST: ['Confidence in God', 'Demonic Oppression and Deliverance'] — The document emphasizes 'confidence of access to God' and 'confidence in the blo
[ 110/634 ] Derek Prince — Analysis of Hebrews: Chapter 10 & 11 → ['Suffering and Sovereignty', 'Deep Intimacy with God', 'Spiritual Maturity', 'Testing Prophecy']
         SUMMARY: In this teaching on Hebrews 10:32-end, the author emphasizes that spiritual enlightenment inevitably leads to testing an
         SUGGEST: ['Suffering as Sanctification', 'Knowing God'] — The document deeply explores suffering as a pathway to spiritual maturity and de
[ 111/634 ] Derek Prince — Analysis of Hebrews: Chapter 11 Cont → ['Biblical Hermeneutics', 'Interpreting Scripture', 'Faith', 'Word of God']
         SUMMARY: # Summary

This document presents a biblical commentary on Hebrews 11:3 by an unnamed author who argues that faith is th
         SUGGEST: ["Creation and God's Word", 'Spiritual Reality vs Material Reality'] — The document extensively discusses how God's spoken word (rhema) brought the uni
[ 112/634 ] Derek Prince — Analysis of Hebrews: Chapter 11 → ['Biblical Typology and Symbolism', 'Faith', 'How to Study the Bible', 'Interpreting Scripture']
         SUMMARY: This document is an expository teaching session on Hebrews 11:17-19 by an unnamed author examining Abraham's willingness
         SUGGEST: ['Typology of Christ', "Abraham's Faith and Covenant"] — While 'Biblical Typology and Symbolism' is assigned, the document has a signific
[ 113/634 ] Derek Prince — Analysis of Hebrews: Chapter 11 & 12 → ['Biblical Typology and Symbolism', 'Atonement', 'Faith']
         SUMMARY: In this teaching on Hebrews 11:28, the author explains Moses' faith-based participation in the Passover ceremony, emphas
         SUGGEST: ['Confession and Testimony', 'Application of Scripture'] — The document emphasizes confession as a vital spiritual principle ('faith must b
[ 114/634 ] Derek Prince — Analysis of Hebrews: Chapter 12 Cont → ['Perseverance', 'Overcoming Sin', 'Spiritual Warfare', 'Character Formation']
         SUMMARY: Derek Prince, in this teaching on Hebrews 12, argues that the Christian life is a serious spiritual race requiring activ
         SUGGEST: ['Divine Discipline', 'Complacency and Spiritual Decline'] — The document extensively discusses divine discipline (verses 5-6 of Hebrews 12) 
[ 115/634 ] Derek Prince — Analysis of Hebrews: Chapter 12 & 13 → ['Eschatology', 'End Times', 'Interpreting Scripture', 'Biblical Hermeneutics']
         SUMMARY: In this teaching on Hebrews 12:25-27, the instructor explains that the author of Hebrews uses the phrase "yet once more"
         SUGGEST: ['Israel in Bible Prophecy', 'Suffering and Sovereignty'] — The document extensively discusses prophetic fulfillment, the shaking of heaven 
[ 116/634 ] Derek Prince — Analysis of Hebrews: Chapter 13 Cont → ['Interpreting Scripture', 'Spiritual Maturity', 'Character in Leadership', 'Law and Grace']
         SUMMARY: This teaching by Derek Prince on Hebrews 13:7–9 argues that Jesus Christ's unchanging nature should be the stable founda
         SUGGEST: ['Fivefold Ministry', 'Doctrinal Stability and False Teaching'] — The document extensively discusses the Fivefold Ministry (apostles, prophets, ev
[ 117/634 ] Derek Prince — Entrance Into God’s Kingdom → ['Repentance', 'Water Baptism', 'Baptism in the Holy Spirit', 'Salvation']
         SUMMARY: In this sermon on "Entrance into God's Kingdom," the speaker uses Acts 2:37-38 to argue that Peter's three-step answer t
         SUGGEST: ['Faith', 'Gospel'] — The document emphasizes believing in Jesus Christ and the Gospel message as cent
[ 118/634 ] Derek Prince — Healing And Health → ['Divine Healing', "God's Will and Guidance", 'Theology of Healing', 'Faith for Healing']
         SUMMARY: Derek Prince argues in this teaching on "Healing and Health" that God's will to heal is clearly revealed in Scripture th
         SUGGEST: ['Maintaining Health and Wholeness', 'Logic and Reasoning in Theology'] — The document emphasizes two significant theological themes not adequately covere
[ 119/634 ] Derek Prince — How Spiritual Gifts Operate → ['Gifts of the Spirit', 'Manifestations of the Spirit', 'Community and Fellowship']
         SUMMARY: In this sermon on the gifts of the Holy Spirit, the author teaches that the Holy Spirit's manifestations are practical t
         SUGGEST: ['Intercession and Prayer', 'Body Ministry and Mutual Edification'] — The document emphasizes corporate prayer and intercession (the apostles gatherin
[ 120/634 ] Derek Prince — Testimonies of Miraculous Healings → ['Working of Miracles', 'Gifts of Healing', 'Fivefold Ministry', 'Church Governance and Structure', 'Baptism in the Holy Spirit']
         SUMMARY: In this sermon excerpt, the author discusses the working of miracles and the proper ordering of ministries in the church
         SUGGEST: ['Spiritual Gifts', 'Evangelism'] — The document extensively discusses the nature and function of spiritual gifts wi
[ 121/634 ] Derek Prince — Repentance → ['Repentance', 'Gospel', 'Salvation']
         SUMMARY: In this theological sermon, the author emphasizes that repentance is the foundational requirement of Christian faith, de
         SUGGEST: ['Justification', 'Sanctification'] — The document extensively discusses repentance as foundational to salvation and t
[ 122/634 ] Derek Prince — The New Birth → ['Salvation', 'New Creation', 'Foundations of Christian Doctrine']
         SUMMARY: This document, likely from a sermon or Bible study by an unnamed pastor or theologian, teaches that spiritual rebirth ("
         SUGGEST: ['Regeneration', 'Being Born Again'] — The document is fundamentally and extensively about spiritual rebirth/regenerati
[ 123/634 ] Derek Prince — Water Baptism → ['Water Baptism', 'Discipleship', 'Great Commission']
         SUMMARY: In this message on Christian baptism, the author explains that baptism is one of three New Testament ordinances—along wi
         SUGGEST: ['Symbolism and Meaning in Baptism', 'Church Ordinances and Sacraments'] — The document extensively explores the theological significance and symbolism of 
[ 124/634 ] Derek Prince — Healing The Bitter Pool → ['Faith', 'Miracles', 'Spiritual Disciplines']
         SUMMARY: In this sermon excerpt, the speaker uses the biblical account of the Israelites' encounter with bitter water at Marah (E
         SUGGEST: ['Obedience and Faith', 'Worship and Praise'] — The document emphasizes obedience as a critical element in releasing God's mirac
[ 125/634 ] Derek Prince — Explanation Of Greek Word Charisma → ['Gifts of the Spirit', 'Charismatic Theology', 'Biblical Hermeneutics', 'How to Study the Bible']
         SUMMARY: # Summary

An unnamed author introduces a study of the nine gifts of the Holy Spirit listed in 1 Corinthians 12:8–10 (wo
         SUGGEST: ['Understanding Grace', 'Theology of Spiritual Gifts'] — The document extensively explores the theological foundation of spiritual gifts 
[ 126/634 ] Derek Prince — Charisma - Genus and Species → ['Gifts of the Spirit', 'Manifestations of the Spirit', 'Baptism in the Holy Spirit']
         SUMMARY: In this passage, the author explains that the nine gifts of the Holy Spirit listed in 1 Corinthians 12:8-10 are distingu
         SUGGEST: ['Charismatic Theology'] — The document extensively discusses the theological concept of 'charisma' (Greek 
[ 127/634 ] Derek Prince — Gifts of Revelation and A Word of Wisdom → ['Gifts of the Spirit', 'Baptism in the Holy Spirit', 'Manifestations of the Spirit']
         SUMMARY: # Summary

This document, authored by Derek Prince, explains that charisma—meaning "grace made specific, effective, mani
         SUGGEST: ['Speaking in Tongues', 'Spirit-Filled Life'] — The document extensively discusses the baptism in the Holy Spirit with speaking 
[ 128/634 ] Derek Prince — A Word of Knowledge and Discerning of Spirits → ['Gifts of the Spirit', 'Word of Knowledge', 'Word of Wisdom', 'Discerning of Spirits']
         SUMMARY: In this teaching document, the author explains that a word of knowledge is a supernatural gift from the Holy Spirit—a sm
         SUGGEST: ['Jesus as Model and Pattern', 'Supernatural Knowledge and Revelation'] — The document extensively discusses how Jesus demonstrates the gifts of word of k
[ 129/634 ] Derek Prince — Gifts of Power - Faith → ['Gifts of the Spirit', 'Gift of Faith', 'Fruit of the Spirit']
         SUMMARY: # Summary

This document by an unnamed author examines the charismatic gifts described in 1 Corinthians 12, specifically
         SUGGEST: ['Saving Faith', 'Character Formation'] — The document extensively explores the distinction between salvific faith (faith 
[ 130/634 ] Derek Prince — Gifts of Healings and Workings of Miracles → ['Gifts of Healing', 'Working of Miracles', 'Gifts of the Spirit']
         SUMMARY: The author, presenting a systematic study of the nine gifts of the Holy Spirit, distinguishes between the gifts of heali
         SUGGEST: ['Dependence on God', "Discerning God's Will"] — The document emphasizes that healing and miracles operate exclusively under God'
[ 131/634 ] Derek Prince — Vocal Gifts - An Unknown Tongue → ['Gifts of the Spirit', 'Speaking in Tongues', 'Interpretation of Tongues', 'Prophecy', 'Manifestations of the Spirit']
         SUMMARY: This document, authored by an unidentified teacher, introduces the three vocal gifts of the Holy Spirit (tongues, interp
         SUGGEST: ['Word of Knowledge', 'Word of Wisdom', 'Discerning of Spirits', 'Gift of Faith', 'Gifts of Healing', 'Working of Miracles'] — The document provides detailed explanations and definitions of all nine gifts of
[ 132/634 ] Derek Prince — An Unknown Tongue - Occasional, Continual → ['Baptism in the Holy Spirit', 'Gifts of the Spirit', 'Speaking in Tongues', 'Signs and Wonders']
         SUMMARY: Derek Prince explains that speaking in unknown tongues serves three distinct purposes—initial (evidence of Holy Spirit b
         SUGGEST: ['Prophecy', 'Interpretation of Tongues'] — While 'Interpretation of Tongues' and 'Prophecy' appear in the available tag lis
[ 133/634 ] Derek Prince — Kinds Of Tongues And Interpretation Of Tongues → ['Gifts of the Spirit', 'Speaking in Tongues', 'Interpretation of Tongues', 'Prophecy', 'Church Governance and Structure']
         SUMMARY: This document, an excerpt from a study on the Holy Spirit's gifts, explains that the author is focusing on the three "vo
         SUGGEST: ['Testing Prophecy', 'Fivefold Ministry'] — The document extensively discusses the testing and proper use of vocal gifts (to
[ 134/634 ] Derek Prince — The Gift Of Prophecy → ['Gifts of the Spirit', 'Prophecy', 'Speaking in Tongues', 'Interpretation of Tongues']
         SUMMARY: This document by an unnamed biblical teacher explains that prophecy is a supernatural vocal gift of the Holy Spirit that
         SUGGEST: ['Testing Prophecy', 'Church Building and Edification'] — The document extensively discusses how to evaluate and understand prophecy corre
[ 135/634 ] Derek Prince — How To Judge Prophecy → ['Testing Prophecy', 'Gifts of the Spirit', 'Prophecy', 'Church Governance and Structure', 'Fivefold Ministry']
         SUMMARY: This document presents a teaching on the standards for judging prophecy in New Testament churches, authored by an unname
         SUGGEST: ['Pitfalls of the Prophetic', 'Discerning of Spirits'] — The document heavily addresses how prophetic ministry can go astray when not pro
[ 136/634 ] Derek Prince — How To Exercise Spiritual Gifts → ['Gifts of the Spirit', 'Faith', "Hearing God's Voice", 'Spiritual Growth']
         SUMMARY: # Summary

This document, from an unnamed author's epilogue to a series on the supernatural gifts of the Holy Spirit, ar
         SUGGEST: ['Overcoming Unbelief', 'Renewing the Mind'] — The document emphasizes overcoming mental obstacles to faith—specifically cleari
[ 137/634 ] Derek Prince — Immersed In The Spirit → ['Biblical Typology and Symbolism', 'Baptism in the Holy Spirit', 'Prophecy', 'Power Evangelism']
         SUMMARY: This sermon by an unnamed preacher examines 1 Peter 1:9–12 to argue that Old Testament prophets spoke under the Spirit o
         SUGGEST: ['Messianic Prophecy', 'Pentecost'] — The document extensively explores how Old Testament prophets spoke of Christ's s
[ 138/634 ] Derek Prince — Holy Spirit: Before and After Pentecost → ['Baptism in the Holy Spirit', 'Charismatic Theology', 'Gifts of the Spirit', "God's Presence"]
         SUMMARY: The speaker teaches that God endueshis followers with supernatural power through the baptism in the Holy Spirit to serve
         SUGGEST: ['Trinity and the Godhead', 'Holy Spirit in the Old Testament'] — The document extensively explores the nature of God as three-in-one (Father, Son
[ 139/634 ] Derek Prince — The Holy Spirit and the Bride → ["Hearing God's Voice", 'Intimacy with God', 'New Covenant']
         SUMMARY: # Summary

In this sermon, the author explores the role of the Holy Spirit as the church's advocate and comforter, drawi
         SUGGEST: ['Holy Spirit', 'Advocacy and Intercession'] — The document's central theme is the role of the Holy Spirit as Advocate (parakle
[ 140/634 ] Derek Prince — The Holy Spirit Is A Person → ['Baptism in the Holy Spirit', 'Charismatic Theology', 'Foundations of Christian Doctrine', 'Spirit-Filled Life', 'Gifts of the Spirit']
         SUMMARY: # Summary

An unnamed author teaches that after years emphasizing speaking in tongues and receiving the Holy Spirit in t
         SUGGEST: ['Trinity and Nature of God', 'Dependence on God'] — The document contains extensive theological teaching on the Trinity/Godhead as a
[ 141/634 ] Derek Prince — How To Receive The Holy Spirit → ['Foundations of Christian Doctrine', "God's Presence", 'Biblical Typology and Symbolism']
         SUMMARY: This message by an unnamed teacher explains that the Holy Spirit is the most difficult person of the Godhead to understa
         SUGGEST: ['Nature of God', 'Omnipresence and Omniscience'] — The document's central theological focus is exploring the nature of the Holy Spi
[ 142/634 ] Derek Prince — How To Exercise Vocal Gifts → ['Gifts of the Spirit', 'Fivefold Ministry', 'Manifestations of the Spirit', 'Building the Church']
         SUMMARY: Derek Prince teaches that spiritual gifts, which he discusses primarily from 1 Corinthians 12 and 14, are distinct from 
         SUGGEST: ['Spiritual Authority', 'Equipping the Saints'] — While the assigned tags cover gifts and ministry well, the document extensively 
[ 143/634 ] Derek Prince — Seven Basic Conditions For Answered Prayer → ['Power of Prayer', "Hearing God's Voice", 'Faith', 'Intercessory Prayer']
         SUMMARY: This document is the first in a series of systematic lessons by an unnamed author on effective Christian prayer, which e
         SUGGEST: ['Conditions for Answered Prayer', 'Jesus as Mediator and High Priest'] — The document systematically outlines 'seven basic conditions for getting your pr
[ 144/634 ] Derek Prince — Intervening By Prayer In National Affairs → ['Power of Prayer', 'Intercessory Prayer', 'Yielding to the Holy Spirit', "God's Will and Guidance"]
         SUMMARY: This document, authored by a Christian prayer teacher, summarizes seven foundational conditions for effective prayer (pr
         SUGGEST: ['Conditions for Effective Prayer', 'Agreement in Prayer'] — The document extensively discusses specific conditions necessary for answered pr
[ 145/634 ] Derek Prince — Spiritual Weapons For Spiritual Warfare → ['Power of Prayer', 'Intercessory Prayer', "God's Will and Guidance", "Hearing God's Voice", 'Fasting and Prayer']
         SUMMARY: The author presents seven foundational conditions for answered prayer—praying in Jesus's name, approaching God with prai
         SUGGEST: ['Unity in Prayer', 'Praying Scripture'] — The document emphasizes two important themes not currently captured: (1) 'Unity 
[ 146/634 ] Derek Prince — God’s Atomic Weapon - The Blood of Jesus → ['Spiritual Warfare', 'Eschatology', 'Principalities and Powers', 'Intercessory Prayer']
         SUMMARY: The author presents a biblical teaching on spiritual warfare, arguing that Revelation 12's account of Satan's war in hea
         SUGGEST: ['Territorial Spirits', 'Weapons of Our Warfare'] — The document extensively discusses Satan's current headquarters in the heavenlie
[ 147/634 ] Derek Prince — Epilogue: The Glorious Church → ['Building the Church', 'Sanctification', "God's Presence"]
         SUMMARY: # Summary

In this sermon, the author (a former classical Greek scholar and philosophy student) explains that the "glori
         SUGGEST: ['Biblical Hermeneutics', 'Encounter with God'] — The document emphasizes the author's personal hermeneutical journey in interpret
[ 148/634 ] Derek Prince — God Demands Holiness in His People → ['Holiness', 'Biblical Hermeneutics', 'Foundations of Christian Doctrine']
         SUMMARY: # Summary

The author presents the first study in a four-part series on "The Beauty of Holiness," arguing that holiness 
         SUGGEST: ['Knowing God', 'Sanctification'] — The document's central focus is on understanding holiness as God's unique attrib
[ 149/634 ] Derek Prince — God’s Provision for Holiness → ['Holiness', 'Spiritual Growth', 'Sanctification', 'Knowing God']
         SUMMARY: In this theological teaching, the author examines God's provision for holiness as the second study in a series, emphasiz
         SUGGEST: ['Partakers of Divine Nature', 'Progressive Revelation and Acknowledging Christ'] — The document's central theme is God's provision for believers to become 'partake
[ 150/634 ] Derek Prince — How God’s Provision Works in Our Lives → ['Holiness', 'Sanctification', "God's Will and Guidance", 'Foundations of Christian Doctrine']
         SUMMARY: This document is the third in a series of studies on "the beauty of holiness" by an unnamed biblical teacher who explain
         SUGGEST: ['Divine Election and Predestination', 'Role of the Holy Spirit in Sanctification'] — The document extensively explores God's foreknowledge, election, and predestinat
[ 151/634 ] Derek Prince — How You May Sanctify Yourself → ['Sanctification', 'Purpose and Calling', 'Knowing God']
         SUMMARY: In this sermon on "The Beauty of Holiness," the author outlines how sanctification works through God's provision (Christ
         SUGGEST: ["Doing God's Will", "Following Christ's Example"] — The document's central theme extends beyond the assigned tags by emphasizing tha
[ 152/634 ] Derek Prince — Christian Principles Of Finance → ['Biblical Stewardship', 'Tithing and Generosity', 'Financial Wisdom']
         SUMMARY: # Summary

This sermon by an unnamed preacher advocates that Christians have a biblical obligation to tithe (give ten pe
         SUGGEST: ['Lordship of Christ', 'Obedience and Faith'] — The document emphasizes that financial stewardship is inseparable from Christ's 
[ 153/634 ] Derek Prince — The Helmet Of Hope → ['Deliverance Ministry', 'Spiritual Warfare', 'Armor of God']
         SUMMARY: In this spiritual teaching, the author shares his personal experience of recognizing that his recurring fits of depressi
         SUGGEST: ['Renewing the Mind', 'Strongholds in the Mind'] — The document extensively addresses the need to retrain one's thinking patterns a
[ 154/634 ] Derek Prince — Decision, Not Emotion → ['Baptism in the Holy Spirit', 'Spirit-Filled Life', 'Renewing the Mind', 'Inner Healing']
         SUMMARY: Derek Prince teaches that Christians often mistakenly treat faith as an emotional matter rather than a deliberate decisi
         SUGGEST: ['Spirit, Soul, and Body', 'Decision-Making and Obedience'] — The document's primary theological focus is on the tripartite nature of human pe
[ 155/634 ] Derek Prince — The Importance Of Decision → ['Spiritual Authority', 'Character Formation', 'Evangelism', 'Freedom in Christ']
         SUMMARY: In this sermon on the importance of decision-making, the speaker argues that Christians often fail to exercise their God
         SUGGEST: ["Decision-Making and God's Will", 'The Will vs. Emotions'] — The document's central theme is the critical importance of human decision-making
[ 156/634 ] Derek Prince — Use And Abuse Of The Tongue → ['Word of God', 'Power of Prayer', 'Renewing the Mind', 'Spiritual Disciplines', 'Fruit of the Spirit', 'Inner Healing']
         SUMMARY: Derek Prince teaches that speech is humanity's most powerful faculty—a divine gift reflecting God's creative power—and a
         SUGGEST: ['Power of Words', 'Tongue and Speech'] — This document is fundamentally about the power and proper use of human speech—sp
[ 157/634 ] Derek Prince — Let Us Go On To Perfection → ['Foundations of Christian Doctrine', 'Spiritual Maturity', 'Baptism in the Holy Spirit', 'Deep Intimacy with God']
         SUMMARY: In this sermon titled "Let Us Go on unto Perfection," the author teaches that Christians must first establish a solid fo
         SUGGEST: ['Andrew Murray', 'Hebrews (Book of)'] — The document heavily focuses on the Book of Hebrews as the primary biblical text
[ 158/634 ] Derek Prince — The Symbolism Of The Tabernacle → ['Biblical Typology and Symbolism', 'Tabernacle of Moses', 'Spiritual Maturity', 'Foundations of Christian Doctrine']
         SUMMARY: This document presents the second session of a biblical teaching series on "The Way into the Holiest," where the author 
         SUGGEST: ['Sanctification', 'Temple and Priesthood'] — The document explicitly discusses sanctification (making holy) as a central theo
[ 159/634 ] Derek Prince — The Outer Court → ['Tabernacle of Moses', 'Biblical Typology and Symbolism', 'Spiritual Growth', 'Intimacy with God']
         SUMMARY: # Summary

In this teaching sermon, the author (unnamed) examines the biblical pattern of accessing God's presence by us
         SUGGEST: ['Spiritual Maturity', "Access to God's Presence"] — While 'Spiritual Growth' is assigned, the document emphasizes spiritual MATURITY
[ 160/634 ] Derek Prince — The Holy Place → ['Biblical Typology and Symbolism', 'Tabernacle of Moses', 'Sanctification', 'Spiritual Growth', 'New Covenant']
         SUMMARY: In this teaching document, the author presents the tabernacle as a spiritual roadmap for progressive Christian transform
         SUGGEST: ['Holiness', 'Spiritual Maturity'] — While 'Sanctification' is already assigned, the document places significant emph
[ 161/634 ] Derek Prince — The Holy Of Holies → ['Tabernacle of Moses', 'Biblical Typology and Symbolism', 'Spiritual Maturity', 'New Covenant']
         SUMMARY: This document, presenting teachings on spiritual progression, argues that the Old Testament tabernacle structure maps on
         SUGGEST: ['Progressive Sanctification', 'Access to God'] — The document's central theme is the progressive spiritual journey into deeper in
[ 162/634 ] Derek Prince — The Mercy Seat → ['Biblical Typology and Symbolism', 'Tabernacle of Moses', 'Atonement', 'New Covenant', 'Sanctification']
         SUMMARY: In this teaching on the tabernacle's spiritual significance, the author explains that the Old Testament tabernacle is a 
         SUGGEST: ['Temple and Priesthood', 'The Cross'] — While 'Temple and Priesthood' is in the available taxonomy, it is not assigned d
[ 163/634 ] Derek Prince — Four Great Blessings Of The New Covenant → ['Biblical Typology and Symbolism', 'New Covenant', 'Tabernacle of Moses', 'Sanctification', 'Deep Intimacy with God']
         SUMMARY: # Summary

This document, a teaching on the tabernacle's spiritual significance in the New Covenant, argues that the Old
         SUGGEST: ['Spiritual Maturity', 'Worship'] — The document extensively discusses spiritual progression and maturation through 
[ 164/634 ] Derek Prince — Four Chief Requirements Of The True Worshiper → ['Tabernacle of Moses', 'Biblical Typology and Symbolism', 'Worship', 'Deep Intimacy with God']
         SUMMARY: # Summary

In this teaching on tabernacle typology, the author traces the spiritual journey of worship through the taber
         SUGGEST: ['Sanctification', 'Redemption'] — The document repeatedly emphasizes sanctification as a core requirement for true
[ 165/634 ] Derek Prince — Busybodies And Overseers → ['Overcoming Sin', 'Character Formation', 'Spiritual Disciplines']
         SUMMARY: In this sermon on 1 Peter 4:15, the speaker argues that being a busybody—defined from the Greek word "allotrioepiskopos"
         SUGGEST: ['Gossip and Slander', 'Boundaries and Limits'] — The document extensively addresses gossip/talebearing as a serious sin grouped w
[ 166/634 ] Derek Prince — The Pilgrims Laid The Foundation → ['Biblical Stewardship', "God's Will and Guidance", 'Generational Blessing']
         SUMMARY: # Summary

In this sermon, the speaker (whose name is not provided in the document) establishes the biblical principle o
         SUGGEST: ['Sowing and Reaping', "National Destiny and God's Purposes"] — The document's central theological theme is the principle of sowing and reaping 
[ 167/634 ] Derek Prince — Intercession → ['Intercessory Prayer', 'Atonement', 'Character Formation', 'Discipleship']
         SUMMARY: In this sermon on Christian intercession, the author teaches that interceding—standing between God and those deserving j
         SUGGEST: ['Mercy and Compassion', 'Standing in the Gap'] — The document emphasizes mercy as a core element of intercession (the suppliant's
[ 168/634 ] Derek Prince — How To Overcome Rejection And Betrayal → ['Baptism in the Holy Spirit', 'Deep Intimacy with God', 'Encounter with God', 'Fruit of the Spirit']
         SUMMARY: In this sermon on divine love, an unnamed fundamentalist preacher contrasts Shakespeare's unsuccessful attempts to find 
         SUGGEST: ['Love and Compassion', 'Seeking God'] — The document is fundamentally about love as a theological theme - contrasting hu
[ 169/634 ] Derek Prince — From Rejection To Acceptance → ['Overcoming Rejection', 'Inner Healing', 'Emotional Healing', 'Baptism in the Holy Spirit']
         SUMMARY: This document, presented by an unnamed spiritual minister reflecting on ten years of ministry, argues that rejection—def
         SUGGEST: ['Wounds of the Spirit', 'Holy Spirit Ministry and Deep Healing'] — The document emphasizes the spiritual dimension of inner wounding—particularly t
[ 170/634 ] Derek Prince — The Grace Of Yielding → ['Yielding to the Holy Spirit', 'Dying to Self', 'Spiritual Maturity', 'Character Formation']
         SUMMARY: In this sermon on "the grace of yielding," the speaker argues that true Christian spiritual strength is measured not by 
         SUGGEST: ["Bearing One Another's Burdens", 'Self-Denial and Sacrifice'] — The document's central theme emphasizes bearing the weaknesses and infirmities o
[ 171/634 ] Derek Prince — We Are A Kingdom Of Priests → ['Baptism in the Holy Spirit', 'Spiritual Growth', 'Deep Intimacy with God', 'Knowing God']
         SUMMARY: Derek Prince argues that the baptism in the Holy Spirit, which Paul addressed to the Ephesian believers in his epistle, 
         SUGGEST: ['Revelation and Knowledge of God', 'Spiritual Maturity'] — The document emphasizes a crucial theological distinction: that Baptism in the H
[ 172/634 ] Derek Prince — Christ Rules Now As King And Priest → ['Lordship of Christ', 'Temple and Priesthood', 'Biblical Typology and Symbolism', 'New Covenant']
         SUMMARY: This sermon by an unnamed pastor examines Jesus Christ through the lens of Psalm 110 and the order of Melchizedek, argui
         SUGGEST: ['Ascension and Exaltation of Christ', 'Communion and the Eucharist'] — The document extensively discusses Jesus's ascension as 'the forerunner' who has
[ 173/634 ] Derek Prince — Good Government Through Prayer → ['Intercessory Prayer', 'Power of Prayer', "God's Will and Guidance", 'Spiritual Disciplines']
         SUMMARY: In this teaching on "Good Government through Prayer," the author argues that Christians have a primary obligation to pra
         SUGGEST: ['Citizen Engagement and Social Responsibility', 'Prayer for Nations and Leaders'] — The document's central theme is the Christian duty to pray for government and po
[ 174/634 ] Derek Prince — United Fasting For Restoration → ['Fasting and Prayer', "God's Will and Guidance", "Hearing God's Voice", 'Prophetic Intercession']
         SUMMARY: # Summary

The speaker, presenting a message titled "United Fasting for Restoration," argues that collective fasting com
         SUGGEST: ['Spiritual Disciplines', 'Divine Purpose and Initiative'] — The document emphasizes fasting as a spiritual discipline requiring physical and
[ 175/634 ] Derek Prince — Crisis Calls For Fasting → ['Conditions for Revival', 'Fasting and Prayer', 'Leadership Development', 'Prophetic Dreams and Visions']
         SUMMARY: In this document, Derek Prince argues that while God promises to pour out His Spirit upon all flesh in Joel 2:28, fulfil
         SUGGEST: ['Repentance', 'Corporate Prayer and Gathering'] — Repentance is a central and emphatic theme throughout the document—it's presente
[ 176/634 ] Derek Prince — How To Fast Successfully → ['Fasting and Prayer', 'Spiritual Disciplines', 'Discipleship']
         SUMMARY: This document, attributed to an unnamed Bible teacher, provides practical instruction on fasting as a spiritual discipli
         SUGGEST: ['Biblical Typology and Symbolism', 'Church History'] — The document extensively discusses fasting practices across biblical history (Ol
[ 177/634 ] Derek Prince — Endurance → ['Perseverance', 'Character Formation', 'End Times', 'Suffering and Sovereignty']
         SUMMARY: # Summary

This sermon by an unnamed preacher discusses the biblical concept of endurance (Greek: perseverance), arguing
         SUGGEST: ['Testing and Trials', 'Hope and Future Glory'] — The document heavily emphasizes enduring through trials and tribulations (testin
[ 178/634 ] Derek Prince — Seven Steps To Christian Love → ['Baptism in the Holy Spirit', 'Character Formation', 'Fruit of the Spirit']
         SUMMARY: In this sermon on Romans 5, the author explains that Christian love is not merely an emotional gift from the Holy Spirit
         SUGGEST: ['Sanctification', 'Emotional Maturity and Spiritual Growth'] — The document's central theme is the relationship between the baptism/infilling o
[ 179/634 ] Derek Prince — The Eternal Unchanging Word → ['Trusting God in Hardship', 'Faith', 'Spiritual Maturity', 'Inner Healing']
         SUMMARY: # Summary

This document presents an author's spiritual teaching on distinguishing between the temporal and eternal, emp
         SUGGEST: ['Eternal Perspective', "God's Comfort"] — The document has two major theological themes not adequately captured by existin
[ 180/634 ] Derek Prince — To Get the Most Out of Life - Set Your Affections  → ['Dying to Self', 'Identity in Christ', 'Spiritual Maturity']
         SUMMARY: An unnamed Christian speaker over sixty years old argues in this address that believers should make the most of life by 
         SUGGEST: ['Lordship of Christ', 'Sacrifice and Surrender'] — The document's central theological theme is the call to radical commitment and s
[ 181/634 ] Derek Prince — How To Become A New Creation → ['Repentance', 'Renewing the Mind', 'Sanctification', 'Spiritual Growth']
         SUMMARY: In this sermon on Titus 3:3-5, the speaker (a former Cambridge University scholar and missionary) argues that Paul's des
         SUGGEST: ['Transformation Through Grace', 'Bondage to Freedom'] — The document's central theological thrust is the contrast between humanity's fal
[ 182/634 ] Derek Prince — Spiritual Blindness - Cause and Cure → ['Justification', 'Law and Grace', 'Salvation']
         SUMMARY: The speaker, analyzing Romans 10:1-4 and Isaiah 64:6, argues that self-righteousness—attempting to establish one's own r
         SUGGEST: ['Humility', 'Repentance'] — The document's central theme is the danger of self-righteousness and the need fo
[ 183/634 ] Derek Prince — Thankfulness → ['Contentment', 'Spiritual Disciplines', 'Fruit of the Spirit', "God's Will and Guidance", 'Spirit-Filled Life', 'Yielding to the Holy Spirit']
         SUMMARY: This document presents a scriptural teaching on thankfulness by the author (whose name is not provided), arguing that th
         SUGGEST: ['Gratitude and Thanksgiving', 'Joy and Rejoicing'] — The document centers fundamentally on thanksgiving as a scriptural command and s
[ 184/634 ] Derek Prince — The Promises → ['Financial Wisdom', "God's Will and Guidance", 'New Covenant']
         SUMMARY: This document presents Derek Prince's biblical teaching on prosperity and abundance, distinguishing between related but 
         SUGGEST: ['Abundant Life and Blessing', 'Provision and Supply'] — The document extensively explores God's provision, abundance, and prosperity as 
[ 185/634 ] Derek Prince — The Conditions → ['Biblical Stewardship', "God's Will and Guidance", 'Generous Living', 'Faith']
         SUMMARY: Derek Prince teaches that God's abundance—meaning having enough for oneself plus surplus to give to others—is a core bib
         SUGGEST: ['Prosperity Gospel', 'Divine Provision'] — The document's central theme is God's Abundance and divine provision as a core t
[ 186/634 ] Derek Prince — The Purposes → ['Atonement', 'Biblical Stewardship', 'Grace', 'The Cross']
         SUMMARY: # Summary

In this sermon excerpt, the author teaches that abundance is a blessing from God and poverty is a curse that 
         SUGGEST: ['Prosperity and Blessing', 'Divine Exchange'] — The document's primary theological focus is on the divine exchange of Christ's p
[ 187/634 ] Derek Prince — Progressive Commitment → ['Spiritual Growth', 'Faith', 'Discipleship', "God's Will and Guidance", 'Sanctification']
         SUMMARY: Derek Prince teaches that spiritual progress is "Progressive Commitment," illustrated through Abraham's life, arguing th
         SUGGEST: ['Obedience and Submission', 'Progressive Revelation'] — The document's central theme is 'Progressive Commitment' - Derek Prince explicit
[ 188/634 ] Derek Prince — The Right to Judge → ['Binding and Loosing', 'Church Governance and Structure', 'Interpreting Scripture']
         SUMMARY: Derek Prince teaches that the Bible's seemingly contradictory commands about judging—"don't judge" versus "do judge"—are
         SUGGEST: ['Judging and Discernment', 'Church Discipline and Correction'] — The document is fundamentally about the biblical principles of judging—specifica
[ 189/634 ] Derek Prince — Judge Righteous Judgment → ['Spiritual Authority', 'Accountability and Mentorship', 'Character Formation', 'Renewing the Mind', 'Overcoming Sin', 'Integrity in Leadership']
         SUMMARY: In this second message on judging and ruling, the speaker explains that the apparent biblical paradox about whether Chri
         SUGGEST: ['Judging and Discernment', "God's Judgment and Accountability"] — The document's central theme is the biblical principle of judging—clarifying the
[ 190/634 ] Derek Prince — A Prudent Wife Is from the Lord → ['Marriage', "God's Will and Guidance", 'Biblical Typology and Symbolism']
         SUMMARY: Derek Prince argues in this teaching on "A Prudent Wife is from the Lord" that marriage holds far greater spiritual sign
         SUGGEST: ['Covenant', 'Divine Favor'] — The document emphasizes covenant commitment in marriage ('What God hath joined t
[ 191/634 ] Derek Prince — How to Find the Right Mate → ['Dating and Relationships', 'Marriage', "God's Will and Guidance"]
         SUMMARY: The author, an unnamed evangelical preacher, argues that Christians seeking the right mate should abandon modern cultura
         SUGGEST: ['Biblical Typology and Symbolism', 'Renewing the Mind'] — The document heavily emphasizes Adam and Eve as a typological model for modern C
[ 192/634 ] Derek Prince — Praise → ['Worship', 'Spiritual Disciplines', "God's Presence"]
         SUMMARY: In this sermon on praise, the speaker distinguishes between three related but distinct biblical concepts: worship (an at
         SUGGEST: ['Gratitude and Thanksgiving', 'Fear of the Lord'] — The document extensively explores gratitude/thanksgiving as a distinct spiritual
[ 193/634 ] Derek Prince — Times And Seasons → ['Discerning Times and Seasons', 'Yielding to the Holy Spirit', "God's Will and Guidance"]
         SUMMARY: In this sermon on Ecclesiastes 3, the speaker teaches that success in life depends on recognizing that every action has 
         SUGGEST: ["Divine Timing and God's Sovereignty", 'Dependence on the Holy Spirit in Decision-Making'] — While the document is already tagged with 'Yielding to the Holy Spirit' and 'God
[ 194/634 ] Derek Prince — Up Is Down → ['Spiritual Authority', 'Biblical Typology and Symbolism', 'Principalities and Powers', 'Spiritual Warfare', 'Foundations of Christian Doctrine']
         SUMMARY: Derek Prince teaches that spiritual laws are as absolute and universal as physical laws, and demonstrates this through J
         SUGGEST: ['Humility', 'Pride and Rebellion'] — The document's central theological focus is on the spiritual law of humility ver
[ 195/634 ] Derek Prince — Down Is Up → ['Humility', 'Lordship of Christ', 'The Cross']
         SUMMARY: This sermon by an unnamed author argues that a universal spiritual law—stated by Jesus three times in the New Testament—
         SUGGEST: ['Emptying Self', 'Self-Denial'] — The document extensively explores the spiritual principle of self-emptying and s
[ 196/634 ] Derek Prince — Release To God’s Ultimate → ['Dying to Self', 'Overcoming Sin', 'End Times', 'Character Formation', 'Lordship of Christ']
         SUMMARY: In this sermon on 2 Timothy 3, Derek Prince teaches that the root cause of moral degradation in the end times is self-lo
         SUGGEST: ['Self-Love and Self-Denial', 'Moral Degeneration in Society'] — The document's central thesis revolves around self-love as the root cause of mor
[ 197/634 ] Derek Prince — Communion In Its Fullness → ['Biblical Typology and Symbolism', 'New Covenant', 'Temple and Priesthood', 'Atonement']
         SUMMARY: The speaker presents biblical teaching on Communion by tracing its theological roots to Melchizedek's priestly offering 
         SUGGEST: ['Communion and the Eucharist', "Melchizedek and Christ's Priesthood"] — The document's central focus is on the Lord's Supper/Communion and its theologic
[ 198/634 ] Derek Prince — The Fatherhood Of God → ['Fatherhood', 'Knowing God', 'Gospel', 'Encounter with God']
         SUMMARY: The speaker, a Christian pastor and teacher, argues that the revelation of God as Father through Jesus Christ is the cor
         SUGGEST: ['Revelation of God', 'Jesus as Revealer of the Father'] — The document's central theological theme is the revelation of God the Father thr
[ 199/634 ] Derek Prince — Human Fatherhood - Natural → ['Fatherhood', 'Knowing God', 'Family Prayer']
         SUMMARY: Derek Prince argues in this teaching that Jesus came to reveal the Father and bring us into personal experience of God's
         SUGGEST: ['Parenting', 'Spiritual Fathers and Mothers'] — The document extensively discusses human fatherhood as a natural expression of G
[ 200/634 ] Derek Prince — Human Fatherhood - Spiritual → ['Knowing God', 'Fatherhood', 'Spiritual Fathers and Mothers', 'Intercessory Prayer']
         SUMMARY: This document, presented as the third message in a series on "Knowing God as Father," teaches that Jesus is the sole rev
         SUGGEST: ['Spiritual Sonship', 'Christ as Mediator'] — The document heavily emphasizes Jesus Christ as the exclusive revealer and media
[ 201/634 ] Derek Prince — A Call To Corporate Fasting → ['Fasting and Prayer', 'Discipleship', 'Spiritual Disciplines']
         SUMMARY: # Summary

In this document, author Derek Prince argues that fasting—defined as abstaining from food for spiritual purpo
         SUGGEST: ['Spiritual Hunger', 'Seeking God'] — The document emphasizes fasting as essential for encountering God's power, overc
[ 202/634 ] Derek Prince — The Secret Council Of The Godhead → ["Hearing God's Voice", 'Discerning Times and Seasons', 'Fear of the Lord', 'New Covenant', 'Community and Fellowship', 'Yielding to the Holy Spirit']
         SUMMARY: # Summary

Derek Prince argues that believers should corporately enter God's council (collective deliberation of the God
         SUGGEST: ['Apostolic Authority', 'Collective Decision-Making and Church Governance'] — The document's central theme is 'entering into the council of the Lord as a body
[ 203/634 ] Derek Prince — Motivation for Living To Do God’s Will → ["God's Will and Guidance", 'Purpose and Calling', 'Lordship of Christ', 'Suffering and Sovereignty']
         SUMMARY: Derek Prince argues that the primary motivation for meaningful living is obedience to God's will, as exemplified by Jesu
         SUGGEST: ['Commitment and Sacrifice', 'Motivation and Meaning'] — The document's central theme is about what gives life meaning, purpose, and moti
[ 204/634 ] Derek Prince — Three Keys to Successful Leadership → ['Character in Leadership', "Hearing God's Voice", 'Pastoral Ministry', 'Integrity in Leadership']
         SUMMARY: The speaker examines Acts 20:28 and 1 Timothy 4:16 to argue that effective Christian leadership requires leaders to firs
         SUGGEST: ['Self-Care and Personal Wholeness in Ministry', 'Spiritual Formation Through Scripture'] — The document emphasizes two important theological themes not adequately represen
[ 205/634 ] Derek Prince — Four More Keys → ['Character in Leadership', "Hearing God's Voice", 'Pastoral Care', 'Spiritual Disciplines']
         SUMMARY: The author, speaking from personal experience and biblical foundation, argues that Christian leaders must prioritize per
         SUGGEST: ["Discerning God's Will and Guidance", "Testing and Confirming God's Direction"] — The document heavily emphasizes the critical importance of distinguishing God's 
[ 206/634 ] Derek Prince — Limitless Resources For Total Outreach → ['Unity in the Church', 'Israel and the Church', 'Church History', 'Spiritual Growth']
         SUMMARY: # Summary

In this teaching on church restoration, Derek Prince argues that God's central purpose is restoring His peopl
         SUGGEST: ['Ecumenical Dialogue and Christian Unity', 'Sacramental Theology'] — The document heavily emphasizes the speaker's personal journey toward accepting 
[ 207/634 ] Derek Prince — Who Are The Israel Of God? → ['Israel and the Church', 'Interpreting Scripture', 'Biblical Hermeneutics']
         SUMMARY: The author argues that understanding the identity and destiny of Israel and the Church as two distinct peoples is essent
         SUGGEST: ['Covenant Theology', 'Old Testament and New Testament Continuity'] — The document heavily emphasizes the theological relationship between Israel and 
[ 208/634 ] Derek Prince — Jews, Gentiles And The Church → ['Israel and the Church', 'New Covenant', 'Interpreting Scripture', 'Atonement']
         SUMMARY: This document presents a theological teaching on the relationship between Israel and the Church, arguing that while both
         SUGGEST: ['Justification', 'Sanctification'] — The document extensively discusses the foundational theological work accomplishe
[ 209/634 ] Derek Prince — The Prophetic Word Made More Sure → ['Israel and the Church', 'Israel in Bible Prophecy', 'Biblical Hermeneutics', 'Interpreting Scripture']
         SUMMARY: In this seminar session on "Israel and the Church," the speaker argues that Old Testament prophecies about Israel retain
         SUGGEST: ['Literal Fulfillment of Prophecy', 'Authority of Scripture'] — The document emphasizes two important theological concepts not currently represe
[ 210/634 ] Derek Prince — Presbyteries and Apostolic Teams - Part 1 → ['Apostolic Ministry', 'Church Governance and Structure', 'Fivefold Ministry', 'Foundations of Christian Doctrine']
         SUMMARY: # Summary

In this introductory message, the author describes his year-long study of apostles and shepherds in the Churc
         SUGGEST: ['Spiritual Disciplines', 'Scriptural Interpretation'] — The document emphasizes the importance of deep prayer, meditation, and seeking t
[ 211/634 ] Derek Prince — Presbyteries and Apostolic Teams - Part 2 → ['Apostolic Authority', 'Apostolic Ministry', 'Church Governance and Structure', 'Leadership Development', 'Spiritual Authority']
         SUMMARY: # Summary

Derek Prince argues in this teaching on church governance that safeguards against the abuse of authority in p
         SUGGEST: ['Checks and Balances in Leadership', 'Abuse of Authority and Power'] — The document's central theme is safeguards against abuse of authority in church 
[ 212/634 ] Derek Prince — The Chief Shepherd and His Undershepherds - Part 1 → ['Pastoral Ministry', 'Church Governance and Structure', 'Foundations of Christian Doctrine', 'Scripture and Authority']
         SUMMARY: In this seminar introduction on apostles and shepherds, the author distinguishes between biblical absolutes (non-negotia
         SUGGEST: ['Christian Liberty and Conscience', 'Spiritual Authority and Sovereignty'] — The document extensively discusses the distinction between biblical absolutes an
[ 213/634 ] Derek Prince — The Chief Shepherd and His Undershepherds - Part 2 → ['Church Governance and Structure', 'Pastoral Ministry', 'Fivefold Ministry', 'Biblical Hermeneutics']
         SUMMARY: # Summary

In this sermon on "The Chief Shepherd And His Undershepherds—Part 2," the author explains that the New Testam
         SUGGEST: ['Pastoral Care', 'Scriptural Exegesis'] — The document provides detailed exegetical analysis of New Testament passages (Ac
[ 214/634 ] Derek Prince — Christ’s Last Order → ['Great Commission', 'Apostolic Authority', 'Gospel', 'Evangelism']
         SUMMARY: In "Christ's Last Order," the author, drawing on his military background, argues that Christ's Great Commission (found i
         SUGGEST: ['Obedience and Surrender', 'Authority of Christ'] — The document's central theme emphasizes that Christ's orders (the Great Commissi
[ 215/634 ] Derek Prince — Worship And Rest → ['Worship', 'Intimacy with God', 'Humility', 'Fear of the Lord']
         SUMMARY: # Summary

The speaker presents a biblical teaching on worship and rest, distinguishing worship from the related but dis
         SUGGEST: ['Spiritual Disciplines', "Encountering God's Holiness"] — The document heavily emphasizes spiritual practices and disciplines related to w
[ 216/634 ] Derek Prince — Preparing For Messiah’s Coming → ['End Times', 'Second Coming', 'Israel in Bible Prophecy', 'Eschatology']
         SUMMARY: # Summary

This document presents the first of seven sections on preparing for Christ's return, with the author (unnamed
         SUGGEST: ['Literal vs Allegorical Interpretation of Scripture', 'Resurrection and the Rapture'] — The document extensively discusses the importance of interpreting prophetic scri
[ 217/634 ] Derek Prince — The Source Of Strength → ['Knowing God', 'Discerning Times and Seasons', 'Spiritual Maturity']
         SUMMARY: Derek Prince, drawing from his nearly seventy years of Christian ministry and observation of rapid moral decline in West
         SUGGEST: ['Spiritual Authority', 'Worldly Decline and Cultural Decay'] — The document emphasizes spiritual authority as the foundation for resisting evil
[ 218/634 ] Derek Prince — Knowing God → ['Knowing God', 'Discerning of Spirits', 'Word of Knowledge']
         SUMMARY: In this teaching on knowing God, the speaker draws from Proverbs 2 to explain three interconnected aspects of biblical w
         SUGGEST: ['Wisdom', 'Spiritual Discernment and Maturity'] — The document's central focus is on three dimensions of wisdom (understanding, in
[ 219/634 ] Derek Prince — The Ministry Of A Priest → ['New Covenant', "God's Will and Guidance", 'Knowing God', "Hearing God's Voice", 'Purpose and Calling']
         SUMMARY: This document presents a teaching by an unnamed pastor on Exodus 19:4-6 and its New Testament fulfillment in 1 Peter 2:9
         SUGGEST: ['Election and Predestination', 'Covenant Loyalty and Obedience'] — The document extensively explores God's eternal choice and predestination (empha
[ 220/634 ] Derek Prince — A Kingdom of Priests → ['Identity in Christ', 'Lordship of Christ', 'Kingdom of God', 'Temple and Priesthood', 'Spiritual Authority', 'Renewing the Mind']
         SUMMARY: In this teaching based on Exodus 19:5-6, the author argues that redeemed Christians are called to be a "kingdom of pries
         SUGGEST: ['Priestly Ministry and Intercession', 'Authority and Dominion'] — The document's central theological focus is on believers functioning as 'kingdom
[ 221/634 ] Derek Prince — The Prayer Orchestra → ['Power of Prayer', 'Worship', 'Intercessory Prayer']
         SUMMARY: In this sermon, the speaker uses the metaphor of an orchestra to explain different types of prayer, with Ephesians 6:18 
         SUGGEST: ["Access to God's Presence", 'Thanksgiving'] — The document's central teaching focuses on thanksgiving and praise as the founda
[ 222/634 ] Derek Prince — God Wrote Your Scenario → ['Purpose and Calling', 'Identity in Christ', 'Grace']
         SUMMARY: The speaker, drawing on 2 Timothy 1:8-9, argues that every Christian who has committed their life to Jesus Christ has a 
         SUGGEST: ['Spiritual Gifts', 'Sanctification'] — The document emphasizes that calling is intrinsic to salvation ('Being called is
[ 223/634 ] Derek Prince — Healing: The Message And Method Of Jesus → ['Gospel', 'Kingdom of God', 'Healing Ministry', 'Signs and Wonders', 'Divine Healing']
         SUMMARY: Derek Prince argues that the traditional church has truncated the gospel message by focusing only on personal salvation 
         SUGGEST: ['Submission and Obedience', 'Theology of the Kingdom'] — The document's core theological argument centers on two major themes not adequat
[ 224/634 ] Derek Prince — Opposition Of Witchcraft → ['Purpose and Calling', 'Spiritual Warfare', 'Deliverance Ministry', 'Generational Curses', 'Breaking Bloodline Curses', 'Personal Prophecy']
         SUMMARY: Derek Prince presents a four-part series titled "Make Your Calling Sure," arguing that single-mindedness in pursuing God
         SUGGEST: ['Witchcraft and Occult Bondage', 'Breaking Soul Ties and Demonic Influence'] — The document's central theme is witchcraft as a spiritual hindrance to fulfillin
[ 225/634 ] Derek Prince — Continually Led By The Spirit → ['Law and Grace', "Hearing God's Voice", 'Walking in the Spirit', 'Spiritual Maturity']
         SUMMARY: In this biblical teaching, the speaker argues that there are only two paths to righteousness—following the law (represen
         SUGGEST: ['Human Nature and Sin', 'Dependence on God'] — The document's central theological argument emphasizes the inherent sinfulness a
[ 226/634 ] Derek Prince — Corporate Calling Of The Church → ['Purpose and Calling', 'Building the Church', 'Eschatology']
         SUMMARY: In this message, Derek Prince continues his teaching on "Make Your Calling Sure" by shifting focus from individual calli
         SUGGEST: ['Marriage', 'Spiritual Preparation and Readiness'] — The document heavily emphasizes marriage as a theological theme, discussing both
[ 227/634 ] Derek Prince — The Only Basis For Full Salvation → ['The Cross', 'Spiritual Warfare', 'Atonement']
         SUMMARY: The speaker argues that Satan's primary objective is to obscure the cross and Christ's sacrifice, which is the sole basi
         SUGGEST: ['Law and Grace', 'Interpreting Scripture'] — The document emphasizes the cross as the sole basis for God's gifts and contrast
[ 228/634 ] Derek Prince — The Only Basis For Righteousness → ['The Cross', 'Law and Grace', 'Justification']
         SUMMARY: In this sermon, the preacher argues that the cross of Christ abolished the Law as a means of achieving righteousness wit
         SUGGEST: ['Legalism', 'Sanctification'] — The document's central theme is the abolition of the Law as a means of achieving
[ 229/634 ] Derek Prince — The Flesh Under Judgment → ['The Cross', 'Dying to Self', 'Justification', 'Redemption', 'Sanctification', 'Freedom in Christ']
         SUMMARY: In this sermon, the author teaches that the cross of Jesus Christ is the sole basis for all of God's provision, righteou
         SUGGEST: ['Legalism vs Grace', 'The Old Nature vs New Nature'] — The document extensively addresses two major theological themes not adequately c
[ 230/634 ] Derek Prince — The Life-Giver → ['Spiritual Warfare', 'Deliverance Ministry', 'Overcoming Sin', 'Fear of the Lord']
         SUMMARY: # Summary

In this evangelical sermon, the speaker uses John 10:10 to contrast Jesus (the Life-Giver) with Satan (the Li
         SUGGEST: ['Satan and Demonic Forces', 'Eternal Consequences and Hell'] — The document extensively discusses the nature and identity of Satan/the devil as
[ 231/634 ] Derek Prince — Delivered From This Present Evil Age → ['Spiritual Maturity', 'Dying to Self', 'Character Formation', 'Charismatic Theology', 'Overcoming Sin']
         SUMMARY: Derek Prince argues in this sermon that the fundamental weakness of the modern church—despite millions of professed born
         SUGGEST: ['Worldliness and Separation from the World', 'The Cross and Self-Denial'] — The document's central thesis is that the church has lost sight of 'the cross' a
[ 232/634 ] Derek Prince — The World That Satan Rules → ['Spiritual Warfare', 'Principalities and Powers', 'End Times', 'Kingdom of God', 'Overcoming Sin']
         SUMMARY: Derek Prince argues in this sermon transcript that Satan rules the present social world order (cosmos) through internal 
         SUGGEST: ['Worldliness and Separation from the World', "Satan's Deception and Strategies"] — The document extensively discusses Satan's dominion over the present world syste
[ 233/634 ] Derek Prince — The Line Of Separation → ['Spiritual Warfare', 'Identity in Christ', 'Kingdom of God', 'Lordship of Christ']
         SUMMARY: # Summary

In this teaching, the author (identified as a British speaker) argues that Satan controls the world through d
         SUGGEST: ['Worldliness and Separation from the World', 'Christian Witness and Testimony'] — The document's central theme is the contrast between the spirit of the world (de
[ 234/634 ] Derek Prince — The Righteous Requirement Of The Law → ['Law and Grace', 'Grace', 'New Covenant', 'Foundations of Christian Doctrine']
         SUMMARY: Derek Prince teaches that while Christians are freed from the law as a means of achieving righteousness with God through
         SUGGEST: ['Legalism and Antinomianism', 'The Cross and Self-Denial'] — The document's central theme is distinguishing between legalism and antinomianis
[ 235/634 ] Derek Prince — Overcoming the Barriers to Healing → ['Divine Healing', 'Theology of Healing', 'Faith for Healing', 'Conditions for Revival']
         SUMMARY: In this teaching on divine healing, Derek Prince argues that Jesus established specific conditions and timing for healin
         SUGGEST: ['Spiritual Authority', 'Witchcraft and Spiritual Manipulation'] — The document contains two significant theological themes not adequately covered 
[ 236/634 ] Derek Prince — Apostolic Teams → ['Apostolic Ministry', 'Church Governance and Structure', 'Fivefold Ministry', 'Pastoral Ministry']
         SUMMARY: Derek Prince argues that apostolic teams represent the next phase of God's truth for the Church, following the earlier r
         SUGGEST: ['Plural Leadership', 'Eldership'] — The document's central thesis focuses on two crucial concepts not adequately rep
[ 237/634 ] Derek Prince — Requirements For Apostolic Teams → ['Apostolic Ministry', 'Vision and Mission', 'Great Commission', 'Holiness', 'Leadership Development']
         SUMMARY: # Summary

Derek Prince argues in this teaching on apostolic teams that VISION is the primary requirement for effective 
         SUGGEST: ['Eschatology', 'Second Coming'] — The document extensively discusses the Lord's return and end times as core theol
[ 238/634 ] Derek Prince — Learning By Doing → ['Encounter with God', 'Divine Healing', 'Healing in the Atonement', "God's Will and Guidance", 'Apostolic Ministry']
         SUMMARY: The author, a former Cambridge University Professor of Philosophy who became a Christian during World War II, shares his
         SUGGEST: ['Personal Testimony and Spiritual Journey', 'Biblical Meditation and Scripture Intake'] — The document centers on the speaker's personal spiritual journey and transformat
[ 239/634 ] Derek Prince — Your Calling Is Holy → ['Purpose and Calling', 'Discovering Your Destiny', 'Teaching Ministry', 'Spiritual Maturity']
         SUMMARY: In this sermon on "Finding Your Place," Derek Prince teaches that every Christian has a specific calling from God—geogra
         SUGGEST: ['Apostolic Ministry', 'Fivefold Ministry'] — The document emphasizes the speaker's specific calling as a teacher of scripture
[ 240/634 ] Derek Prince — Twenty-Six New Testament Charismata → ['Gifts of the Spirit', 'Purpose and Calling', 'Recognizing Your Ministry Gift', 'Identity in Christ']
         SUMMARY: Derek Prince explains that charismata (spiritual gifts) are tools, not toys, designed by God to equip Christians for the
         SUGGEST: ['Spiritual Maturity', 'Self-Knowledge and Humility'] — The document heavily emphasizes spiritual maturity as a progressive journey of s
[ 241/634 ] Derek Prince — Discipled By God → ['Discipleship', 'Character Formation', 'Leadership Development']
         SUMMARY: In this talk titled "Discipled by God," the speaker defines discipling as training and equipping people for God's servic
         SUGGEST: ['Obedience', 'Spiritual Authority'] — The document heavily emphasizes obedience as a foundational requirement for bein
[ 242/634 ] Derek Prince — Prophetic Perspective On Today’s World → ['End Times', 'Israel in Bible Prophecy', 'Interpreting Scripture', 'Second Coming']
         SUMMARY: In this sermon passage, the author uses 2 Peter 1:16 and Matthew 24 to argue that Christians must not neglect Biblical p
         SUGGEST: ['Signs of the Times', 'Olivet Discourse'] — The document heavily focuses on Jesus's teachings on the Mount of Olives (Matthe
[ 243/634 ] Derek Prince — Removing The High Places → ['Biblical Typology and Symbolism', 'Interpreting Scripture', 'How to Study the Bible']
         SUMMARY: This document is a sermon by an unnamed pastor exploring the biblical concept of "high places" as described in 1 and 2 K
         SUGGEST: ['Renewing the Mind', 'Idolatry and False Worship'] — The document emphasizes the critical importance of engaging the mind in faith (t
[ 244/634 ] Derek Prince — The Judgment Seat Of Christ → ['Eschatology', 'Justification', 'Sanctification', 'Character Formation', 'Moral Failure and Restoration']
         SUMMARY: This document is a sermon by an unnamed pastor teaching on the judgment seat of Christ (the "bema"), explaining that all
         SUGGEST: ['Accountability Before God', 'Rewards and Eternal Consequences'] — The document's central theme is the judgment seat of Christ (bema), emphasizing 
[ 245/634 ] Derek Prince — A Man Prepares For Marriage → ['Renewing the Mind', "God's Will and Guidance", 'Sanctification']
         SUMMARY: In this teaching on Romans 12:1–2, the author (a former philosophy professor and logic specialist) argues that these ver
         SUGGEST: ['Practical Christian Living', 'Surrender and Submission to God'] — The document emphasizes the foundational practice of surrendering one's body and
[ 246/634 ] Derek Prince — How To Be A Father → ['Fatherhood', 'Spiritual Sonship', 'Identity in Christ', 'Knowing God']
         SUMMARY: Derek Prince teaches in this sermon on fatherhood that the Greek word "patria" (family) is derived from "pater" (father)
         SUGGEST: ['Revelation of God', 'Representation of God'] — The document extensively develops two crucial theological themes not represented
[ 247/634 ] Derek Prince — Divorce, Remarriage, Celibacy → ['Marriage', 'Law and Grace', 'Interpreting Scripture']
         SUMMARY: This document presents an unnamed author's scriptural analysis of divorce and remarriage in Christianity, arguing that w
         SUGGEST: ['Divorce and Remarriage', 'Sexual Integrity'] — The document's primary focus is a detailed theological examination of divorce an
[ 248/634 ] Derek Prince — A Personal Revelation → ['The Cross', 'Atonement', 'Theology of Healing']
         SUMMARY: Derek Prince, a Christian teacher, argues that Jesus's death on the cross represents the complete and final sacrifice th
         SUGGEST: ['Redemption', "Appropriating God's Provision"] — The document emphasizes redemption through Christ's sacrifice as the foundationa
[ 249/634 ] Derek Prince — The Exchange Introduced → ['Atonement', 'Gospel', 'Salvation']
         SUMMARY: In this teaching session on Isaiah 53:4-6, the author explains that these strategically placed verses represent the hear
         SUGGEST: ['Repentance', 'Substitutionary Atonement'] — The document centers on Isaiah 53:4-6, which is fundamentally about substitution
[ 250/634 ] Derek Prince — The Exchange Personalized - Part 1 → ['Atonement', 'The Cross', 'Grace']
         SUMMARY: In this teaching on the atonement, the author explains that Jesus's death on the cross constituted a divinely ordained e
         SUGGEST: ['Substitutionary Atonement', 'Curse and Blessing'] — The document centers on the doctrine of substitutionary atonement—the exchange p
[ 251/634 ] Derek Prince — The Exchange Personalized - Part 2 → ['The Cross', 'Atonement', 'Redemption', 'Inner Healing', 'Emotional Healing', 'Deliverance Ministry']
         SUMMARY: Derek Prince teaches in this tape that the cross represents a divinely ordained exchange where all evil due to mankind's
         SUGGEST: ['Shame and Honor', 'Substitutionary Atonement'] — The document emphasizes a critical theological concept: the substitutionary natu
[ 252/634 ] Derek Prince — Salvation Is All-Inclusive → ['Dying to Self', 'New Creation', 'Sanctification', 'Water Baptism', 'Interpreting Scripture']
         SUMMARY: In this teaching excerpt, the author explains Paul's doctrine of the "old man" versus the "new man" from Romans 6, argui
         SUGGEST: ['The Cross', 'Reckoning and Faith'] — The document heavily emphasizes Christ's crucifixion as the historical foundatio
[ 253/634 ] Derek Prince — How To Enter In → ['Salvation', 'Repentance', 'Baptism in the Holy Spirit', 'Gospel']
         SUMMARY: # Summary

Derek Prince teaches that entering into God's full salvation requires two non-negotiable steps: repentance (l
         SUGGEST: ['Submission and Surrender to God', 'Obedience and the Will of God'] — The document's central theological focus is on the necessity of repentance as la
[ 254/634 ] Derek Prince — Righteousness Or Wrath → ['The Cross', 'Atonement', 'How to Study the Bible', 'Spiritual Disciplines']
         SUMMARY: In this teaching on the cross, the speaker presents ten aspects of Christ's divine exchange (such as "He was punished th
         SUGGEST: ['Substitutionary Atonement', 'Meditation on Scripture'] — The document's central focus is the ten aspects of Christ's substitutionary exch
[ 255/634 ] Derek Prince — What The Cross Did To Satan → ['The Cross', 'Spiritual Warfare', 'Deliverance Ministry', 'Kingdom of God']
         SUMMARY: Derek Prince teaches that the cross represents a crucial confrontation between two spiritual kingdoms—light and darkness
         SUGGEST: ['Demonic Possession and Deliverance', 'Authority of Jesus Christ'] — The document extensively discusses Jesus's authority over demons and Satan's def
[ 256/634 ] Derek Prince — Satan Defeated And Disarmed → ['The Cross', 'Atonement', 'Redemption', 'Spiritual Warfare', 'Justification', 'Law and Grace']
         SUMMARY: Derek Prince, in this teaching on Colossians 2:13-15, argues that Jesus's death on the cross provides believers with a d
         SUGGEST: ['Victory in Christ', 'Confession and Assurance'] — The document's central theological themes are (1) Christ's victory over Satan an
[ 257/634 ] Derek Prince — Witchcraft Obscures The Cross → ['Atonement', 'Spiritual Warfare', 'The Cross', 'Redemption']
         SUMMARY: Derek Prince, in this teaching on "Witchcraft Obscures the Cross," argues that Satan's primary strategy after his defeat
         SUGGEST: ['Occult and Witchcraft', 'Deception and Truth'] — The document's title 'Witchcraft Obscures the Cross' and central theme about Sat
[ 258/634 ] Derek Prince — Deliverance From The Present Evil Age → ['Spiritual Warfare', 'Deliverance Ministry', 'Pitfalls of the Prophetic', 'Integrity in Leadership', 'Sanctification']
         SUMMARY: Derek Prince teaches that witchcraft operates in the modern church when believers lose their vision of the cross and res
         SUGGEST: ['Surrender and Yielding to God', 'Misuse of Spiritual Gifts'] — The document's central theological theme is the necessity of surrendering person
[ 259/634 ] Derek Prince — Deliverance From The Law → ['End Times', 'Renewing the Mind', 'Spiritual Warfare', 'Freedom in Christ']
         SUMMARY: In this document, the author teaches that Galatians reveals a fivefold deliverance, with the first being deliverance fro
         SUGGEST: ['Worldliness and Separation from the World', "Satan's Kingdom and Worldly Systems"] — The document heavily emphasizes the contrast between the kingdom of God and 'thi
[ 260/634 ] Derek Prince — Deliverance From Self-Centeredness - Part 1 → ['The Cross', 'Sanctification', 'Spiritual Warfare', 'Kingdom of God', 'Dying to Self', 'Law and Grace']
         SUMMARY: Derek Prince teaches that God's core provision through Christ's cross includes deliverance from the present evil age and
         SUGGEST: ['Carnality', 'Witchcraft and Deception'] — The document makes 'carnality' and 'witchcraft' central theological concepts tha
[ 261/634 ] Derek Prince — Deliverance From Self-Centeredness - Part 2 → ['Dying to Self', 'Apostolic Ministry', 'Character in Leadership', 'Integrity in Leadership']
         SUMMARY: # Summary

In this sermon excerpt, the author teaches that deliverance from self-centeredness requires believers to surr
         SUGGEST: ['Surrendering Personal Ambition', 'Releasing Your Potential'] — The document's central theological theme is the surrender of personal ministry a
[ 262/634 ] Derek Prince — Deliverance From The Fleshly Nature → ['The Cross', 'Dying to Self', 'Overcoming Sin', 'Spiritual Warfare', 'Deliverance Ministry']
         SUMMARY: In this document, Derek Prince teaches that Christians must apply the cross to their fleshly nature—including not just o
         SUGGEST: ['Mental Health and Faith', 'Emotional Healing'] — The document extensively addresses depression, moods, fear, and emotional strugg
[ 263/634 ] Derek Prince — Deliverance From the World - Part 1 → ['The Cross', 'Spiritual Warfare', 'Freedom in Christ']
         SUMMARY: # Summary

In this teaching on deliverance from the world, the author (not named in the document) explains that through 
         SUGGEST: ['Worldliness and Separation from the World', "Satan's Deception and the Kosmos"] — The document's central theological focus is on deliverance from 'the world' (kos
[ 264/634 ] Derek Prince — Deliverance From the World - Part 2 → ['Spiritual Warfare', 'Spirit-Filled Life', 'Discerning of Spirits', 'Freedom in Christ']
         SUMMARY: In this sermon on "Deliverance from the World (2)," the author teaches that Christians must understand the fundamental s
         SUGGEST: ['Worldliness and Separation from the World', 'Discerning the Spirit of Truth vs Spirit of Error'] — The document's central focus is distinguishing between the Spirit of God and the
[ 265/634 ] Derek Prince — The Challenge Of The Cross → ['The Cross', 'Discipleship', 'Dying to Self', 'Lordship of Christ']
         SUMMARY: In "The Challenge of the Cross," Derek Prince teaches that responding to the gospel requires three essential phases: den
         SUGGEST: ['Surrender and Submission to God', 'Cost of Discipleship'] — The document's core theological focus is on the specific demands Jesus places on
[ 266/634 ] Derek Prince — The Nature of the Covenant → ['Atonement', 'Biblical Hermeneutics', 'The Cross', 'Biblical Typology and Symbolism']
         SUMMARY: Derek Prince teaches that covenant is one of the Bible's most important but misunderstood themes, emphasizing through hi
         SUGGEST: ['Covenant and Blood Sacrifice', 'Redemption Through Blood'] — The document's central theme is the nature of covenant and its inseparable conne
[ 267/634 ] Derek Prince — The Covenant Of Jesus → ['New Covenant', 'Biblical Typology and Symbolism', 'Redemption']
         SUMMARY: In this teaching on biblical covenants, the author explains that permanent relationships between God and people require 
         SUGGEST: ['Covenant and Promise', "God's Faithfulness and Fulfillment"] — The document centers heavily on covenant theology—comparing the Abrahamic covena
[ 268/634 ] Derek Prince — The Covenant Of Marriage → ['Marriage', 'New Covenant', 'Forgiveness and Reconciliation', 'Pastoral Care']
         SUMMARY: Derek Prince teaches that marriage is fundamentally a covenant relationship based on sacrifice, and the primary reason C
         SUGGEST: ['Covenant Marriage', 'Divorce and Remarriage'] — The document's central focus is explicitly on marriage as a covenant relationshi
[ 269/634 ] Derek Prince — The Cost Of Redemption → ['The Cross', 'Redemption', 'Deep Intimacy with God']
         SUMMARY: In this sermon excerpt titled "The Cost of Redemption," the author uses the parables of the hidden treasure and the pear
         SUGGEST: ["God's Love", 'Self-Worth and Identity'] — The document's central theme is God's love demonstrated through the price paid f
[ 270/634 ] Derek Prince — How To Appropriate The Blood → ['Atonement', 'Biblical Typology and Symbolism', 'The Cross', 'Redemption']
         SUMMARY: This document, drawn from Derek Prince's teaching on the atonement, explains how Jesus's blood was progressively shed in
         SUGGEST: ['Substitutionary Atonement', 'Suffering and Sovereignty'] — The document heavily emphasizes Jesus as a substitute who bore suffering on beha
[ 271/634 ] Derek Prince — The Sevenfold Power Of The Blood → ['Atonement', 'Biblical Typology and Symbolism', 'Redemption', 'Sanctification', 'The Cross']
         SUMMARY: In this teaching on Revelation 12:11, the author explains that believers overcome Satan by testifying to what God's Word
         SUGGEST: ['Confession and Testimony', 'The Power of Words'] — The document emphasizes the critical role of personal testimony and spoken decla
[ 272/634 ] Derek Prince — Total Security → ['Identity in Christ', 'Suffering and Sovereignty', 'Eschatology', 'Deep Intimacy with God']
         SUMMARY: # Summary

In this sermon titled "You Can Have Total Security," the speaker argues that true security for Christians dep
         SUGGEST: ['Eternal Perspective and Temporal Focus', 'Security in Christ'] — The document's central theme is achieving 'total security' through proper relati
[ 273/634 ] Derek Prince — Servanthood → ['Servant Leadership', 'Character Formation', 'Spiritual Maturity']
         SUMMARY: In this teaching on servanthood, the author argues that Christians have distorted the biblical meaning of words like "mi
         SUGGEST: ['Trinity and the Godhead', 'Submission'] — The document contains substantial theological content on two important themes no
[ 274/634 ] Derek Prince — Approved In Christ → ['Overcoming Rejection', 'Identity in Christ', 'Spiritual Authority', 'Freedom in Christ', 'Knowing God']
         SUMMARY: This document presents Derek Prince's teaching on the desire for human approval as a core human need that must be proper
         SUGGEST: ['People-Pleasing and Approval-Seeking', 'Manipulation and Control in Relationships'] — The document's central theme is the desire for approval and how it can be manipu
[ 275/634 ] Derek Prince — The Defeat Of Satan → ['The Cross', 'Redemption', 'Spiritual Warfare', 'Atonement', 'Kingdom of God']
         SUMMARY: In this sermon about "The Defeat of Satan," the author teaches that through Jesus's single sacrifice on the cross, Satan
         SUGGEST: ["Satan's Defeat", 'Evil Powers and Authority'] — The document's central theme is the total, permanent, irreversible defeat of Sat
[ 276/634 ] Derek Prince — Enforcing Christ’s Victory → ['The Cross', 'Atonement', 'Redemption', 'Spiritual Warfare', 'Freedom in Christ', 'Justification']
         SUMMARY: Derek Prince argues that the cross of Jesus Christ is the exclusive foundation for God's total provision for human needs
         SUGGEST: ['Sanctification', "Satan's Defeat"] — The document extensively discusses sanctification as the believer's destination 
[ 277/634 ] Derek Prince — Witchcraft Unveiled → ['Spiritual Warfare', 'Discerning of Spirits', 'The Cross', 'Redemption']
         SUMMARY: Derek Prince, a prominent Bible teacher, argues in this message titled "Witchcraft Unveiled" that Satan's primary strate
         SUGGEST: ['The Evil Eye and Witchcraft', 'Deception and False Teaching in the Church'] — The document's primary focus is on witchcraft as a spiritual force operating wit
[ 278/634 ] Derek Prince — The Cross Nullifies Witchcraft - Part 2 → ['The Cross', 'Spiritual Warfare', 'Principalities and Powers']
         SUMMARY: Derek Prince argues in this message that the cross of Jesus Christ is the sole foundation for God's blessing and that Sa
         SUGGEST: ['Deliverance Ministry', 'Rebellion and Authority'] — The document extensively discusses deliverance from witchcraft and rebellious sp
[ 279/634 ] Derek Prince — Holiness the Jesus Way → ['Holiness', 'Sanctification', 'Justification', 'Conditions for Revival']
         SUMMARY: # Summary

In this sermon, the speaker emphasizes that believers should pursue revival and explains two theological conc
         SUGGEST: ['Worship', 'Fear of the Lord'] — The document extensively explores worship as the response to God's holiness and 
[ 280/634 ] Derek Prince — Come, Creator Spirit → ['Baptism in the Holy Spirit', 'Spiritual Growth', "God's Presence", 'Encounter with God']
         SUMMARY: In this conference address, the speaker uses the Latin prayer "Veni Creator Spiritus" (Come, Creator Spirit) to explore 
         SUGGEST: ['Holy Spirit as Creator', 'Word of God and Creation'] — The document's central theme is the Holy Spirit's creative work—specifically how
[ 281/634 ] Derek Prince — If You Want To Hear From God → ["Hearing God's Voice", 'Waiting on God', 'Intercessory Prayer', 'Spiritual Warfare', 'Seeking God']
         SUMMARY: Derek Prince shares that during a six-month sabbatical in Hawaii, he and his wife learned crucial lessons about hearing 
         SUGGEST: ['Seasons of Wilderness', 'Trusting God in Hardship'] — The document emphasizes Derek Prince's difficult six-month sabbatical period in 
[ 282/634 ] Derek Prince — The Regathering Of Israel → ['Israel in Bible Prophecy', 'End Times', 'Eschatology']
         SUMMARY: This document is a sermon by a British Christian speaker (not Jewish) who witnessed Israel's independence in 1948 and ar
         SUGGEST: ['Biblical Typology and Symbolism', "God's Sovereignty"] — The document extensively uses typological interpretation (Isaiah 66:8 as prophec
[ 283/634 ] Derek Prince — Taking Time To Wait On God → ['Waiting on God', 'Seasons of Wilderness', 'Suffering and Sovereignty', 'Character Formation', 'Lordship of Christ']
         SUMMARY: In this testimony, Derek Prince argues that genuine Christian maturity requires submission to God's chastening and remov
         SUGGEST: ['Divine Discipline and Correction', 'Intimacy with God'] — The document emphasizes God's chastening as a sign of sonship (Hebrews 12 theolo
[ 284/634 ] Derek Prince — The Love Of God → ['Encounter with God', 'How to Study the Bible', 'Knowing God', 'Word of God']
         SUMMARY: Derek Prince argues that understanding biblical truth requires supernatural revelation through the Holy Spirit rather th
         SUGGEST: ['Revelation and Holy Spirit', 'Spiritual Transformation and Conversion'] — The document centers on two crucial theological themes not adequately covered by
[ 285/634 ] Derek Prince — The Six Foundation Stones → ['Foundations of Christian Doctrine', 'The Cross', 'Word of God', 'Spiritual Maturity']
         SUMMARY: # Summary

This document presents a teaching by an unnamed author (likely a Christian minister) on the foundational doct
         SUGGEST: ['Proclamation and Declaration', 'Cross-Centered Ministry'] — The document emphasizes two genuinely important theological themes not adequatel
[ 286/634 ] Derek Prince — The Sin Of Independence → ['Trusting God in Hardship', 'Suffering and Sovereignty', 'Knowing God', 'How to Study the Bible']
         SUMMARY: In this opening sermon to a series on faith and understanding, the speaker emphasizes that Christians cannot fully compr
         SUGGEST: ['Human Nature and Sin', 'Authority and Obedience'] — The document's core theological focus is on understanding human nature through t
[ 287/634 ] Derek Prince — Job And His Accusing Friends → ['Suffering and Sovereignty', 'How to Study the Bible', 'Biblical Hermeneutics']
         SUMMARY: In this sermon on the Book of Job, the author explains that he came to understand the book's meaning by examining God's 
         SUGGEST: ['Theodicy', 'Satan and Demonic Opposition'] — The document centers on understanding the book of Job and grapples with two majo
[ 288/634 ] Derek Prince — God Challenges Job → ['Character in Leadership', 'Biblical Stewardship', 'Fivefold Ministry']
         SUMMARY: # Summary

This tape transcription presents a biblical study on Job 31 as a character model for church elders, detailing
         SUGGEST: ['Integrity in Leadership', 'Purpose and Calling'] — The document extensively discusses Job 31 as a model for elder qualifications, e
[ 289/634 ] Derek Prince — That I May Know Him → ['Deep Intimacy with God', 'Spiritual Maturity', 'Knowing God', 'Spirit-Filled Life', 'Revival', 'Welsh Revival']
         SUMMARY: In this sermon on Philippians 3:7-14, the speaker (likely Derek Prince based on the teaching style) argues that true Chr
         SUGGEST: ['Apostolic Ministry', 'Conditions for Revival'] — The document emphasizes apostolic patterns and practices (apostles preaching in 
[ 290/634 ] Derek Prince — That I May Attain To The Resurrection of the Dead → ['Knowing God', 'Spiritual Maturity', 'Character Formation', 'Discipleship']
         SUMMARY: In this sermon on Philippians 3:7-14, the speaker argues that spiritual maturity is marked by Paul's pursuit to "know Hi
         SUGGEST: ['Resurrection', 'Sincere Faith and Love'] — The document's central theme is Paul's aspiration 'that I may attain to the resu
[ 291/634 ] Derek Prince — The Last Four Of Revelation’s Seven Churches → ['Pastoral Ministry', 'Integrity in Leadership', 'Repentance', 'Israel in Bible Prophecy']
         SUMMARY: The speaker, a former philosopher turned preacher, discusses the messages of Jesus to the seven churches in Revelation, 
         SUGGEST: ['Eschatology', 'Biblical Typology and Symbolism'] — The document extensively discusses the seven churches of Revelation (chapters 2-
[ 292/634 ] Derek Prince — Who Can Endure The Day Of His Coming? → ['Second Coming', 'Holiness', 'Repentance', 'Sanctification']
         SUMMARY: In this sermon, the author argues that the doctrine of Christ's second coming is an indispensable and foundational truth
         SUGGEST: ['Judgment and Accountability', 'Moral Purity and Confession'] — The document extensively emphasizes the future judgment before Christ at His com
[ 293/634 ] Derek Prince — A Teacher In The Body Of Christ → ['Teaching Ministry', 'Foundations of Christian Doctrine', 'Interpreting Scripture', 'Character Formation']
         SUMMARY: In this teaching tape (I-4378), Derek Prince recounts his 1944 calling by God to be a teacher of scriptures and describe
         SUGGEST: ['Demonic Deception and False Doctrine', 'Apostolic Doctrine'] — The document heavily emphasizes the critical importance of maintaining apostolic
[ 294/634 ] Derek Prince — God’s Three End Time Purposes → ['End Times', "God's Will and Guidance", 'Kingdom of God', 'Power of Prayer', 'Spiritual Warfare']
         SUMMARY: In this document, a Christian speaker (whose name is not provided) argues that God's primary end-time purpose for the pr
         SUGGEST: ['Declaration and Proclamation', 'Deliverance from Death'] — The document emphasizes two important themes not adequately captured by existing
[ 295/634 ] Derek Prince — Into the Harvest → ['Great Commission', 'Baptism in the Holy Spirit', 'Charismatic Theology', 'Purpose and Calling', 'Evangelism', 'Eschatology']
         SUMMARY: In this sermon on the tape labeled I-4380, the speaker uses the agricultural metaphor of harvest to argue that the ultim
         SUGGEST: ['Suffering and Sacrifice for the Gospel', "Self-Denial and Surrender to God's Purpose"] — The document emphasizes two significant theological themes that are underreprese
[ 296/634 ] Derek Prince — Sons of Zion vs Sons of Greece → ['Israel and the Church', 'Spiritual Authority', 'Divine Healing']
         SUMMARY: Derek Prince argues that the proclamation of Scripture—rather than mere explanation or preaching—is God's most powerful 
         SUGGEST: ['Scripture Memory and Proclamation', 'Covenant and Promise'] — The document's central emphasis on the power of proclaiming Scripture (not merel
[ 297/634 ] Derek Prince — The Christian Factor In Anti-Semitism → ['Church History', 'Israel and the Church', 'Foundations of Christian Doctrine']
         SUMMARY: The unnamed speaker draws from Isaiah 66:2 and Edward H. Flannery's book "The Anguish of the Jews" to argue that the Chr
         SUGGEST: ['Anti-Semitism and Christian History', 'Replacement Theology'] — The document's central focus is on the Christian church's historical role in pro
[ 298/634 ] Derek Prince — Truth, Faith, Love - My God-Given Goals → ['Foundations of Christian Doctrine', 'Personal Prophecy', 'Pentecostal History']
         SUMMARY: The speaker, a theologian and philosophy professor who attended a Pentecostal church during World War II, uses the metap
         SUGGEST: ['Repentance', 'Encounter with God'] — The document contains a significant narrative about the speaker's personal spiri
[ 299/634 ] Derek Prince — Caleb - Lessons from a Dog's Life → ['Biblical Typology and Symbolism', "God's Will and Guidance", 'Spiritual Maturity']
         SUMMARY: Derek Prince teaches that God's redemptive work through Christ's death and resurrection—as described in Hosea 6:1-3—enco
         SUGGEST: ['Scripture and Authority', 'Resurrection'] — The document contains a substantial theological discussion about the authority o
[ 300/634 ] Derek Prince — Let Us Honor God’s Holy Spirit → ['Signs and Wonders', 'Testing Prophecy', 'Discerning of Spirits', 'Scripture and Authority', 'End Times', 'Charismatic Theology']
         SUMMARY: Derek Prince argues in this first message of a three-part series that while signs and wonders are occurring worldwide, C
         SUGGEST: ['Spiritual Deception and False Manifestations', "Supernatural Power and Satan's Counterfeit"] — The document heavily emphasizes the critical danger of spiritual deception in th
[ 301/634 ] Derek Prince — Earthly, Soulish, Demonic → ['Foundations of Christian Doctrine', 'Sanctification', 'Repentance', 'Spirit-Filled Life']
         SUMMARY: Derek Prince argues in this teaching on 1 Thessalonians 5:23–24 that Christians must understand the tripartite nature of
         SUGGEST: ['Trichotomy (Spirit, Soul, and Body)', 'The Fall and Original Sin'] — The document's central theological focus is on the tripartite nature of human pe
[ 302/634 ] Derek Prince — Four Safeguards → ['Humility', 'Character Formation', 'Overcoming Sin', 'Testing Prophecy', 'Spiritual Maturity']
         SUMMARY: In this biblical teaching session, the author (Derek Prince, based on the style and content) identifies pride as the gre
         SUGGEST: ['Discerning Deception', 'Submission and Obedience'] — The document heavily emphasizes two important theological themes not currently c
[ 303/634 ] Derek Prince — Israel In The Headlines → ['Israel and the Church', 'Israel in Bible Prophecy', 'Prophecy', 'Scripture and Authority', 'Gospel', 'Salvation']
         SUMMARY: In this sermon excerpt, the speaker argues that Christians owe a spiritual debt to the Jewish people because all foundat
         SUGGEST: ["God's Covenant with Israel", 'Gentiles and Salvation'] — The document heavily emphasizes the covenantal relationship between God and Isra
[ 304/634 ] Derek Prince — Preparation Of The Bride → ['Holiness', 'Sanctification', 'Spiritual Maturity', 'Character Formation', 'Second Coming']
         SUMMARY: # Summary

In this excerpt from "What Is Holiness?—Volume 1," the author (whose name is not provided in the text) argues
         SUGGEST: ['Bride of Christ', 'Pursuit of Holiness'] — The document's central theme is the pursuit of holiness as preparation for Chris
[ 305/634 ] Derek Prince — Intercession, Fasting → ['Holiness', 'Intercessory Prayer', 'Fasting and Prayer', 'Character Formation']
         SUMMARY: In this sermon from "What is Holiness?—Volume 1," the author argues that intercession and fasting are essential acts of 
         SUGGEST: ['Spiritual Authority', 'Prophetic Intercession'] — The document emphasizes God's expectation that the church exercise intercessory 
[ 306/634 ] Derek Prince — What The Church Must Become → ['Holiness', 'Deep Intimacy with God', 'Spiritual Growth']
         SUMMARY: Ruth speaks from the perspective of long-term Christian experience, arguing that believers who have walked with God for 
         SUGGEST: ['Passion for God', 'Restoring Fervor'] — The document centers on rekindling lost spiritual passion and fire in one's rela
[ 307/634 ] Derek Prince — Holiness - The Essence of God → ['Holiness', 'Sanctification', 'How to Study the Bible']
         SUMMARY: In this sermon from "What Is Holiness?—Volume 1," the author uses Isaiah 57:15 and 66:2 to explore the true nature of ho
         SUGGEST: ['Fear of the Lord', 'Spiritual Disciplines'] — The document emphasizes trembling at God's word and reverence before the Holy On
[ 308/634 ] Derek Prince — Holiness Outworked → ['Holiness', 'Sanctification', 'Spiritual Growth', 'Vision and Mission', 'Character Formation']
         SUMMARY: # Summary

In this sermon from "What Is Holiness? – Volume 2," Derek Prince teaches that pursuing holiness is essential 
         SUGGEST: ['Repentance', 'Intimacy with God'] — The document emphasizes repentance as foundational to holiness ('Cleanse me from
[ 309/634 ] Derek Prince — The Purpose of God’s Discipline → ['Deliverance Ministry', 'Fear of the Lord', 'Repentance', 'Forgiveness and Reconciliation', 'Spiritual Warfare']
         SUMMARY: In this excerpt from "What Is Holiness? – Volume 2," the author—a deliverance minister with 35 years of experience—teach
         SUGGEST: ['Conditions for Revival', 'Humility'] — The document emphasizes meeting specific conditions as prerequisites for deliver
[ 310/634 ] Derek Prince — Treat Your Body As God’s Temple → ['Renewing the Mind', 'Sanctification', 'Spiritual Disciplines']
         SUMMARY: In this sermon from "What Is Holiness?—Volume 2," the author teaches that our verbal confessions of faith or doubt direc
         SUGGEST: ['Confession and Declarations', 'Worldliness and Idolatry'] — The document has two major theological emphases not captured by existing tags: (
[ 311/634 ] Derek Prince — Appropriate Response - Worship → ['Holiness', 'Worship', 'Encounter with God', 'Salvation']
         SUMMARY: This document presents Derek Prince's teaching that worship is the sole appropriate response to encountering God's holin
         SUGGEST: ['Conviction of Sin', 'Spiritual Awakening'] — The document emphasizes the convicting power of encountering God's holiness, par
[ 312/634 ] Derek Prince — Mary: The Pattern Mother → ['Motherhood', 'Purpose and Calling', 'Faith', 'Word of God', 'Salvation']
         SUMMARY: In this sermon, the author argues that the Incarnation—God becoming human in Jesus's womb—is the greatest miracle ever p
         SUGGEST: ['Incarnation of Christ', 'Obedience and Submission'] — The document's central theological focus is the Incarnation—God becoming human i
[ 313/634 ] Derek Prince — The Harvest Just Ahead → ['Baptism in the Holy Spirit', 'End Times', 'Great Commission', 'Prophecy']
         SUMMARY: Dick Leggatt introduces Derek Prince's never-before-released message "The Harvest Just Ahead," delivered extemporaneousl
         SUGGEST: ["Joel's Prophecy and the Rain", 'Pentecost and Church History'] — The document's central theological focus is on Derek Prince's interpretation of 
[ 314/634 ] Derek Prince — Secular and Spiritual Authority → ['Scripture and Authority', 'Word of God', "God's Will and Guidance"]
         SUMMARY: In this sermon, the speaker discusses the Christian's relationship to political power and secular government, using Jere
         SUGGEST: ['Political Engagement and Christian Responsibility', "Divine Authority and God's Power"] — The document's central theme is a Christian's relationship to political power an
[ 315/634 ] Derek Prince — Laying the Ax to the Root → ['Deliverance Ministry', 'Inner Healing', 'Healing Ministry']
         SUMMARY: In this sermon delivered at Christ for the Nations Institute, the speaker (whose name is not provided in the document) a
         SUGGEST: ['Roots of Sin and Bondage', 'Spiritual Roots of Physical and Emotional Problems'] — The document's central metaphor and teaching focuses on identifying and addressi
[ 316/634 ] Derek Prince — Salt, Light and a City → ['Revival', 'Gospel']
         SUMMARY: In this opening sermon address, the speaker (a British Christian minister speaking to an American audience) argues that 
         SUGGEST: ['Christian Witness and Testimony', 'Christian Social Responsibility'] — The document's central theme is Christians' accountability and responsibility to
[ 317/634 ] Derek Prince — Victory in Jesus → ['Spiritual Warfare', 'Spiritual Authority', 'Weapons of Our Warfare', 'Building the Church']
         SUMMARY: This sermon, preached by an unnamed minister, argues that the church possesses a unique spiritual position and responsib
         SUGGEST: ["Christ's Victory Over Evil", 'Authority in Christ'] — The document's central theological thrust is Christ's total and complete defeat 
[ 318/634 ] Derek Prince — Weapons of Our Warfare → ['Spiritual Warfare', 'Principalities and Powers', 'Spiritual Authority', 'The Cross', 'Church Governance and Structure']
         SUMMARY: In this sermon on the Church's position and responsibility, the speaker argues that Christians have a unique and decisiv
         SUGGEST: ['Dominion and Authority in Christ', 'Spiritual Victory and Triumph'] — The document's central theme revolves around the Church's authority to exercise 
[ 319/634 ] Derek Prince — Prayer Changes the Outcome → ['Spiritual Warfare', 'Intercessory Prayer', 'Power of Prayer', 'Weapons of Our Warfare']
         SUMMARY: # Summary

In this passage, an unnamed speaker teaches at a religious camp about the church's role in spiritual warfare,
         SUGGEST: ["God's Will and Guidance", 'Binding and Loosing'] — The document heavily emphasizes Matthew 18:18-20 regarding the authority given t
[ 320/634 ] Derek Prince — Fasting Brings Restoration → ['Atonement', 'New Creation', 'Apostolic Authority', 'Identity in Christ']
         SUMMARY: In this message, the speaker explains that Jesus Christ, as the "last Adam," atoned for humanity's sins and opened the w
         SUGGEST: ['Dominion and Authority', 'Representation of Christ'] — The document heavily emphasizes the restoration of authority and dominion that w
[ 321/634 ] Derek Prince — Witnesses to Him → ['Building the Church', 'Fasting and Prayer', 'Spiritual Authority', 'Conditions for Revival', 'Prophetic Intercession']
         SUMMARY: In this sermon, the author argues that the Church of Jesus Christ must collectively, not individually, demonstrate Chris
         SUGGEST: ['Corporate Prayer and Intercession', 'Humility and Repentance'] — The document emphasizes the collective responsibility of the church body to inte
[ 322/634 ] Derek Prince — The Spirit Bears Witness → ['Weapons of Our Warfare', 'Spiritual Warfare', 'Evangelism', 'Power of Prayer']
         SUMMARY: The author teaches that Christians are Christ's ambassadors called to be witnesses for Jesus Christ as their primary spi
         SUGGEST: ['Ambassadors for Christ', 'Practical Christian Living'] — The document emphasizes believers' role as 'Christ's ambassadors' and 'His repre
[ 323/634 ] Derek Prince — The Universal Church → ['Biblical Hermeneutics', 'Doctrine of the Church', 'How to Study the Bible', 'Interpreting Scripture']
         SUMMARY: In this instructional study on ecclesiology, the author explains that the Greek word "ekklesia" (translated as "Church")
         SUGGEST: ['Etymology and Word Studies', 'New Testament Greek'] — This document is fundamentally focused on etymological and linguistic analysis o
[ 324/634 ] Derek Prince — The Local Church → ['Doctrine of the Church', 'Church Governance and Structure', 'Water Baptism', 'Baptism in the Holy Spirit']
         SUMMARY: This document by an unnamed author explains that the church functions in two main aspects: the Universal Church (all Chr
         SUGGEST: ['Church Discipline and Accountability', 'Membership in the Local Church'] — The document extensively addresses two significant theological topics not adequa
[ 325/634 ] Derek Prince — Mobile Ministries - Apostles → ['Fivefold Ministry', 'Apostolic Ministry', 'Church Governance and Structure']
         SUMMARY: This document is an excerpt from a theological teaching series by an unidentified author examining the five main ministr
         SUGGEST: ['Office of the Prophet', 'Teaching Ministry'] — While the document is already tagged with 'Fivefold Ministry' and 'Apostolic Min
[ 326/634 ] Derek Prince — Mobile Ministries - Prophets → ['Fivefold Ministry', 'Office of the Prophet', 'Prophecy']
         SUMMARY: # Summary

This document, authored as a theological teaching on Church ministries, argues that the prophetic ministry is
         SUGGEST: ['Apostolic Ministry', 'Testing Prophecy'] — The document extensively discusses the relationship between apostolic and prophe
[ 327/634 ] Derek Prince — Mobile Ministries - Evangelists and Teachers → ['Fivefold Ministry', 'Gift of the Evangelist', 'Evangelism', 'Teaching Ministry']
         SUMMARY: # Summary

In this document, the author examines the ministry of the evangelist as outlined in Ephesians 4:11, defining 
         SUGGEST: ['Power Evangelism', 'Healing Evangelism'] — The document extensively discusses the evangelist's ministry in connection with 
[ 328/634 ] Derek Prince — Resident Ministries - Shepherds and Deacons → ['Church Governance and Structure', 'Fivefold Ministry', 'Pastoral Ministry', 'Biblical Hermeneutics']
         SUMMARY: # Summary

In this study on resident ministries, the author distinguishes between mobile ministries (Apostles, Prophets,
         SUGGEST: ['Elders and Eldership', 'Terminology and Word Study'] — The document heavily emphasizes the distinction between Mobile and Resident Mini
[ 329/634 ] Derek Prince — Further Teaching On Elders → ['Church Governance and Structure', 'Pastoral Ministry', 'Leadership Development']
         SUMMARY: This document, part of a series on church ministries, explains the New Testament role of elders in local churches, empha
         SUGGEST: ['Fivefold Ministry', 'Servant Leadership'] — While the document is well-covered by the assigned tags, it emphasizes the speci
[ 330/634 ] Derek Prince — Daily Life of the Local Church - Part 1 → ['Discipleship', 'Water Baptism', 'Baptism in the Holy Spirit', 'Repentance', 'Church Governance and Structure']
         SUMMARY: In this document, author George Wham outlines the daily life and foundational practices of the local church as presented
         SUGGEST: ['Conversion and New Birth', 'Pastoral Teaching and Preaching'] — The document heavily emphasizes the moment of conversion and the initial entry i
[ 331/634 ] Derek Prince — Daily Life of the Local Church - Part 2 → ['Discipleship', 'Community and Fellowship', 'Baptism in the Holy Spirit', 'Church Governance and Structure']
         SUMMARY: In this teaching on the daily life of the local church, the author explains that New Testament Christianity requires thr
         SUGGEST: ['Repentance', 'Water Baptism'] — The document extensively discusses repentance and water baptism as two of the th
[ 332/634 ] Derek Prince — Bride or Harlot → ['Biblical Typology and Symbolism', 'Doctrine of the Church', 'Eschatology', 'End Times']
         SUMMARY: The author argues that within professing Christendom, two distinct religious groups will emerge—the Bride (true church) 
         SUGGEST: ['Two Types of Religion', 'False Religion vs. True Faith'] — The document's central theological framework contrasts two fundamental religious
[ 333/634 ] Derek Prince — False Church and False Christ - Part 1 → ['End Times', 'Israel in Bible Prophecy', 'Eschatology']
         SUMMARY: # Summary

This document by an unnamed eschatological teacher argues that Scripture presents two opposing religious syst
         SUGGEST: ['Apostasy and False Religion', 'Spiritual Deception'] — The document's central theme is identifying and contrasting false religion/false
[ 334/634 ] Derek Prince — False Church and False Christ - Part 2 → ['End Times', 'Eschatology', 'Doctrine of the Church']
         SUMMARY: In this document, the author presents a theological study arguing that Scripture reveals two opposing religious systems 
         SUGGEST: ['Israel and the Church', 'Principalities and Powers'] — The document extensively discusses the relationship between the false church (ha
[ 335/634 ] Derek Prince — The Maturing and Completion of Christ's Body → ['Fivefold Ministry', 'Building the Church', 'Spiritual Maturity', 'Doctrine of the Church']
         SUMMARY: Apostle John Meador presents a multi-day sermon series examining the five main ministries (apostles, prophets, evangelis
         SUGGEST: ['Unity in the Church', 'Humility'] — The document heavily emphasizes two major theological themes that are not repres
[ 336/634 ] Derek Prince — Apostles - God’s Master Builders → ['Fivefold Ministry', 'Church Governance and Structure', 'Building the Church', 'Character in Leadership', 'Apostolic Ministry']
         SUMMARY: This document, teaching on Ephesians 4 by an unnamed biblical expositor, establishes that the Church is built on seven f
         SUGGEST: ['Unity in the Church', 'Spiritual Maturity'] — The document emphasizes 'unity' as one of three primary goals for the Church (un
[ 337/634 ] Derek Prince — Prophets, Evangelists, Teachers → ['Fivefold Ministry', 'Office of the Prophet', 'Apostolic Ministry', 'Doctrine of the Church']
         SUMMARY: In this sermon on the five ministries of Christ in the Church (based on Ephesians 4:11), the speaker explains that apost
         SUGGEST: ['Apostolic Succession'] — The document contains a substantial and important theological discussion about a
[ 338/634 ] Derek Prince — Complete Local Leadership → ['Fivefold Ministry', 'Church Governance and Structure', 'Doctrine of the Church', 'Leadership Development']
         SUMMARY: The author presents a definition of the Local Church as "that part of the Universal Church resident in any given localit
         SUGGEST: ['Universal Church vs Local Church', 'Apostolic Pattern and Practice'] — The document's central theological focus is distinguishing between the Universal
[ 339/634 ] Derek Prince — Local Church Leadership - God’s View vs: Man’s → ['Fivefold Ministry', 'Church Governance and Structure', 'Doctrine of the Church', 'Community and Fellowship']
         SUMMARY: This document, by an unnamed author, presents a study on local church leadership structure based on Ephesians 4:11, argu
         SUGGEST: ['Spiritual Authority', 'Unity in the Church'] — While 'Church Governance and Structure' and 'Community and Fellowship' are assig
[ 340/634 ] Derek Prince — The Reproductive Cycle - Apostles and Elders → ['Church Governance and Structure', 'Fivefold Ministry', 'Apostolic Ministry', 'Pastoral Ministry', 'Leadership Development']
         SUMMARY: # Summary

This document is a teaching by an author discussing the structure of church leadership based on Ephesians 4:1
         SUGGEST: ['Unity in the Church', 'Plural Leadership'] — The document's central theme is the theological argument for plural leadership i
[ 341/634 ] Derek Prince — The New Testament Evangelist → ['Fivefold Ministry', 'Gift of the Evangelist', 'Character Formation', 'Building the Church', 'Humility', 'Unity in the Church']
         SUMMARY: In this sermon on New Testament ministry, the author emphasizes that building an authentic New Testament church requires
         SUGGEST: ['Submission and Obedience', 'Lordship of Christ'] — While 'Lordship of Christ' is in the taxonomy and relevant to the document's emp
[ 342/634 ] Derek Prince — The Assembly → ['Doctrine of the Church', 'Interpreting Scripture', 'Humility', 'Spiritual Authority']
         SUMMARY: # Summary

In this introductory message to a sermon series titled "Seven Pictures of God's People" taken from Paul's Epi
         SUGGEST: ['Submission and Obedience', 'Writing and Ministry Communication'] — The document contains two substantial theological themes not well represented in
[ 343/634 ] Derek Prince — His Body And His Workmanship → ['Doctrine of the Church', 'Building the Church', 'Spiritual Growth', 'Biblical Hermeneutics']
         SUMMARY: In this teaching on the seven pictures of God's people from Paul's epistle to the Ephesians, the unnamed author focuses 
         SUGGEST: ['Fivefold Ministry', 'Gifts of the Spirit'] — The document extensively discusses individual members' functions, roles, and spi
[ 344/634 ] Derek Prince — The Family And The Temple Of God → ['Fatherhood', 'Doctrine of the Church', 'Family Prayer', 'Spiritual Sonship', "God's Will and Guidance"]
         SUMMARY: In this sermon on "The Family and the Temple of God," the author teaches that among the seven pictures of God's people i
         SUGGEST: ['Eternal Nature of God', 'God as Father'] — While 'Fatherhood' is assigned, the document emphasizes God's ETERNAL fatherhood
[ 345/634 ] Derek Prince — The Bride And The Army → ['Biblical Typology and Symbolism', 'Doctrine of the Church', 'Marriage', 'Submission in Marriage']
         SUMMARY: This tape recording presents a teaching by an unnamed instructor on the seven successive pictures of God's people in Eph
         SUGGEST: ['Headship and Authority', 'Complementarianism'] — The document extensively discusses the theological concept of divine headship or
[ 346/634 ] Derek Prince — The Queen God Is Seeking → ['Biblical Typology and Symbolism', 'Identity in Christ', 'Kingdom of God']
         SUMMARY: # Summary

The speaker, drawing from personal spiritual experience in the North African desert where he relied solely on
         SUGGEST: ['The Bride of Christ', 'Eschatological Hope and Eternal Purpose'] — The document centers on two major theological themes not adequately captured by 
[ 347/634 ] Derek Prince — The Queen Meets the Challenge → ['Biblical Typology and Symbolism', 'Character Formation', 'Discipleship', 'Spiritual Authority']
         SUMMARY: This sermon excerpt from an unnamed preacher presents an interpretation of the Book of Esther as an allegory for the chu
         SUGGEST: ['Obedience and Submission to Authority', 'Influence of Mentors and Spiritual Covering'] — The document emphasizes the critical importance of obedience to God's authority 
[ 348/634 ] Derek Prince — Appoint Elders In Every City → ['Church Governance and Structure', 'Apostolic Authority', 'Leadership Development', 'Fivefold Ministry']
         SUMMARY: In this ordination sermon based on Acts 14:21 and 20:17-28, the speaker argues that the appointment of elders by apostle
         SUGGEST: ['Ordination and Office of Elder', 'Apostolic-Elder Partnership in Church Government'] — The document's primary focus is on the ordination ceremony and biblical theology
[ 349/634 ] Derek Prince — How I Came To Grips With Demons → ['Deliverance Ministry', 'Inner Healing', 'Pastoral Care', 'Spiritual Growth']
         SUMMARY: This document is an introductory message on demonology by an unnamed author who uses Jeremiah 6:14 to argue that many pr
         SUGGEST: ['Hypocrisy and False Profession', 'Root Cause vs Symptom Treatment'] — The document addresses two important theological themes not adequately covered b
[ 350/634 ] Derek Prince — How Jesus Dealt With Demons → ['Deliverance Ministry', 'Spiritual Warfare', 'Gospel']
         SUMMARY: Derek Prince argues that dealing with demons was the most original and striking feature of Jesus's ministry, as demonstr
         SUGGEST: ['Demons and Evil Spirits', "Jesus' Authority Over Evil"] — The document focuses heavily on two themes not adequately represented in the tax
[ 351/634 ] Derek Prince — Nature And Activity Of Demons → ['Biblical Hermeneutics', 'Deliverance Ministry', 'Discerning of Spirits', 'Interpreting Scripture']
         SUMMARY: This document, authored by a biblical scholar (name not provided in excerpt), explains the Greek terminology used in the
         SUGGEST: ['Demonic Activity and Manifestation', 'Spirit Possession'] — The document provides detailed theological analysis of demons, their nature, and
[ 352/634 ] Derek Prince — How To Recognize And Expel Demons → ['Deliverance Ministry', 'Biblical Hermeneutics', 'Spiritual Warfare']
         SUMMARY: In this teaching, author Derek Prince clarifies that "demons" or "evil spirits" (not Satan himself) are bodiless spirit 
         SUGGEST: ['Demonology', 'Demonic Oppression vs Possession'] — The document provides detailed theological teaching on the nature of demons, the
[ 353/634 ] Derek Prince — Cult and Occult - Satan’s Snares Disclosed → ['Deliverance Ministry', 'Spiritual Warfare', 'Jezebel Spirit', 'Binding and Loosing', 'Breaking Bloodline Curses']
         SUMMARY: # Summary

Derek Prince argues that personal domination—particularly maternal control over children—is a major obstacle 
         SUGGEST: ['Soul Ties and Spiritual Bondage', 'Witchcraft and Occult Power'] — The document extensively addresses two theologically important themes not repres
[ 354/634 ] Derek Prince — Seven Ways To Keep Your Deliverance → ['Deliverance Ministry', 'Discerning of Spirits', 'Spiritual Warfare', 'Principalities and Powers']
         SUMMARY: In this teaching on deliverance from evil spirits, the author emphasizes that his role is not to certify complete freedo
         SUGGEST: ['Keeping Your Deliverance', 'Understanding Demonic Nature and Behavior'] — The document has two major theological emphases not captured by existing tags: (
[ 355/634 ] Derek Prince — God’s Challenge to a New Generation → ['End Times', 'Spiritual Warfare', 'Baptism in the Holy Spirit', 'Discerning of Spirits', 'Character Formation', 'Parenting']
         SUMMARY: The author, an evangelical speaker addressing youth at a religious camp, argues that the current generation of young peo
         SUGGEST: ['Generational Blessing', 'Deliverance Ministry'] — The document emphasizes that youth represent a special generation with particula
[ 356/634 ] Derek Prince — Instruction On Deliverance For Children And Their  → ['Deliverance Ministry', 'Salvation', 'Parenting', 'Fatherhood']
         SUMMARY: This document presents a Christian evangelical teaching on spiritual salvation and deliverance for children and parents,
         SUGGEST: ['Repentance', 'Spiritual Warfare'] — The document emphasizes repentance as a central condition for salvation and forg
[ 357/634 ] Derek Prince — Witchcraft - Public Enemy Number 1 → ['Spiritual Warfare', 'Deliverance Ministry', 'Discerning of Spirits', 'Strongholds in the Mind', 'Principalities and Powers']
         SUMMARY: Derek Prince argues that three forms of satanic power operate in the English-speaking world: divination (fortune-telling
         SUGGEST: ['Soulish vs Spiritual Realm', 'Witchcraft and Curses'] — The document extensively explores the distinctions between divination, sorcery, 
[ 358/634 ] Derek Prince — Curses - Cause → ['Breaking Bloodline Curses', 'Generational Curses', 'Deliverance Ministry', 'Divine Healing', 'Spiritual Authority']
         SUMMARY: In this sermon on curses, Derek Prince teaches that curses are spiritually powerful spoken words that typically affect e
         SUGGEST: ['Accident Proneness and Curses', 'Words and Spiritual Power'] — The document emphasizes two important theological themes not adequately covered 
[ 359/634 ] Derek Prince — Curses - Cure - Part 1 → ['Breaking Bloodline Curses', 'Generational Curses', 'Deliverance Ministry', 'Spiritual Warfare']
         SUMMARY: In this evening teaching on curses and their remedies, the speaker—a former teacher of teachers—recapitulates that curse
         SUGGEST: ['Curse and Blessing (Words/Speech)', 'Authority and Pronouncement'] — The document heavily emphasizes the supernatural power of words and spoken decla
[ 360/634 ] Derek Prince — Curses - Cure - Part 2 → ['Breaking Bloodline Curses', 'Generational Curses', 'Spiritual Warfare']
         SUMMARY: # Summary

This document is a teaching by Derek Prince on the spiritual causes of curses, arguing that occult involvemen
         SUGGEST: ['Occult and Spiritual Deception', 'Idolatry and False Worship'] — The document extensively addresses occult involvement as the 'basic root cause o
[ 361/634 ] Derek Prince — Christ Rules In The Midst Of His Enemies → ['Lordship of Christ', 'Kingdom of God', 'Spiritual Authority', 'Biblical Typology and Symbolism']
         SUMMARY: # Summary

This document, likely from a sermon or biblical teaching by an unnamed author, argues that Christ currently r
         SUGGEST: ['Intercession and Prayer Ministry', 'Seated in Heavenly Places'] — The document emphasizes Christ's current intercessory position at the right hand
[ 362/634 ] Derek Prince — Evil Forces at the End Time → ['End Times', 'Eschatology', 'Pitfalls of the Prophetic', 'Israel in Bible Prophecy']
         SUMMARY: This document is a sermon transcript in which the author discusses biblical prophecy concerning "evil forces at the end 
         SUGGEST: ['Discerning Times and Seasons'] — While 'Pitfalls of the Prophetic' is already assigned, this document emphasizes 
[ 363/634 ] Derek Prince — End-Time Pressures That Shape Us → ['Israel in Bible Prophecy', 'End Times', 'Suffering and Sovereignty']
         SUMMARY: In this document, author Derek Prince argues that the restoration of Israel as a sovereign nation in 1948-1950 signals t
         SUGGEST: ['Biblical Typology and Symbolism', "God's Will and Guidance"] — The document makes extensive use of the potter and clay as a typological symbol 
[ 364/634 ] Derek Prince — God’s Predetermined Purpose → ['Israel in Bible Prophecy', 'Interpreting Scripture', 'End Times']
         SUMMARY: In this document, Derek Prince argues that God's predetermined purpose to regather and restore the Jewish people and the
         SUGGEST: ['Biblical Typology and Symbolism', 'Redemption'] — The document heavily emphasizes the theological meaning of Israel's regathering 
[ 365/634 ] Derek Prince — Our Response to God’s Purpose → ['Israel and the Church', 'Israel in Bible Prophecy', 'Repentance', "God's Will and Guidance"]
         SUMMARY: Derek Prince argues that God has predetermined Israel's restoration to their land as the center of worship and governmen
         SUGGEST: ['Christian Anti-Semitism and Reconciliation', "Alignment with God's Purpose"] — The document centers heavily on Christian responsibility for historical anti-Sem
[ 366/634 ] Ruth Prince — A Woman Prepares For Marriage (Ruth Prince) → ['Marriage', 'Character Formation', 'Submission in Marriage', 'Identity in Christ']
         SUMMARY: Ruth Prince argues in this excerpt from her teachings on marriage that preparing for earthly marriage is fundamentally a
         SUGGEST: ['Roles and Gender in Scripture', 'Spiritual Authority and Submission'] — The document extensively discusses biblical definitions of women's created purpo
[ 367/634 ] Derek Prince — The Doorway to Restoration → ['Power of Prayer', "God's Will and Guidance", 'Intercessory Prayer', "Hearing God's Voice"]
         SUMMARY: This document presents a teaching on effective Christian prayer by an unnamed evangelical teacher, establishing seven fo
         SUGGEST: ['Biblical Typology and Symbolism', 'Conditions for Effective Prayer'] — The document heavily emphasizes seven specific conditions for effective prayer (
[ 368/634 ] Derek Prince — Fellowship → ['Community and Fellowship', 'Gospel', 'Foundations of Christian Doctrine', 'New Covenant']
         SUMMARY: In this sermon, the author explains that *koinonia* (fellowship), derived from the Greek word meaning "common" or "shari
         SUGGEST: ['Biblical Hermeneutics', 'Knowing God'] — The document emphasizes the theological interpretation of key New Testament Gree
[ 369/634 ] Derek Prince — A Time Of Restoration → ['Kingdom of God', 'Israel and the Church', 'Building the Church', "God's Will and Guidance"]
         SUMMARY: In this foundational sermon on "The Good News of the Kingdom," the author argues that God's primary purpose throughout h
         SUGGEST: ['Restoration', "God's Purpose and Plan"] — The document centers heavily on God's purpose of 'restoration' as the central th
[ 370/634 ] Derek Prince — Restoration Of The Message → ['Kingdom of God', 'Gospel', 'Lordship of Christ']
         SUMMARY: This document by Derek Prince teaches that the "gospel of the kingdom" centers on God's willingness to take over the gov
         SUGGEST: ["Submission to God's Authority", "God's Government and Rule"] — The document's central theological focus is on understanding the gospel as funda
[ 371/634 ] Derek Prince — The Kingdom For All Nations → ['Kingdom of God', 'Spiritual Warfare', 'Deliverance Ministry', 'Gospel', 'Signs and Wonders']
         SUMMARY: In this teaching, the author explains that the restoration of the church centers on proclaiming the "good news of the ki
         SUGGEST: ['Authority of Christ', "Satan's Kingdom and Defeat"] — The document extensively emphasizes Christ's God-given authority to cast out dem
[ 372/634 ] Derek Prince — Two Opposing Kingdoms → ['Kingdom of God', 'Redemption', 'Spiritual Warfare', 'Deliverance Ministry', 'Repentance']
         SUMMARY: # Summary

This document by Derek Prince teaches that Satan's kingdom consists of all those in disobedience and rebellio
         SUGGEST: ['Strongholds in the Mind', 'Principalities and Powers'] — The document extensively discusses Satan's kingdom structure, demonic authority 
[ 373/634 ] Derek Prince — The Kingdom Of Priests → ['Kingdom of God', "Hearing God's Voice", 'Spirit-Filled Life', 'Lordship of Christ', 'Church History']
         SUMMARY: This document is a transcription of a teaching by an unnamed Christian minister explaining that God's kingdom is experie
         SUGGEST: ['Priestly Ministry and Function', 'Covenant Theology'] — The document extensively discusses the concept of God's people being a 'kingdom 
[ 374/634 ] Derek Prince — The Kingdom Comes Only By Birth → ['Kingdom of God', 'Lordship of Christ', 'Salvation', 'Sanctification', 'Physical Healing', 'Repentance']
         SUMMARY: Derek Prince argues in this document that entry into God's kingdom requires complete personal submission to the Lord as 
         SUGGEST: ['Submission and Obedience', 'Lifestyle and Christian Living'] — The document heavily emphasizes submission to God's authority (God as judge, law
[ 375/634 ] Derek Prince — Only The Kingdom Is Unshakable → ['Eschatology', 'End Times', 'Kingdom of God', 'Second Coming']
         SUMMARY: # Summary

In this sermon, the author argues that the kingdom of God will transition from its current inner, spiritual f
         SUGGEST: ['Spiritual Warfare', 'Discerning Times and Seasons'] — The document heavily emphasizes the climactic confrontation between good and evi
[ 376/634 ] Derek Prince — How to Identify the Enemy → ['Deliverance Ministry', 'Discerning of Spirits', 'Manifestations of the Spirit']
         SUMMARY: Derek Prince argues in this teaching on "Basics of Deliverance" that expelling demons was a central and regular componen
         SUGGEST: ['Demonization vs Possession', 'Authority of Jesus'] — The document extensively discusses the theological distinction between demonizat
[ 377/634 ] Derek Prince — How to Expel the Enemy → ['Deliverance Ministry', 'Generational Curses', 'Spiritual Warfare', 'Inner Healing', 'Breaking Bloodline Curses']
         SUMMARY: Derek Prince argues in this teaching on demonic entry that demons gain access to human lives through seven primary pathw
         SUGGEST: ['Rejection and Shame', 'Demonic Entry Points'] — The document extensively discusses mechanisms by which demons gain entry to huma
[ 378/634 ] Derek Prince — Why Should We Be Longing? → ['Second Coming', 'Character Formation', 'Spiritual Maturity', 'Perseverance']
         SUMMARY: In this sermon on 2 Timothy 4:6-8, the author emphasizes Paul's triumphant perspective as he faced martyrdom under Emper
         SUGGEST: ['Martyrdom and Sacrifice', "Longing for Christ's Return"] — The document centers on Paul's perspective on his impending martyrdom (2 Timothy
[ 379/634 ] Derek Prince — How Should We Prepare? → ['Second Coming', 'Holiness', 'Spiritual Maturity', 'Character Formation']
         SUMMARY: Derek Prince argues in this teaching that Christians who truly long for Christ's appearing should cultivate personal hol
         SUGGEST: ['Motivation for Holiness', 'Eschatological Living'] — The document's central theme is that anticipation of Christ's return (eschatolog
[ 380/634 ] Derek Prince — Receive The Holy Spirit → ['Baptism in the Holy Spirit', 'New Covenant', 'Salvation', 'Speaking in Tongues']
         SUMMARY: Derek Prince argues that the New Testament describes two distinct ways of receiving the Holy Spirit—one occurring on Res
         SUGGEST: ['Resurrection', 'Sanctification'] — The document heavily emphasizes the Resurrection of Jesus as a pivotal historica
[ 381/634 ] Derek Prince — Interpreting And Prophesying → ['Baptism in the Holy Spirit', 'Gifts of the Spirit', 'Speaking in Tongues', 'Interpretation of Tongues', 'Prophecy']
         SUMMARY: Derek Prince teaches that the baptism in the Holy Spirit is not a final destination but rather a gateway to a supernatur
         SUGGEST: ['Manifestations of the Spirit'] — The document heavily emphasizes the practical manifestations and operations of s
[ 382/634 ] Derek Prince — Gifts Of Power And Revelation → ['Gifts of the Spirit', 'Gift of Faith', 'Gifts of Healing', 'Healing Ministry', 'Manifestations of the Spirit']
         SUMMARY: In this teaching session, the author discusses the gift of faith as the first of three "gifts of power" from the Holy Sp
         SUGGEST: ['Fruit of the Spirit', 'Word of Wisdom', 'Working of Miracles'] — The document extensively discusses the distinction between the fruit of the Spir
[ 383/634 ] Derek Prince — Founded On The Rock → ['Foundations of Christian Doctrine', 'Building the Church', 'Word of God', 'Identity in Christ']
         SUMMARY: # Summary

Derek Prince argues that the foundation of the Christian life must be Jesus Christ Himself, using the biblica
         SUGGEST: ['Confession of Faith', 'Foundation of Jesus Christ'] — The document's central theological focus is on Jesus Christ as the sole foundati
[ 384/634 ] Derek Prince — Authority & Power Of God’s Word → ['Scripture and Authority', 'Word of God', 'Biblical Hermeneutics', 'Interpreting Scripture']
         SUMMARY: Derek Prince teaches that the Bible's authority derives from God as its ultimate author through the Holy Spirit's inspir
         SUGGEST: ['Inspiration of Scripture', 'Divine Authority'] — The document's central theme is 'The Authority and the Power of God's Word,' wit
[ 385/634 ] Derek Prince — Through Repentance To Faith → ['Foundations of Christian Doctrine', 'Repentance', 'Scripture and Authority', 'Faith']
         SUMMARY: Derek Prince, in this third session of "Laying the Foundation," argues that repentance is the indispensable gateway to g
         SUGGEST: ['Eternal Life and Eternity', 'Sanctification'] — The document places significant emphasis on eternity as the ultimate fulfillment
[ 386/634 ] Derek Prince — Faith and Works → ['Foundations of Christian Doctrine', 'Faith', 'Grace', 'Gospel']
         SUMMARY: Derek Prince teaches that salvation comes through faith alone in the three historical facts of the gospel—Christ's death
         SUGGEST: ['Justification', 'Sanctification'] — The document extensively discusses the theological relationship between faith an
[ 387/634 ] Derek Prince — Immersion In Water → ['Water Baptism', 'Baptism in the Holy Spirit', 'Foundations of Christian Doctrine', 'Repentance']
         SUMMARY: In this biblical teaching document, the author—speaking with Ruth—introduces the third of six foundation doctrines from 
         SUGGEST: ['Justification', 'Sanctification'] — The document discusses the theological significance of baptism as a transformati
[ 388/634 ] Derek Prince — Immersion in the Spirit → ['Baptism in the Holy Spirit', 'Water Baptism', 'Biblical Hermeneutics']
         SUMMARY: In this sermon on Romans 15:13, the author explains that baptism (Greek "baptizo") means total immersion, describing two
         SUGGEST: ['Lordship of Christ', 'Gospel'] — The document emphasizes Jesus Christ's specific role and identity as 'the baptiz
[ 389/634 ] Derek Prince — Transmitting God’s Power → ['Laying on of Hands', 'Foundations of Christian Doctrine', 'Spiritual Authority', 'Leadership Development']
         SUMMARY: Derek Prince teaches that laying on of hands is the fourth foundation doctrine listed in Hebrews 6:1–2, functioning to t
         SUGGEST: ['Generational Blessing', 'Spiritual Covering'] — The document emphasizes generational transmission of God's power and authority t
[ 390/634 ] Derek Prince — At the End of Time → ['Eschatology', 'Foundations of Christian Doctrine', 'Suffering and Sovereignty']
         SUMMARY: In this sermon on "At The End of Time," the speaker discusses the foundation doctrines of the faith and emphasizes that 
         SUGGEST: ['Eternal Perspective', 'The Nature of Time and Eternity'] — The document's central theme is understanding the fundamental distinction betwee
[ 391/634 ] Derek Prince — Resurrection of the Body → ['Eschatology', 'Resurrection', 'Foundations of Christian Doctrine']
         SUMMARY: Derek Prince teaches that resurrection means the body "standing up out of" death and the grave, emphasizing through the 
         SUGGEST: ['Intermediate State', 'Hades and Sheol'] — The document extensively discusses what happens to souls after death, the nature
[ 392/634 ] Derek Prince — Final Judgment → ['Foundations of Christian Doctrine', 'End Times', 'Eschatology']
         SUMMARY: In this final session of "Laying the Foundation" series, the author (Derek Prince) teaches about eternal judgment—the la
         SUGGEST: ['Generational Curses', 'Generational Blessing'] — The document extensively discusses how God's judgment in history affects success
[ 393/634 ] Derek Prince — The Roman Pilgrimage (Part 1) → ['Biblical Hermeneutics', 'Interpreting Scripture', 'Justification', 'How to Study the Bible']
         SUMMARY: In this introduction to his study guide "The Roman Pilgrimage," Derek Prince establishes that the central theme of Roman
         SUGGEST: ['Righteousness', 'Sanctification'] — The document's central theme is righteousness as the core message of Romans, whi
[ 394/634 ] Derek Prince — The Roman Pilgrimage (Part 2) → ['Gospel', 'Justification', 'Atonement', 'Interpreting Scripture']
         SUMMARY: In this expository sermon on Romans 1:16-17, the author argues that the gospel's power lies in its revelation of God's r
         SUGGEST: ['Righteousness', 'Faith'] — The document centers on Romans 1:16-17 and emphasizes 'righteousness' as the key
[ 395/634 ] Derek Prince — The Roman Pilgrimage (Part 3) → ['Biblical Hermeneutics', 'Justification', 'Law and Grace']
         SUMMARY: # Summary

In this teaching on Romans 2:13-27, the instructor explains that righteousness cannot be achieved through kee
         SUGGEST: ['Conscience', 'The Law and Its Purpose'] — The document extensively discusses conscience as a divine function that convicts
[ 396/634 ] Derek Prince — The Roman Pilgrimage (Part 4) → ['Law and Grace', 'Repentance', 'Foundations of Christian Doctrine', 'Sanctification']
         SUMMARY: # Summary

In this teaching excerpt, the author explains that Paul uses Romans 3:19-20 to establish that all humanity is
         SUGGEST: ['The Law and Sin', 'Human Depravity and the Flesh Nature'] — The document's central focus is explaining six purposes of the Law, with particu
[ 397/634 ] Derek Prince — The Roman Pilgrimage (Part 5) → ['Justification', 'Faith', 'Interpreting Scripture', 'Biblical Hermeneutics']
         SUMMARY: In this teaching on Romans 4, the author explains how Paul demonstrates through Abraham's example that righteousness com
         SUGGEST: ['Sanctification', 'Repentance'] — The document extensively discusses the ongoing Christian life after justificatio
[ 398/634 ] Derek Prince — The Roman Pilgrimage (Part 6) → ['Justification', 'Faith', 'Grace']
         SUMMARY: # Summary

This document is a teaching session by Derek Prince on Romans 5, where he explains that justification by fait
         SUGGEST: ['Peace with God', 'Assurance and Confidence in God'] — The document extensively explores two major theological themes not captured by t
[ 399/634 ] Derek Prince — The Roman Pilgrimage (Part 7) → ['Dying to Self', 'Overcoming Sin', 'Biblical Hermeneutics', 'Sanctification']
         SUMMARY: In this teaching on Romans 6, the author explains that God's solution for the sinful "old man" (the Adamic nature inheri
         SUGGEST: ['Identifying and Understanding the Nature of Sin', 'Old Man/Flesh Nature'] — The document extensively discusses the theological concept of the 'old man' or '
[ 400/634 ] Derek Prince — The Roman Pilgrimage (Part 8) → ['Overcoming Sin', 'Renewing the Mind', 'Spiritual Warfare', 'Dying to Self']
         SUMMARY: Derek Prince teaches that in Romans 6:12-14, believers must actively exercise their will to resist sin by taking a firm 
         SUGGEST: ['Deliverance Ministry', 'Strongholds in the Mind'] — The document heavily emphasizes deliverance from spiritual oppression (the 'spir
[ 401/634 ] Derek Prince — The Roman Pilgrimage (Part 9) → ['Law and Grace', 'Interpreting Scripture', 'Dying to Self', 'Overcoming Sin']
         SUMMARY: In this teaching session, the author (not specifically named in the document) guides believers through Romans 7, explain
         SUGGEST: ['Flesh vs Spirit', 'Fruit of the Spirit'] — The document heavily emphasizes the fundamental contrast between the works of th
[ 402/634 ] Derek Prince — The Roman Pilgrimage (Part 10) → ['Dying to Self', 'Overcoming Sin', 'The Cross', 'Sanctification']
         SUMMARY: In this teaching session on Stage 10 of a spiritual pilgrimage concerning the believer's relationship to the law, the au
         SUGGEST: ['Law and Grace', 'Suffering and Sovereignty'] — The document is fundamentally about the believer's relationship to the law and h
[ 403/634 ] Derek Prince — The Roman Pilgrimage (Part 11) → ['Renewing the Mind', 'Sanctification', 'Walking in the Spirit', 'Identity in Christ', 'Law and Grace']
         SUMMARY: In this teaching on Romans 8:5-7, author Derek Prince explains that the Christian life involves moving from legal inheri
         SUGGEST: ['Progressive Sanctification', 'Flesh vs Spirit'] — The document heavily emphasizes the progressive nature of sanctification—moving 
[ 404/634 ] Derek Prince — The Roman Pilgrimage (Part 12) → ['Intercessory Prayer', 'Power of Prayer', 'Dependence on God', 'Walking in the Spirit', "God's Will and Guidance"]
         SUMMARY: In this expository teaching on Romans 8:26-30, the speaker argues that believers must expand their spiritual understandi
         SUGGEST: ['Speaking in Tongues', 'Groaning of the Spirit'] — The document extensively discusses speaking in tongues as a spiritual practice a
[ 405/634 ] Derek Prince — It Cost All He Had → ['The Cross', "God's Presence", 'Redemption']
         SUMMARY: In this sermon (Tape No. I-4254), the speaker argues that God's love, most fully revealed through the cross of Christ, i
         SUGGEST: ["God's Love", 'Sacrifice'] — The document's central theme is God's love as revealed through the Cross and the
[ 406/634 ] Derek Prince — How To Apply The Blood → ['The Cross', 'Atonement', 'Biblical Typology and Symbolism', 'Redemption']
         SUMMARY: In this sermon, the speaker explains that the cross represents Jesus Christ's sacrificial death for humanity's sins, and
         SUGGEST: ['Substitutionary Atonement', 'Suffering of Christ'] — The document heavily emphasizes Christ's substitutionary sacrifice ('His soul to
[ 407/634 ] Derek Prince — The Exchange at the Cross → ['Atonement', 'Divine Healing', 'Healing Ministry', 'Power Evangelism']
         SUMMARY: This document presents Derek Prince's teaching on Hebrews 10:14, explaining that Jesus's sacrifice on the cross is compl
         SUGGEST: ['Sanctification', 'Missions and Cross-Cultural Ministry'] — The document heavily emphasizes sanctification as an ongoing progressive process
[ 408/634 ] Derek Prince — Invisible Barriers To Healing → ['Faith for Healing', 'Healing Ministry', 'Theology of Healing', "When Healing Doesn't Come", 'Word of God']
         SUMMARY: In this teaching on John 16:13-15, an unnamed pastor explains that the Holy Spirit is a person (not an "it") who steward
         SUGGEST: ['Personhood of the Holy Spirit', 'Barriers to Receiving from God'] — The document emphasizes the Holy Spirit as a person (not an impersonal force) an
[ 409/634 ] Ruth Prince — The Call Of God → ['Healing Testimony', 'Baptism in the Holy Spirit', 'Redemption']
         SUMMARY: Ruth Prince's testimony describes her spiritual journey from a nominally Christian upbringing through Judaism to encount
         SUGGEST: ['Conversion and Turning to Christ', 'Divine Encounter'] — The document heavily emphasizes Ruth Prince's conversion journey—from nominal Ch
[ 410/634 ] Derek Prince — God’s Plan for Your Body → ['Divine Healing', 'Theology of Healing', 'Faith for Healing', 'Physical Healing']
         SUMMARY: In this sermon on "God's Plan for Your Body," the speaker presents a faith-based perspective on divine healing, arguing 
         SUGGEST: ['Anthropology and Human Nature', "Creation and God's Design"] — The document extensively explores biblical anthropology—how humans are made with
[ 411/634 ] Derek Prince — His Power In Your Hands → ['Kingdom of God', 'Intimacy with God', 'Redemption', 'Spiritual Authority', 'New Covenant']
         SUMMARY: In this teaching, the author argues that God's primary purpose in redemption is to bring believers into a personal relat
         SUGGEST: ['Priesthood of Believers', 'Destiny and Calling'] — The document's central theme is believers becoming 'a kingdom of priests' and mo
[ 412/634 ] Derek Prince — The Structure Of Satan’s Kingdom → ['Spiritual Warfare', 'Principalities and Powers', 'Deliverance Ministry', 'Kingdom of God']
         SUMMARY: In this first talk on "The Enemies We Face," the speaker (who appears to be Derek Prince, based on his reference to his 
         SUGGEST: ['Discerning of Spirits', 'Territorial Spirits'] — The document extensively discusses the invisible spiritual realm, the organizati
[ 413/634 ] Derek Prince — The Nature Of Witchcraft → ['Spiritual Warfare', 'Principalities and Powers', 'Deliverance Ministry']
         SUMMARY: In this talk, the author establishes that Satan's kingdom operates through rebellion across both heavenly and earthly re
         SUGGEST: ['Rebellion Against God', 'Occult and Witchcraft'] — The document extensively explores the direct spiritual connection between rebell
[ 414/634 ] Derek Prince — The Spirit Of Antichrist → ['Spiritual Warfare', 'Principalities and Powers', 'End Times', 'Discerning of Spirits']
         SUMMARY: In this third talk on "The Enemies We Face," author Derek Prince explains that the spirit of antichrist is Satan's major
         SUGGEST: ['Rebellion Against God', 'Witchcraft and Occult Powers'] — The document extensively discusses witchcraft as a major satanic activity and re
[ 415/634 ] Derek Prince — The Church’s Victory → ['Spiritual Warfare', 'Overcoming Sin', 'The Cross', 'Redemption']
         SUMMARY: In this final session of a four-part series on spiritual enemies facing the Church, the speaker argues that while the Ch
         SUGGEST: ['Victory in Christ', 'Principalities and Powers'] — The document's central theme is 'The Church's Victory' and emphasizes Jesus's to
[ 416/634 ] Derek Prince — The Christian And His Money → ['Biblical Stewardship', 'Financial Wisdom', 'Generous Living']
         SUMMARY: In this first talk of a series titled "The Christian and His Money," speaker Derek Prince argues that money is fundament
         SUGGEST: ['Eternal Perspective and Temporal Stewardship', 'The Nature and Purpose of Wealth'] — The document's central theological framework contrasts material/temporary wealth
[ 417/634 ] Derek Prince — Thanksgiving, Praise and Worship → ['Power of Prayer', 'Worship', 'Grace', 'Spirit-Filled Life']
         SUMMARY: In this teaching session, an unnamed Christian author argues that thanksgiving, along with praise and worship, are essen
         SUGGEST: ['Gratitude and Thanksgiving', "Accessing God's Presence"] — While 'Power of Prayer' is assigned, the document's central theme is specificall
[ 418/634 ] Derek Prince — Discover Yourself In God’s Mirror → ['Identity in Christ', 'How to Study the Bible', 'Encounter with God']
         SUMMARY: This document presents the opening of a teaching series by an unnamed Bible teacher who introduces his personal journey 
         SUGGEST: ['Conversion and New Birth', 'Spiritual Gifts and Their Operation'] — The document prominently features the speaker's personal conversion experience (
[ 419/634 ] Derek Prince — Are You Spiritual Or Soulish? → ['Identity in Christ', 'Foundations of Christian Doctrine', 'Spirit-Filled Life', 'Renewing the Mind']
         SUMMARY: In this second session of the "Who Am I?" series, Derek Prince teaches that humans are triune beings (spirit, soul, and 
         SUGGEST: ['Spirit, Soul, and Body', 'Fall of Man and Sin Nature'] — The document extensively explores the tripartite nature of humanity (spirit, sou
[ 420/634 ] Derek Prince — Why You Have A Body → ['Identity in Christ', 'Spirit-Filled Life', 'Renewing the Mind', 'Spiritual Maturity']
         SUMMARY: # Summary

In this third teaching of his "Who Am I?" series, the author uses the Bible as a mirror to examine human natu
         SUGGEST: ['Spiritual Sonship', 'Overcoming the Orphan Spirit'] — The document emphasizes the threefold nature of humanity (spirit, soul, body) an
[ 421/634 ] Derek Prince — The Climax Of Life’s Destiny → ['Identity in Christ', 'Temple and Priesthood', 'Spirit-Filled Life', 'Physical Healing']
         SUMMARY: In this fourth session of "Who Am I?" the author explains that man is a triune being (spirit, soul, and body) created in
         SUGGEST: ['Resurrection', "God's Presence"] — The document heavily emphasizes God's dwelling/presence in believers through the
[ 422/634 ] Derek Prince — One All-Sufficient Sacrifice → ['Atonement', 'Redemption', 'Foundations of Christian Doctrine']
         SUMMARY: In this teaching session on atonement, the author (a former Cambridge philosophy professor who converted to Christianity
         SUGGEST: ['Sacrifice and Substitution', 'The Cross'] — The document extensively explores the concept of Jesus as a sacrificial offering
[ 423/634 ] Derek Prince — Perfected Forever → ['Faith for Healing', 'Divine Healing', 'Baptism in the Holy Spirit', 'Healing Testimony']
         SUMMARY: # Summary

This document presents Derek Prince's personal testimony about divine healing, where he explains that his tea
         SUGGEST: ['Theology of Healing', 'Trusting God Through Illness'] — The document is fundamentally about the author's personal theological journey to
[ 424/634 ] Derek Prince — A Divinely Ordained Exchange → ['Atonement', 'Biblical Hermeneutics', 'Healing in the Atonement', 'Interpreting Scripture']
         SUMMARY: In this teaching passage, the speaker emphasizes that Jesus's death on the cross was a perfect, complete sacrifice ordai
         SUGGEST: ['Substitutionary Atonement', 'Biblical Typology and Symbolism'] — The document provides deep theological exposition on the substitutionary nature 
[ 425/634 ] Derek Prince — Forgiveness and Healing → ['Atonement', 'Healing in the Atonement', 'Redemption', 'The Cross']
         SUMMARY: In this teaching session, the author explains the twofold exchange that occurred at Calvary according to Isaiah 53:4-5: 
         SUGGEST: ['Substitutionary Atonement', 'Peace with God'] — The document heavily emphasizes the substitutionary nature of Christ's work on t
[ 426/634 ] Derek Prince — Sin vs Righteousness → ['Atonement', 'Healing in the Atonement', 'Biblical Typology and Symbolism', 'Foundations of Christian Doctrine']
         SUMMARY: Derek Prince teaches that Jesus's crucifixion was a divinely ordained exchange in which all evil due to human sin came u
         SUGGEST: ['Substitutionary Atonement', 'Imputation and Righteousness'] — The document extensively discusses the core theological concept of substitutiona
[ 427/634 ] Derek Prince — Death vs Life → ['Atonement', 'The Cross', 'Redemption', 'Biblical Typology and Symbolism']
         SUMMARY: Derek Prince explains the divine exchange accomplished through Christ's crucifixion, specifically focusing on how "Jesus
         SUGGEST: ['Substitutionary Atonement', 'Justice and Mercy'] — The document's central theme is the substitutionary nature of Christ's atonement
[ 428/634 ] Derek Prince — Curse vs Blessing → FAILED (update): [Errno 60] Operation timed out
[ 429/634 ] Derek Prince — Release From Curses → FAILED: Request timed out or interrupted. This could be due to a network timeout, dropped connection, or request cancellation. See https://docs.anthropic.com/en/api/errors#long-requests for more details.
[ 430/634 ] Derek Prince — Poverty vs Abundance → ['Atonement', 'The Cross', 'Financial Wisdom', 'Grace', 'Redemption']
         SUMMARY: Derek Prince teaches that Jesus Christ's crucifixion was a perfect exchange where all evil and poverty that humanity des
         SUGGEST: ['Generational Curses', 'Substitutionary Atonement'] — The document heavily emphasizes the concept of generational curses and blessings
[ 431/634 ] Derek Prince — Shame vs Glory → ['Atonement', 'Emotional Healing', 'Inner Healing', 'The Cross']
         SUMMARY: In this teaching session, author and minister Derek Prince explains that Jesus endured shame on the cross so that believ
         SUGGEST: ['Shame and Glory', 'Sacrifice and Purpose'] — The document makes shame and its opposite (glory) a central theological theme th
[ 432/634 ] Derek Prince — Rejection vs Acceptance → ['Inner Healing', 'Overcoming Rejection', 'Emotional Healing', 'Deliverance Ministry']
         SUMMARY: In this sermon on healing emotional wounds, the author teaches that rejection—defined as the sense of being unwanted and
         SUGGEST: ['Fatherhood', 'Family Relationships and Breakdown'] — The document extensively discusses the critical importance of paternal love and 
[ 433/634 ] Derek Prince — Old Man vs New Man → ['The Cross', 'Dying to Self', 'Inner Healing', 'Emotional Healing', 'Sanctification']
         SUMMARY: In this teaching session, the author explains that God's remedy for humanity's core problem—the "old man," or the rebell
         SUGGEST: ['Old Man/New Man (Nature Transformation)', 'Rebellion Against God'] — The document's central theological focus is on the contrast between the 'old man
[ 434/634 ] Derek Prince — Deliverance From This Present Age → ['The Cross', 'Dying to Self', 'Atonement', 'Spiritual Warfare']
         SUMMARY: In this teaching session, author Derek Prince outlines how the crucifixion of Jesus accomplishes two distinct works: wha
         SUGGEST: ['Sanctification', 'Overcoming Sin'] — The document's central theme is the transformative work of the cross IN believer
[ 435/634 ] Derek Prince — Deliverance From Law And Self → ['Law and Grace', 'Dying to Self', 'Justification', 'New Covenant']
         SUMMARY: Derek Prince teaches that Christians must experience deliverance from the Law in order to truly live for God and experie
         SUGGEST: ['Sanctification', 'Freedom in Christ'] — The document's core theme centers on sanctification as the process of being deli
[ 436/634 ] Derek Prince — Deliverance From The Flesh → ['Overcoming Sin', 'Dying to Self', 'Sanctification', 'The Cross']
         SUMMARY: In this teaching, the author explains the fourth deliverance offered through Christ's work on the cross—deliverance from
         SUGGEST: ['Purity and Sexuality', 'Spiritual Warfare'] — The document extensively addresses sexual sin and immorality as a major category
[ 437/634 ] Derek Prince — Deliverance From The World → ['The Cross', 'Lordship of Christ', 'Kingdom of God']
         SUMMARY: Derek Prince teaches in this passage from Galatians that the cross delivers true Christians from "the world," which he d
         SUGGEST: ['Submission and Obedience'] — The document centers extensively on submission to Jesus as Lord and the contrast
[ 438/634 ] Derek Prince — From Legal To Experiential → ['Atonement', 'Faith', 'Redemption', 'The Cross', 'Spiritual Growth']
         SUMMARY: Derek Prince teaches that while Jesus has legally provided complete salvation and atonement through His death on the cro
         SUGGEST: ["Appropriating God's Provision", 'Legal vs Experiential Reality'] — The document's central theme is how believers can APPROPRIATE or ACCESS what Chr
[ 439/634 ] Derek Prince — All-Inclusive Salvation → ['Atonement', 'Salvation', 'Faith', 'Seeking God', 'Yielding to the Holy Spirit']
         SUMMARY: In this teaching session, the author explains that while Jesus's sacrifice on the cross provided complete salvation (spi
         SUGGEST: ["Appropriating God's Promises", 'Progressive Sanctification and Inheritance'] — The document's central theme is how believers progressively appropriate and walk
[ 440/634 ] Derek Prince — Four Decisive Steps → ['Salvation', 'Repentance', 'Atonement']
         SUMMARY: Derek Prince, a Bible teacher, argues that Christians must take four decisive steps—repent, believe, confess, and act—to
         SUGGEST: ['Faith', 'Discipleship'] — The document emphasizes the critical step of BELIEF as one of four decisive step
[ 441/634 ] Derek Prince — Liberation Through Confession → ['Faith', 'Word of God', 'Renewing the Mind', 'Power of Prayer', 'Healing in the Atonement']
         SUMMARY: This document by an unnamed Christian teacher presents a lesson on making faith-based confessions using specific biblica
         SUGGEST: ['Confession and Declaration', 'Authority of Words'] — The document's central theme is the power of verbal confession of faith and scri
[ 442/634 ] Derek Prince — Release from the Curse - Part 1 → ['Breaking Bloodline Curses', 'Atonement', 'Generational Curses', 'Redemption']
         SUMMARY: Derek Prince teaches that Jesus Christ exchanged his curse for our blessing through his crucifixion (Galatians 3:13-14),
         SUGGEST: ['The Cross', 'Spiritual Authority'] — The document centers heavily on the exchange that took place at the cross (Jesus
[ 443/634 ] Derek Prince — Release from the Curse - Part 2 → ['Breaking Bloodline Curses', 'Spiritual Authority', 'Overcoming Sin']
         SUMMARY: # Summary

Derek Prince teaches that curses originate primarily from disobedience to God's voice, with false gods and id
         SUGGEST: ['Curses Pronounced by God', 'Revoking and Breaking Curses'] — The document extensively discusses curses pronounced by God's servants (Joshua, 
[ 444/634 ] Derek Prince — Husbands and Fathers - Part 1 → ['Marriage', 'Fatherhood', 'Spiritual Warfare', 'Faithfulness in Lack']
         SUMMARY: This document presents Derek Prince's teaching on the role of husbands and fathers in the church, arguing that the prima
         SUGGEST: ['Covenant', 'Sexual Integrity'] — The document heavily emphasizes marriage as a covenant (explicitly stated as fou
[ 445/634 ] Derek Prince — Husbands and Fathers - Part 2 → ['Fatherhood', 'Identity in Christ', 'Knowing God', 'Spiritual Sonship', 'Gospel']
         SUMMARY: Derek Prince argues in this teaching that God's fatherhood is the central theme of the Bible and the ultimate destinatio
         SUGGEST: ['Knowing the Father', 'Revelation of God'] — While 'Fatherhood,' 'Knowing God,' and 'Spiritual Sonship' are already assigned,
[ 446/634 ] Derek Prince — The Headship of Jesus - Part 1 → ['Lordship of Christ', 'Fivefold Ministry', 'End Times', 'Church Governance and Structure', 'Charismatic Renewal']
         SUMMARY: Derek Prince argues that the headship of Jesus Christ is a critical but underemphasized restoration theme for the contem
         SUGGEST: ['Spiritual Authority', 'Supernatural Power and the Holy Spirit'] — The document emphasizes two major theological themes not adequately represented 
[ 447/634 ] Derek Prince — The Headship of Jesus - Part 2 → ['Lordship of Christ', 'Apostolic Authority', 'Church Governance and Structure', 'Spiritual Authority']
         SUMMARY: In this teaching session, Derek Prince traces the concept of headship as God's appointed method of governance, showing h
         SUGGEST: ['Transmission of Authority', 'Identity and Worth in Christ'] — The document emphasizes two major theological themes not adequately covered by e
[ 448/634 ] Derek Prince — Complete Salvation and How To Receive It - Part 1 → ['Salvation', 'Faith', "God's Will and Guidance", 'Spiritual Growth']
         SUMMARY: # Summary

Derek Prince argues in this sermon that most Christians experience only partial salvation and fail to compreh
         SUGGEST: ['Comprehensive Salvation', 'Trusting God in Hardship'] — The document's central theme emphasizes the completeness and breadth of God's sa
[ 449/634 ] Smith Wigglesworth — Complete Salvation and How To Receive It - Part 2 → ['Atonement', 'Salvation', 'The Cross', 'Redemption', 'Faith']
         SUMMARY: Derek Prince explains in this teaching that complete salvation encompasses far more than forgiveness of sins—it includes
         SUGGEST: ['Justification', 'Resurrection'] — The document extensively discusses justification through Christ's substitutionar
[ 450/634 ] Derek Prince — The Cross at the Center - Part 1 → ['The Cross', 'Gospel', 'Foundations of Christian Doctrine']
         SUMMARY: # Summary

In this presentation titled "The Cross at the Center," the speaker argues that the contemporary church has lo
         SUGGEST: ['Wisdom of God vs. Human Wisdom', 'Centrality of Christ'] — The document's core theme contrasts worldly wisdom/philosophy with the message o
[ 451/634 ] Derek Prince — The Cross at the Center - Part 2 → ['The Cross', 'Spiritual Warfare', 'Deliverance Ministry', 'Principalities and Powers']
         SUMMARY: In this teaching session, pastor Derek Prince explains that the cross is central to Christian faith because it is the so
         SUGGEST: ["Satan's Defeat", 'Victory in Christ'] — The document's central theological focus is Christ's total, permanent, and irrev
[ 452/634 ] Derek Prince — The Cross in My Life - Part 1 → ['The Cross', 'Spiritual Warfare', 'Overcoming Sin']
         SUMMARY: Derek Prince teaches that "the cross" refers to Jesus's sacrificial death and all its consequences and benefits, which h
         SUGGEST: ['Deception and Deception Tactics', "Satan's Strategy Against the Church"] — The document deeply explores Satan's deliberate strategy to hide the accomplishe
[ 453/634 ] Derek Prince — The Cross in My Life - Part 2 → ['The Cross', 'Dying to Self', 'Sanctification', 'Spiritual Maturity']
         SUMMARY: In this teaching on "The Cross in My Life" based on Galatians, the author argues that the Galatian Christians lost their
         SUGGEST: ['Moral Failure and Restoration', 'Legalism vs Grace'] — The document extensively addresses moral and ethical failures in the church ('sa
[ 454/634 ] Derek Prince — Ignore It at Your Peril → ['Biblical Hermeneutics', 'End Times', 'Prophecy', 'Scripture and Authority']
         SUMMARY: This document is the first sermon in a four-part series titled "And Then The End Shall Come" by an unnamed preacher who 
         SUGGEST: ['Second Coming'] — The document's central theme is the return of Christ (parousia) and end-times pr
[ 455/634 ] Derek Prince — The Spine Of Prophetic Revelation → ['End Times', 'Israel in Bible Prophecy', 'Interpreting Scripture', 'Prophetic Dreams and Visions']
         SUMMARY: In this second message of a four-part series titled "And Then the End Shall Come," Derek Prince argues that Jesus Christ
         SUGGEST: ['Jesus as Prophet', 'Mount of Olives Discourse'] — The document centers on Jesus's prophetic role and ministry, particularly emphas
[ 456/634 ] Derek Prince — Watchman, What of the Night → ['End Times', 'Discerning Times and Seasons', 'Israel and the Church', 'Eschatology']
         SUMMARY: Derek Prince's third session in "And Then The End Shall Come" series argues that the end times will be characterized by 
         SUGGEST: ['Optimism vs Pessimism in Eschatology', 'Paradox and Tension in Theology'] — The document's central theme is the reconciliation of opposing eschatological po
[ 457/634 ] Derek Prince — You Also Must Be Ready → ['End Times', 'Eschatology', 'Second Coming', 'Discerning Times and Seasons', 'Spiritual Disciplines']
         SUMMARY: In this final session of "And Then The End Shall Come," the speaker emphasizes that God always pairs theological revelat
         SUGGEST: ['Practical Application of Scripture', "Readiness and Preparation for Christ's Return"] — The document's central theme is explicitly practical application of end-times th
[ 458/634 ] Derek Prince — What Makes Life Worth Living? → ['Healing Testimony', 'Encounter with God', 'Spiritual Growth', 'Personal Prophecy']
         SUMMARY: # Summary

In this personal testimony, the author describes his early life in a strict British Anglican environment—born
         SUGGEST: ['Repentance', 'Sanctification'] — The document is fundamentally about the narrator's spiritual journey toward unde
[ 459/634 ] Derek Prince — Do You Fear God? → ['Fear of the Lord', 'Knowing God', 'Character Formation']
         SUMMARY: In this sermon, the speaker argues that the fear of the Lord is one of the most important and misunderstood teachings in
         SUGGEST: ['Reverence and Worship', "Submission to God's Authority"] — While 'Fear of the Lord' is assigned and covers the primary theme, the document 
[ 460/634 ] Derek Prince — True and False Christ - Part 1 → ['End Times', 'Discerning Times and Seasons', 'Kingdom of God']
         SUMMARY: In this teaching session on "True and False Christ," the speaker explains that "Christ" (from Greek) and "Messiah" (from
         SUGGEST: ['Biblical Typology and Symbolism', 'Interpreting Scripture'] — The document extensively analyzes the parable of the wheat and tares (Matthew 13
[ 461/634 ] Derek Prince — True and False Christ - Part 2 → ['End Times', 'Eschatology', 'Spiritual Warfare']
         SUMMARY: In this document, an unnamed biblical teacher discusses the doctrine of antichrist based primarily on 2 Thessalonians 2,
         SUGGEST: ['Apostasy', 'Antichrist and False Christs'] — The document extensively discusses apostasy as a prerequisite for the antichrist
[ 462/634 ] Derek Prince — True and False Church - Part 1 → ['Doctrine of the Church', 'Gospel', 'Foundations of Christian Doctrine']
         SUMMARY: In this two-session teaching on "True and False Church," the author argues that Christians must distinguish between a tr
         SUGGEST: ['Bride of Christ', 'False Doctrine and Heresy'] — The document's central theme contrasts the true church (faithful to its betrotha
[ 463/634 ] Derek Prince — True and False Church - Part 2 → ['Gospel', 'Jezebel Spirit', 'Eschatology', 'Spiritual Warfare']
         SUMMARY: In this second session on true versus false churches, the speaker (identity not specified) warns that false churches ari
         SUGGEST: ['False Church and Apostasy', 'Discernment in Doctrine'] — The document's central theme is distinguishing true from false church, examining
[ 464/634 ] Derek Prince — Be Perfect - Part 1 → ['Sanctification', 'Spiritual Maturity', 'Character Formation', 'Baptism in the Holy Spirit', 'Grace']
         SUMMARY: Derek Prince teaches that Jesus's commandment to "Be Perfect" (Matthew 5:48) means believers must achieve spiritual matu
         SUGGEST: ['Perfection and Holiness', 'Working Out Salvation'] — The document's central theme is the pursuit of Christian perfection (Matthew 5:4
[ 465/634 ] Derek Prince — Be Perfect - Part 2 → ['Spiritual Growth', 'Sanctification', 'Character Formation', 'Discipleship']
         SUMMARY: In this teaching session, the speaker examines Jesus's command to "be perfect, even as your Father in heaven is perfect"
         SUGGEST: ['Faithfulness in Lack', 'Knowing God'] — The document heavily emphasizes faithfulness as a foundational virtue in Christi
[ 466/634 ] Derek Prince — God's Remedy for Guilt / The Perfect Sacrifice → ['Power of Prayer', 'Spiritual Warfare', 'Revival', 'The Cross']
         SUMMARY: In this teaching, an unnamed pastor explains that God is developing the spiritual practice of scriptural proclamation—sp
         SUGGEST: ["God's Sovereignty", 'Proclamation and Declaration'] — The document emphasizes God's absolute sovereignty and authority as central to s
[ 467/634 ] Derek Prince — The Cross Obscured / The Cross In Your Life → ['The Cross', 'Justification', 'Law and Grace', 'Atonement', 'Spiritual Warfare']
         SUMMARY: Derek Prince argues in this teaching that Satan's strategy for nearly 2,000 years has been to obscure the cross's power 
         SUGGEST: ['Righteousness by Faith', 'Sanctification'] — The document extensively discusses righteousness achieved through faith in Chris
[ 468/634 ] Derek Prince — The Roman Pilgrimage (Part 13) → ["God's Will and Guidance", 'Foundations of Christian Doctrine', 'Israel and the Church', 'Grace', 'Trusting God in Hardship']
         SUMMARY: This teaching document is the first session of a four-part study by an unnamed pastor on Romans 9–11, focused on "The De
         SUGGEST: ['Sovereignty of God'] — The document's central theme is explicitly 'God's sovereignty and grace operatin
[ 469/634 ] Derek Prince — The Roman Pilgrimage (Part 14) → ['Biblical Typology and Symbolism', 'Israel and the Church', 'Interpreting Scripture']
         SUMMARY: In this second session on Romans 9–11, the author (a former professional philosopher turned preacher) argues that God's 
         SUGGEST: ['Divine Sovereignty', 'Replacement Theology'] — The document heavily emphasizes God's sovereignty as a central theological conce
[ 470/634 ] Derek Prince — The Roman Pilgrimage (Part 15) → ['Israel and the Church', 'Law and Grace', 'Interpreting Scripture']
         SUMMARY: Derek Prince explains in this teaching session on Romans 9–11 that God's plan for Israel centers on a chosen remnant who
         SUGGEST: ['Justification', 'Remnant Theology'] — The document extensively discusses justification by faith versus works/earning r
[ 471/634 ] Derek Prince — The Roman Pilgrimage (Part 16) → ['Grace', 'Dependence on God', 'Faith']
         SUMMARY: This fourth installment of a teaching series on Romans 9–11 by an unnamed pastor examines Paul's doctrine of grace, part
         SUGGEST: ['Humility', 'Sovereignty of God'] — The document heavily emphasizes humility and the surrender of human pride/self-s
[ 472/634 ] Derek Prince — The Roman Pilgrimage (Part 17) → ['Walking in the Spirit', 'Discipleship', 'Repentance', 'Spiritual Maturity']
         SUMMARY: This document is the introduction to Derek Prince's four-session teaching series on Romans 12-16, titled "Walking Out Yo
         SUGGEST: ['Surrender and Consecration', 'Priestly Identity and Function'] — The document's central theme is the complete surrender of one's body and will to
[ 473/634 ] Derek Prince — The Roman Pilgrimage (Part 18) → ['Interpreting Scripture', 'Intercessory Prayer', 'Spiritual Authority']
         SUMMARY: In this teaching session on Romans 13, author Derek Prince explains that Christians are called to submit to governmental
         SUGGEST: ['Submission to Authority', 'Prayer for Government'] — The document's primary focus is on Christians' biblical obligation to submit to 
[ 474/634 ] Derek Prince — The Roman Pilgrimage (Part 19) → ['Unity in the Church', 'Law and Grace', 'Building the Church', 'Community and Fellowship']
         SUMMARY: # Summary

This document is Derek Prince's teaching on Romans 14, examining Paul's instructions about accepting fellow b
         SUGGEST: ['Jewish Believers and Torah Observance', 'Cultural Identity and Faith'] — The document extensively discusses the tension between Jewish cultural/religious
[ 475/634 ] Derek Prince — The Roman Pilgrimage (Part 20) → ['Unity in the Church', 'Community and Fellowship', 'Forgiveness and Reconciliation', 'Israel and the Church']
         SUMMARY: In this teaching session, Derek Prince examines Romans 15:5–7 and subsequent passages to argue that Paul's primary objec
         SUGGEST: ['Acceptance and Belonging', 'Gospel to Jews and Gentiles'] — While 'Israel and the Church' is assigned, the document heavily emphasizes the d
[ 476/634 ] Derek Prince — I’m Glad You Asked That! → ['Biblical Hermeneutics', 'Interpreting Scripture', "God's Will and Guidance"]
         SUMMARY: In this Q&A session, the speaker addresses biblical tensions between God's predestination and human free will, arguing t
         SUGGEST: ['Sovereignty and Free Will', 'Christian Prayer and Intercession'] — The document's central focus is the theological tension between God's sovereignt
[ 477/634 ] Derek Prince — The Power Of Proclamation → ['Word of God', 'Scripture and Authority', 'Spiritual Warfare']
         SUMMARY: Derek Prince teaches that proclamation—rooted in the Latin meaning "to shout forth"—is a powerful form of spiritual warf
         SUGGEST: ['Power of Prayer', 'Confession and Proclamation'] — The document heavily emphasizes the power and practice of proclamation as a dist
[ 478/634 ] Derek Prince — God’s Word - Your Inexhaustible Resource - Part 1 → ['Scripture and Authority', 'Word of God', 'Encounter with God']
         SUMMARY: The author, a former Cambridge philosophy professor, explains that Jesus affirmed the Bible as both "the word of God" (G
         SUGGEST: ['Conversion and New Birth', 'Personal Testimony of Faith'] — The document contains a powerful personal conversion narrative describing the sp
[ 479/634 ] Derek Prince — God’s Word - Your Inexhaustible Resource - Part 2 → ["Hearing God's Voice", 'Healing in the Atonement', 'Faith', 'Word of God']
         SUMMARY: Derek Prince teaches that God's Word functions as medicine for physical healing when properly received through four spec
         SUGGEST: ['Meditation on Scripture', "Receiving God's Direction"] — The document emphasizes two important theological themes not currently captured 
[ 480/634 ] Derek Prince — The New Creation - Part 1 → ['New Creation', 'Foundations of Christian Doctrine', 'Biblical Typology and Symbolism']
         SUMMARY: In this teaching tape, the author (a former philosopher and preacher) explains that "the new creation in Christ" refers 
         SUGGEST: ['Salvation', 'Identity in Christ'] — The document centers on transformation through Christ and personal identity chan
[ 481/634 ] Derek Prince — The New Creation - Part 2 → ['Renewing the Mind', 'Dying to Self', 'Sanctification', 'New Creation']
         SUMMARY: # Summary

In this teaching tape, the author discusses Paul's biblical teaching on the "old man" and "new man" as presen
         SUGGEST: ['Identity in Christ', 'The Old Man and New Man'] — The document's primary focus is on understanding the theological distinction bet
[ 482/634 ] Derek Prince — Casting Down Strongholds → ['Spiritual Warfare', 'Deliverance Ministry', 'Principalities and Powers', 'Kingdom of God']
         SUMMARY: In this teaching session on "Casting Down Strongholds," Derek Prince explains that Christians are engaged in spiritual w
         SUGGEST: ["Satan's Kingdom and Demonic Hierarchy", 'Two Kingdoms in Conflict'] — The document extensively explores Satan's organized kingdom structure and the fu
[ 483/634 ] Derek Prince — The White Horse Of The Gospel → ['End Times', 'Israel in Bible Prophecy', 'Eschatology', 'Interpreting Scripture']
         SUMMARY: In this tape titled "The White Horse of the Gospel," the speaker emphasizes that Christians must give heed to prophetic 
         SUGGEST: ['Jesus as Prophet', 'Olivet Discourse'] — The document centers on Jesus's prophetic ministry and specifically on the Olive
[ 484/634 ] Derek Prince — Ministries Of The Holy Spirit → ['Encounter with God', 'Baptism in the Holy Spirit', 'Spirit-Filled Life']
         SUMMARY: In this teaching, the author emphasizes that the Holy Spirit is a real person—not merely an abstract theological concept
         SUGGEST: ['Personhood of the Holy Spirit', 'Trinity and the Godhead'] — The document's central theological focus is establishing the Holy Spirit as a re
[ 485/634 ] Derek Prince — The Holy Spirit As Guide → ['Law and Grace', "God's Will and Guidance", 'Spiritual Maturity']
         SUMMARY: The author (Derek Prince) explains that the Holy Spirit guides Christians toward spiritual maturity, arguing that being 
         SUGGEST: ['Justification', 'Sanctification'] — The document extensively explores how Christians achieve righteousness with God 
[ 486/634 ] Derek Prince — How To Find Your Place → ['Purpose and Calling', "Hearing God's Voice", 'Discovering Your Destiny']
         SUMMARY: # Summary

In this teaching on "How To Find Your Place," the author emphasizes that every Christian who is saved is also
         SUGGEST: ['Personal Prophecy', 'Recognizing Your Ministry Gift'] — The document centers on the speaker's personal prophetic calling experience (rec
[ 487/634 ] Derek Prince — Thy Kingdom Come → ['Power of Prayer', "Hearing God's Voice", "God's Will and Guidance", 'Faith']
         SUMMARY: In this sermon, the author argues that the most influential people on earth are those who know how to pray effectively, 
         SUGGEST: ['Authority in Prayer', 'Intimacy with God'] — The document heavily emphasizes the believer's authority and power through praye
[ 488/634 ] Derek Prince — When You Fast → ['Power of Prayer', 'Fasting and Prayer', 'Humility', 'Repentance']
         SUMMARY: # Summary

In this sermon session, the speaker presents fasting as a major key to effective prayer that most Christians 
         SUGGEST: ['Conditions for Revival', 'Spiritual Disciplines'] — The document emphasizes that fasting is a God-appointed spiritual discipline ess
[ 489/634 ] Derek Prince — Facing Perilous Times → ['End Times', 'Prophecy', 'Israel in Bible Prophecy']
         SUMMARY: Derek Prince teaches that Christians must understand biblical prophecy about the last days—the period before Christ's re
         SUGGEST: ['Testing Prophecy', 'Discerning Times and Seasons'] — The document extensively addresses false prophecy, false prophets, and how to di
[ 490/634 ] Derek Prince — The Two Harvests → ['Baptism in the Holy Spirit', 'History of Revival', 'Azusa Street Revival', 'Great Commission']
         SUMMARY: This document by Derek Prince teaches that harvest is a central biblical theme, with rain as its prerequisite, arguing t
         SUGGEST: ['Biblical Typology and Symbolism', 'Eschatology'] — The document heavily employs biblical typology by using the agricultural rain cy
[ 491/634 ] Derek Prince — The Two Banquets → ['Repentance', 'Kingdom of God', 'Fruit of the Spirit', 'Lordship of Christ']
         SUMMARY: In this sermon titled "The Two Banquets," the speaker uses Jesus's parable of the vineyard (Matthew 21:33-46) to warn ag
         SUGGEST: ['Humility', 'Presumption and Pride'] — The document's central warning is against spiritual presumption—assuming a relat
[ 492/634 ] Derek Prince — Take Heed That You Are Not Deceived → ['Discerning Times and Seasons', 'Pitfalls of the Prophetic', 'Testing Prophecy', 'End Times', 'Biblical Hermeneutics', 'Interpreting Scripture']
         SUMMARY: # Summary

Derek Prince teaches that vigilance against deception in the end times requires understanding Jesus's repeate
         SUGGEST: ['Divine Election and Predestination', 'Truth and Spiritual Discernment'] — The document emphasizes two theologically significant themes not adequately cove
[ 493/634 ] Derek Prince — The Nations → ['Eschatology', 'Foundations of Christian Doctrine', 'Salvation']
         SUMMARY: # Summary

In this sermon on Hebrews 12:25-29 and Haggai 2:6, the speaker argues that modern Christians have wrongly aba
         SUGGEST: ["God's Judgment", 'Repentance'] — The document centers on God's judgment as a foundational theological reality, wi
[ 494/634 ] Derek Prince — The Church → ['Holiness', 'End Times', 'Sanctification', 'Spiritual Maturity']
         SUMMARY: In this teaching on James 1:2-4 and 2 Peter 3:11-12, the author emphasizes that believers should respond to God's promis
         SUGGEST: ['Separation from the World', 'Mental Purity and Thought Life'] — The document emphasizes practical holiness through separation from worldly influ
[ 495/634 ] Derek Prince — Guilt, Shame, Rejection → ['Inner Healing', 'Emotional Healing', 'The Cross', 'Atonement', 'Healing Ministry']
         SUMMARY: In this sermon excerpt, author Derek Prince teaches that Jesus provided emotional healing through His sacrifice on the c
         SUGGEST: ['Dependence on the Holy Spirit', 'Compassion and Pastoral Care'] — The document emphasizes seeking 'a spirit of wisdom and revelation' and dependen
[ 496/634 ] Derek Prince — Predictive Prophecies Of The Bible → ['Prophecy', 'Testing Prophecy', 'Pitfalls of the Prophetic', 'Apostolic Ministry']
         SUMMARY: In this testimony, the speaker teaches that biblical prophecies are reliable and trustworthy because they have been test
         SUGGEST: ['Personal Proclamation and Declarations', 'Marriage and Relationships Counseling'] — The document emphasizes the practice of speaking scriptural proclamations (e.g.,
[ 497/634 ] Derek Prince — The Spine Of Biblical Prophecy → ['End Times', 'Interpreting Scripture', 'Eschatology', 'Biblical Hermeneutics']
         SUMMARY: The speaker, drawing from his 51 years in the Pentecostal movement, argues that understanding biblical prophecy requires
         SUGGEST: ['Jesus Christ and His Teaching', 'Olivet Discourse'] — The document centers on Jesus's prophetic teaching on the Mount of Olives (Matth
[ 498/634 ] Derek Prince — Days Of Noah And Lot → ['End Times', 'Eschatology', 'Discerning Times and Seasons', 'Kingdom of God']
         SUMMARY: In this teaching excerpt, Derek Prince addresses end-times prophecy by presenting a balanced biblical perspective on the
         SUGGEST: ['Good and Evil in the Last Days', 'Fruit of the Spirit'] — The document's central theological theme is the coexistence and contrast between
[ 499/634 ] Derek Prince — Israel In The End Times → ['Israel in Bible Prophecy', 'End Times', 'Israel and the Church', 'Interpreting Scripture']
         SUMMARY: Derek Prince argues that Israel refers specifically to the descendants of Abraham, Isaac, and Jacob as a distinct nation
         SUGGEST: ['Replacement Theology', "God's Covenant with Israel"] — The document fundamentally addresses two crucial theological concepts not repres
[ 500/634 ] Derek Prince — Will The Antichrist Arise In Europe? → ['End Times', 'Eschatology', 'Discerning of Spirits', 'Interpreting Scripture']
         SUMMARY: This document, authored by an unspecified Bible teacher, examines the biblical concept of antichrist as part of an end-t
         SUGGEST: ['Deception and False Doctrine', 'Spiritual Discernment'] — The document extensively addresses deception in end times (Christians being 'swe
[ 501/634 ] Derek Prince — The Lamb vs The Beast → ['End Times', 'Eschatology', 'Israel in Bible Prophecy', 'Spiritual Warfare', 'Character Formation']
         SUMMARY: In this closing sermon address, the author contrasts the character of the Antichrist (the wild beast) with Jesus Christ 
         SUGGEST: ['Nature of Christ', 'Antichrist and Deception'] — The document extensively contrasts the nature and character of Christ (the Lamb)
[ 502/634 ] Derek Prince — How I Became Involved With Israel → ["God's Will and Guidance", 'Encounter with God', 'Israel and the Church', 'Biblical Typology and Symbolism']
         SUMMARY: The author, a former Cambridge philosophy professor, describes his divine transformation from a secular intellectual int
         SUGGEST: ['Personal Testimony and Conversion', "Jacob's Wrestle with God"] — The document centers on two major theological themes not adequately captured by 
[ 503/634 ] Derek Prince — Israel and the Church - Parallel Restoration → ['Discerning Times and Seasons', 'Israel and the Church', 'Repentance', 'End Times']
         SUMMARY: The author (a Bible teacher, not theologian) argues that God's program to close the current age follows four sequential 
         SUGGEST: ["God's Sovereignty", 'Revival'] — The document heavily emphasizes God's sovereign control over times and seasons (
[ 504/634 ] Derek Prince — The Uniqueness of Israel - God’s Prophetic Calenda → ['Israel and the Church', 'Israel in Bible Prophecy', 'Biblical Stewardship', 'Generational Blessing', 'Scripture and Authority', 'Redemption']
         SUMMARY: This document presents a biblical theology argument by an unnamed speaker asserting that Israel holds a unique and divin
         SUGGEST: ['Covenant Theology', 'Divine Election and Chosenness'] — The document's central theme is God's divine election and unique covenant relati
[ 505/634 ] Derek Prince — Israel - Glimpses of the Future - Part 1 → ['Israel in Bible Prophecy', 'Interpreting Scripture', 'Prophecy']
         SUMMARY: The document is a transcription of a biblical teaching session by an unnamed author titled "Israel, Glimpses of the Futu
         SUGGEST: ['Second Coming', 'Testing Prophecy'] — The document emphasizes the Second Coming of Jesus Christ as a central theme (Pe
[ 506/634 ] Derek Prince — Israel - Glimpses of the Future - Part 2 → ['End Times', 'Israel in Bible Prophecy', 'Eschatology']
         SUMMARY: This document is a prophetic sermon by an unnamed author teaching about future end-times events centered on Jerusalem an
         SUGGEST: ['Tribulation', 'Second Coming'] — The document extensively discusses the Tribulation period as a central eschatolo
[ 507/634 ] Derek Prince — How To Pray For Israel → ['Intercessory Prayer', 'Israel and the Church', 'Israel in Bible Prophecy', 'Power of Prayer', "God's Will and Guidance"]
         SUMMARY: In this final sermon of a series, the author presents eleven suggestions for effective prayer for Israel, with the first
         SUGGEST: ['Prophetic Intercession', "Understanding God's Purposes"] — The document's central theme is teaching how to pray for Israel effectively by u
[ 508/634 ] Derek Prince — The Goal Is Love → ['Conditions for Revival', 'Encounter with God', 'Justification', 'New Covenant']
         SUMMARY: This document presents a sermon by an unnamed pastor who uses 1 John 4:7-11 and Romans 8:3-4 as foundational texts to di
         SUGGEST: ['Sanctification', 'The Cross'] — The document heavily emphasizes how believers achieve righteousness not through 
[ 509/634 ] Derek Prince — What It Means To Love God → ['Intimacy with God', 'New Covenant', 'Discipleship', 'Character Formation']
         SUMMARY: This sermon, delivered by an unnamed pastor to a desperate audience seeking hope, teaches that loving God is inseparable
         SUGGEST: ['Love of God', 'Obedience'] — The document's central theological theme is the inseparable connection between l
[ 510/634 ] Derek Prince — Self-Humbling → ['Conditions for Revival', 'Humility', 'Spiritual Warfare', 'Principalities and Powers']
         SUMMARY: In this sermon excerpt, the speaker (an experienced preacher addressing British audiences about revival) establishes tha
         SUGGEST: ['Territorial Spirits', 'Satan and Demonology'] — The document extensively discusses the fall of Lucifer/Satan and the nature of s
[ 511/634 ] Derek Prince — Grace vs Law → ['Law and Grace', 'Conditions for Revival', 'Justification', 'Resurrection']
         SUMMARY: Derek Prince argues that legalism—attempting to earn God's favor through works rather than receiving righteousness throu
         SUGGEST: ['Righteousness', 'Faith vs Works'] — The document's central theme is the contrast between legalism (righteousness thr
[ 512/634 ] Derek Prince — Witchcraft In Disguise → ['Revival', 'Conditions for Revival', 'Spiritual Warfare', 'Overcoming Sin', 'Character Formation', 'Preserving Revival']
         SUMMARY: In this sermon excerpt, the speaker (likely Derek Prince based on the context) teaches that witchcraft is a spiritual po
         SUGGEST: ['Witchcraft and Occult Deception', 'Authority and Control'] — The document's central focus is on identifying and addressing 'witchcraft in dis
[ 513/634 ] Derek Prince — The Prayer Of Desperation → ['Salvation', 'Evangelism', 'Israel in Bible Prophecy', 'Repentance']
         SUMMARY: Derek Prince argues in this sermon on "The Prayer of Desperation" that God deliberately delays intervention until people
         SUGGEST: ['Second Coming', 'Prayer and Intercession'] — The document heavily emphasizes the Second Coming of Christ (detailed discussion
[ 514/634 ] Derek Prince — How To Live In A World Falling Apart → ['End Times', 'Eschatology', 'Spiritual Warfare', "God's Will and Guidance"]
         SUMMARY: # Summary

An unnamed speaker, drawing on his 78 years of life experience across multiple continents, argues that the wo
         SUGGEST: ['Corruption of Human Nature', 'Moral Decline and Society'] — The document extensively examines the deterioration of human society and moral s
[ 515/634 ] Derek Prince — The Place Of Israel In God’s Purposes → ['Israel and the Church', 'Israel in Bible Prophecy', 'Eschatology', 'Biblical Hermeneutics', "God's Will and Guidance", 'Foundations of Christian Doctrine']
         SUMMARY: In this sermon (Tape No. I-4381), the speaker argues that Israel holds a unique and irreplaceable place in God's purpose
         SUGGEST: ["God's Covenant with Israel", 'Redemption of Israel'] — The document emphasizes Israel's unique covenant relationship with God and God's
[ 516/634 ] Derek Prince — How To Face The Last Days Without Fear → ['End Times', 'Eschatology', 'Perseverance']
         SUMMARY: # Summary

In this sermon from Titus 2:11-14, the preacher addresses how Christians can face the last days without fear 
         SUGGEST: ['Moral Failure and Restoration', 'Testing and Trials'] — The document heavily emphasizes the deterioration of human character, ethics, an
[ 517/634 ] Derek Prince — What Is God Waiting For? → ['Doctrine of the Church', 'Temple and Priesthood', 'Building the Church', 'Identity in Christ', 'Redemption']
         SUMMARY: In this message, the speaker addresses why God has tolerated evil throughout history by arguing that God is patiently wa
         SUGGEST: ['Theology of Healing', 'The Cross'] — While the document extensively discusses redemption through Christ's precious bl
[ 518/634 ] Derek Prince — How To Approach Biblical Prophecy → ['Prophecy', 'Scripture and Authority', 'Interpreting Scripture', 'Testing Prophecy']
         SUMMARY: In this teaching on "How to Approach Biblical Prophecy," the speaker emphasizes that appreciating God's sovereignty, jus
         SUGGEST: ["God's Sovereignty", "Divine Justice and God's Character"] — The document centers heavily on understanding God's sovereignty, majesty, justic
[ 519/634 ] Derek Prince — First Discover the Spine → ['End Times', 'Israel in Bible Prophecy', 'Interpreting Scripture', 'Second Coming']
         SUMMARY: The author, a biblical prophecy teacher, argues that Matthew 24 represents the "spine" of biblical prophecy and uses Jes
         SUGGEST: ['Jewish History and the Temple', 'Literal vs Figurative Interpretation of Prophecy'] — The document heavily emphasizes the historical destruction of the Temple in AD 7
[ 520/634 ] Derek Prince — Pressures, Tests And Challenges → ['End Times', 'Discerning Times and Seasons', 'Israel in Bible Prophecy']
         SUMMARY: In this eschatological teaching, the author examines Matthew 24:36-39 and parallel passages to argue that the end times 
         SUGGEST: ['Spiritual Warfare', 'Second Coming'] — The document extensively discusses satanic infiltration, demonic activity, and s
[ 521/634 ] Derek Prince — You Can Come Through Victorious → ["God's Will and Guidance", 'Overcoming Temptation', 'Identity in Christ', 'Lordship of Christ']
         SUMMARY: # Summary

This sermon, delivered by Derek Prince (though not explicitly named in the excerpt), teaches that Christians 
         SUGGEST: ['Fatherhood', 'Suffering and Sovereignty'] — The document emphasizes God as Father and the comfort/identity found in that rel
[ 522/634 ] Derek Prince — Worship → ['Worship', 'Biblical Typology and Symbolism', 'Spiritual Disciplines']
         SUMMARY: In this sermon on worship, the speaker uses the grain offering described in Leviticus 2 as a typological framework to es
         SUGGEST: ['Sincerity and Truth in Worship', 'Covenant Relationship with God'] — The document emphasizes two major theological themes not adequately captured by 
[ 523/634 ] Derek Prince — How To Be Delivered → ['Deliverance Ministry', 'Spiritual Warfare', 'Healing Ministry', 'Signs and Wonders']
         SUMMARY: This sermon by an unnamed Christian minister teaches that deliverance from demons and evil spirits is a core and neglect
         SUGGEST: ['Demon Possession and Demonization', "Jesus' Ministry Model"] — The document heavily emphasizes the theological understanding of demonization (v
[ 524/634 ] Derek Prince — Fierce Times Are Coming → ['End Times', 'Character Formation', 'Eschatology']
         SUMMARY: Derek Prince argues in this seminar on "Fierce Times Are Coming" that the degeneration of human character—not external f
         SUGGEST: ["God's Judgment", 'Proclamation and Declaration'] — The document heavily emphasizes God's judgment as a central theological theme, d
[ 525/634 ] Derek Prince — Women In The Church → ['Women in Ministry', 'Eschatology', 'Biblical Hermeneutics']
         SUMMARY: Derek Prince teaches that women's historical oppression, while real, must be understood within the broader context of hu
         SUGGEST: ['Fall of Man and Sin', 'Prophetic Scripture and Interpretation'] — The document emphasizes the theological doctrine of the Fall of Man as the root 
[ 526/634 ] Derek Prince — Women In The Church - Question and Answer → ['Church Governance and Structure', 'Leadership Development', 'Women in Ministry', 'Pastoral Ministry']
         SUMMARY: Derek Prince uses 2 Timothy 2:10 as a foundation for teaching that church government and rulership are vital to God's he
         SUGGEST: ['Spiritual Authority', 'Servant Leadership'] — The document heavily emphasizes the theological importance of divine authority, 
[ 527/634 ] Derek Prince — God Holds The Church Accountable → ['Revival', 'Church Governance and Structure', 'Conditions for Revival', 'History of Revival']
         SUMMARY: In this address, the speaker announces his central theme that "in any nation where the church is established, God holds 
         SUGGEST: ['Intercessory Prayer', 'Power of Prayer'] — The document emphasizes the practice of proclaiming God's Word as a powerful spi
[ 528/634 ] Derek Prince — Judgment Must Begin At God’s House → ['Intercessory Prayer', 'Power of Prayer', 'Fasting and Prayer', 'History of Revival']
         SUMMARY: Derek Prince, a missionary and author, shares his personal immigration story to America and celebrates the twenty-fifth 
         SUGGEST: ['Divine Guidance and Provision', "God's Sovereignty in History"] — The document emphasizes God's providential guidance in the speaker's immigration
[ 529/634 ] Derek Prince — Sin, Righteousness, Judgment → ['Gospel', 'Repentance', 'Overcoming Sin', 'Holiness']
         SUMMARY: # Summary

This document presents a sermon by an unnamed speaker arguing that sin, righteousness, and judgment are the t
         SUGGEST: ['Judgment of God', 'Conviction of Sin'] — The document centers heavily on God's judgment as a foundational theme of the go
[ 530/634 ] Derek Prince — Self-Humbling Through Fasting → ['Fasting and Prayer', 'Humility', 'Spiritual Disciplines']
         SUMMARY: Derek Prince teaches that fasting is the biblical method for humbling and subduing the soul—the ego comprising will, int
         SUGGEST: ['Soul and Spirit', 'Subduing the Flesh'] — The document has a significant theological focus on understanding the nature of 
[ 531/634 ] Derek Prince — The Bride Prepares Herself → ['Great Commission', 'Evangelism', 'Power Evangelism', 'Divine Healing', 'Healing Ministry']
         SUMMARY: Derek Prince shares testimonies of God's faithfulness in spreading the gospel through radio ministry, particularly in Cu
         SUGGEST: ['Radio Ministry and Broadcasting', 'Testimony and Personal Narrative'] — The document heavily emphasizes Derek Prince's radio ministry as the primary mea
[ 532/634 ] Derek Prince — A Vision Of Holiness → ['Holiness', 'Vision and Mission', 'Spiritual Growth', 'Perseverance']
         SUMMARY: In this closing conference address, the speaker (drawing on Philippians 1:6) argues that the contemporary church has los
         SUGGEST: ['Revelation and Encounter with God', 'Discipline and Self-Control'] — The document heavily emphasizes the necessity of direct personal revelation from
[ 533/634 ] Derek Prince — Four Truths for Life → ['Faith', 'Friendship', 'Community and Fellowship']
         SUMMARY: In this speech, a retired principal and Christian missionary argues that rather than emphasizing generational difference
         SUGGEST: ['Loyalty and Faithfulness', 'Personal Relationship with Jesus'] — The document emphasizes loyalty as a core biblical concept that is central to un
[ 534/634 ] Derek Prince — Do You Realize How Valuable You Are? → ['Identity in Christ', 'Humility', 'Character Formation']
         SUMMARY: In this sermon message titled "Do You Realize How Valuable You Are?", the speaker addresses the widespread problem of po
         SUGGEST: ['Spiritual Pride and Humility', 'Satan and Demonic Opposition'] — The document extensively explores the danger of spiritual pride (using Lucifer's
[ 535/634 ] Derek Prince — What It Means To Be A Man Of God → ['Scripture and Authority', 'Character Formation', 'Fatherhood']
         SUMMARY: In this sermon on "What It Means to Be a Man of God," the speaker (likely Derek Prince based on the theological perspect
         SUGGEST: ['Biblical Complementarianism', 'Hermeneutical Authority and Interpretation'] — The document heavily addresses how Scripture should be interpreted and defended 
[ 536/634 ] Derek Prince — Father God → ['Knowing God', 'Deep Intimacy with God', 'Encounter with God', 'Fatherhood', 'Spiritual Sonship']
         SUMMARY: In this sermon excerpt, the speaker draws from 1 John 3:1-3 and John 14:6 to argue that while many Christians know Jesus
         SUGGEST: ['Spiritual Warfare', 'Manifestations of the Spirit'] — The document contains a significant spiritual warfare encounter (the struggle wi
[ 537/634 ] Derek Prince — Why Israel? → ['Israel and the Church', 'Israel in Bible Prophecy', 'Biblical Hermeneutics']
         SUMMARY: In this biblical teaching, the author presents a systematic argument that understanding Israel is essential to understan
         SUGGEST: ['Covenant and Promises', 'Messianic Prophecy'] — The document emphasizes God's covenant promises to Israel (Exodus 19:6) and exte
[ 538/634 ] Derek Prince — Glimpses Of The End → ['End Times', 'Eschatology', 'Faith', 'Holiness']
         SUMMARY: Derek Prince, a Christian minister, teaches that believers can overcome death through the declaration of Psalm 118:17 ("
         SUGGEST: ['Spiritual Warfare', 'Declaration and Proclamation'] — The document contains significant emphasis on spiritual warfare elements (dark s
[ 539/634 ] Derek Prince — Orphans, Widows, the Poor and Oppressed → ['Biblical Typology and Symbolism', 'Generational Blessing']
         SUMMARY: # Summary

This document presents a teaching by a ministry leader on biblical righteousness, arguing that true righteous
         SUGGEST: ['Social Justice and Care for the Poor', 'Practical Righteousness and Godly Character'] — The document's central theological theme is the nature of righteousness as demon
[ 540/634 ] Derek Prince — The Lord’s Treasure - The Fear of the Lord → ['Fear of the Lord', 'How to Study the Bible', 'Spiritual Warfare']
         SUMMARY: Derek Prince argues in this sermon that "the fear of the Lord" is God's treasure that Christians should actively pursue 
         SUGGEST: ['Overcoming Spiritual Laziness', "Satan's Deception and Tactics"] — The document extensively addresses spiritual laziness as a deliberate spiritual 
[ 541/634 ] Derek Prince — Overcoming Guilt, Shame and Rejection → ['Overcoming Rejection', 'The Cross', 'Encounter with God', 'Faith for Healing', 'Atonement']
         SUMMARY: Derek Prince teaches that Jesus' sacrifice on the cross provides eternal, perfect, and complete healing for guilt, shame
         SUGGEST: ['Assurance of Salvation', 'Personal Testimony'] — The document emphasizes how the speaker came to understand and personally experi
[ 542/634 ] Derek Prince — Being A Servant → ['Servant Leadership', 'Character Formation', 'Identity in Christ', 'Lordship of Christ']
         SUMMARY: In this sermon on servanthood, the speaker argues that being a servant is a divine and eternal characteristic rooted in 
         SUGGEST: ['Humility', 'Dying to Self'] — The document extensively explores the spiritual necessity of rejecting self-cent
[ 543/634 ] Derek Prince — The Resurrection → ['Resurrection', 'Foundations of Christian Doctrine', 'Salvation']
         SUMMARY: This sermon by an unnamed evangelical preacher centers on the biblical doctrine of the Resurrection, drawing primarily f
         SUGGEST: ['Second Coming', 'Eschatology'] — The document extensively discusses the three successive stages of resurrection i
[ 544/634 ] Derek Prince — War In Heaven → ['Spiritual Warfare', 'Principalities and Powers', 'Integrity in Leadership']
         SUMMARY: In this sermon on spiritual warfare from Ephesians 6:12, Derek Prince (a Greek scholar and Cambridge professor) argues t
         SUGGEST: ['Pride and Humility', 'Rebellion Against God'] — The document extensively explores pride and personal ambition as the root motiva
[ 545/634 ] Derek Prince — War on Earth → ['Deliverance Ministry', 'Spiritual Warfare', 'Healing Testimony']
         SUMMARY: In this teaching on spiritual warfare on earth, Derek Prince provides a personal testimony of being healed from bladder 
         SUGGEST: ['Demonic Possession and Demonization', 'Authority of Jesus Over Demons'] — The document heavily emphasizes the nature of demonization versus possession (a 
[ 546/634 ] Derek Prince — Commanded to Love → ['Evangelism', 'Great Commission', 'Character Formation']
         SUMMARY: This teaching address by an unnamed speaker presents Jesus's command in John 13:34-35 as the simple yet powerful method 
         SUGGEST: ['Love and Compassion', "Obedience to God's Commands"] — The document's central theological focus is on love as a commandment (not option
[ 547/634 ] Derek Prince — Prophecy - God’s Time Map → ['Prophecy', 'Eschatology', 'End Times', "God's Will and Guidance"]
         SUMMARY: # Summary

Derek Prince's teaching "Prophecy: God's Time Map" (1971) defines prophecy as the revelation from Scripture b
         SUGGEST: ['Biblical Interpretation and Application', 'Derek Prince'] — The document is a teaching transcript that emphasizes how to interpret and apply
[ 548/634 ] John Bevere — Don’t Fall For This Trick. → ['Discerning Times and Seasons', 'End Times', 'Testing Prophecy', 'Lordship of Christ']
         SUMMARY: The document is a sermon by an unnamed pastor examining Jesus's letter to the Church of Philadelphia from the Book of Re
         SUGGEST: ['Authority and Power in Christ', 'Perseverance and Endurance'] — The document emphasizes Christ's supreme authority (the key of David, opening an
[ 549/634 ] John Bevere — How to Know If You're a TRUE Child of God → ["God's Will and Guidance", 'Encounter with God', 'Eschatology', 'Spiritual Maturity', 'Repentance']
         SUMMARY: # Summary

This document presents a sermon by an unnamed pastor discussing God's discipline of believers, using a person
         SUGGEST: ['Divine Discipline and Correction', "God's Love and Justice"] — The document's central theological focus is on God's discipline, correction, and
[ 550/634 ] John Bevere — How to Know If You’re Actually Lukewarm → ['Character in Leadership', 'Integrity in Leadership', 'Holiness', 'Repentance']
         SUMMARY: This document presents a sermon teaching on the dangers of spiritual hypocrisy and self-deception, arguing that Christia
         SUGGEST: ['Self-Deception', 'Vulnerability in Ministry'] — The document's central theological concern is self-deception—how believers can f
[ 551/634 ] John Bevere — The Brain Block That’s Killing Your Prayer Life → ['Power of Prayer', "Hearing God's Voice", 'Intimacy with God', 'Spiritual Disciplines']
         SUMMARY: # Summary

The author argues that 45 million Americans stopped praying between 2010 and 2020 primarily because they misu
         SUGGEST: ['Distraction and Digital Culture', 'Contemplative Prayer and Silence'] — The document heavily emphasizes how modern technology (smartphones, constant con
[ 552/634 ] John Bevere — The Devil's Latest Plan Is Digital. → ['Overcoming Offense', 'Forgiveness and Reconciliation', 'Spiritual Warfare', 'Strongholds in the Mind']
         SUMMARY: Pastor John Bevere argues in this discussion about his book *The Bait of Satan* that unforgiveness and offense—whether f
         SUGGEST: ['Social Media and Faith', 'Spiritual Blindness'] — The document heavily emphasizes how social media, algorithms, and media consumpt
[ 553/634 ] John Bevere — The Greatest Lie About Christianity in America → ['Holiness', 'Character Formation', 'Discerning Times and Seasons', 'Eschatology', 'Pastoral Ministry']
         SUMMARY: John Bevere addresses the church regarding the death of Charlie Kirk, calling believers to bold gospel proclamation and 
         SUGGEST: ['Boldness in Witness', 'Spiritual Compromise'] — The document emphasizes two significant theological themes not adequately repres
[ 554/634 ] John Bevere — We Need to Talk About This → ['Fear of the Lord', 'Integrity in Leadership', 'Overcoming Offense', 'Purpose and Calling']
         SUMMARY: This document presents a speaker defending Charlie Kirk's involvement in government and political discourse from a Chris
         SUGGEST: ['Martyrdom and Persecution', 'Speaking Truth with Love'] — The document heavily emphasizes martyrdom (the speaker explicitly calls someone 
[ 555/634 ] John Bevere — What Happens RIGHT Before The Anti-Christ Shows Up → ['Spiritual Warfare', 'Overcoming Sin', 'End Times', 'Discerning Times and Seasons']
         SUMMARY: In this sermon, the speaker argues that "lawlessness"—the secret power described by Paul in 2 Thessalonians as a force t
         SUGGEST: ['Apostasy', 'Lawlessness and the Spirit of the Age'] — The document is fundamentally about apostasy (the 'falling away' from 2 Thessalo
[ 556/634 ] John Bevere — Why Some Christians Will Miss the Rapture → ['Discerning Times and Seasons', 'End Times', 'Eschatology', 'Repentance', 'Spiritual Maturity']
         SUMMARY: # Summary

An unnamed evangelical speaker argues that American Christians are spiritually asleep despite being political
         SUGGEST: ['Deception in the End Times', 'Worldliness and Separation from the World'] — The document heavily emphasizes Jesus's warning about deception (mentioned four 
[ 557/634 ] Derek Prince — How To Be A Father → FAILED: Expecting value: line 1 column 1 (char 0)
[ 558/634 ] John Bevere — Experience God's Awe → ['Fear of the Lord', 'Anointing', 'Discipleship', 'Spiritual Maturity']
         SUMMARY: # Summary

This document is a church sermon transcript by an unnamed pastor at Freedom House Church addressing the congr
         SUGGEST: ['Hatred of Sin and Lawlessness', 'Intimacy with God'] — The document extensively develops two major theological themes not adequately ca
[ 559/634 ] John Bevere — God Has Made Your Calling beyond Your Natural Abil → ['Grace', 'Faith', 'Spiritual Growth', 'Purpose and Calling', 'Dependence on God']
         SUMMARY: # Summary

The author teaches that grace is not merely God's forgiveness of sins, but rather God's empowering presence t
         SUGGEST: ['Empowerment by the Holy Spirit', "Accessing God's Power Through Faith"] — The document's central theme is that grace is not merely forgiveness but God's e
[ 560/634 ] John Bevere — How to Know If You’re Following the Real Jesus → ['Scripture and Authority', 'Knowing God', 'Fear of the Lord', 'End Times']
         SUMMARY: The author argues that because Jesus is not physically visible, people often construct false versions of Jesus that cont
         SUGGEST: ['Biblical Discernment and False Teaching', 'Obedience to God'] — The document's primary focus is on discerning the true Jesus from false or disto
[ 561/634 ] John Bevere — How to Maintain a Clear Conscience → ["Hearing God's Voice", 'New Covenant', 'Sanctification']
         SUMMARY: In this teaching, the author emphasizes that protecting one's conscience is the most fundamental spiritual practice, cit
         SUGGEST: ['Conscience and Conviction', 'Obedience to God'] — The document's central theme is the importance of protecting one's conscience as
[ 562/634 ] John Bevere — It's Never Too Late → ['Activating Spiritual Gifts', 'Purpose and Calling', 'Biblical Stewardship']
         SUMMARY: In this course introduction, the author uses a story about a wealthy businessman named Stan to teach that every Christia
         SUGGEST: ['Stewardship and Generosity', 'Discovering Your Gifts and Potential'] — While 'Biblical Stewardship' is assigned, the document emphasizes stewardship sp
[ 563/634 ] John Bevere — Obey Even If It’s Painful → ['Fear of the Lord', 'Scripture and Authority', 'Character Formation']
         SUMMARY: The author teaches that fearing God means obeying His word absolutely—instantly, even when it doesn't make sense or hurt
         SUGGEST: ['Obedience to God', 'Persecution and Faithfulness'] — The document's central themes are: (1) obedience to God even when costly, diffic
[ 564/634 ] John Bevere — Obey God to Completion → ['Fear of the Lord', 'Character Formation', 'Lordship of Christ', 'Spiritual Maturity', "God's Will and Guidance"]
         SUMMARY: This document presents teaching on complete obedience to God, emphasizing that partial obedience—like King Saul's 99% co
         SUGGEST: ['Obedience to God', "Completion and Perseverance in God's Calling"] — The document's central theme is the imperative of complete obedience to God's co
[ 565/634 ] John Bevere — Pursue Jesus as Much as He Pursues You → ['Fear of the Lord', 'Intimacy with God', 'Knowing God', 'Deep Intimacy with God']
         SUMMARY: # Summary

In this teaching on intimacy with God, the speaker argues that the fear of the Lord is the essential starting
         SUGGEST: ["God's Character and Attributes", 'Spiritual Authority and Dominion'] — The document emphasizes God's perfect love, unchanging nature, and the distincti
[ 566/634 ] John Bevere — The Power of Your Yes → ['Fear of the Lord', 'Character Formation', 'Discipleship', 'Spiritual Maturity']
         SUMMARY: This document presents a sermon teaching on unconditional obedience to God, using Queen Esther as the primary biblical e
         SUGGEST: ['Obedience to God', 'Trusting God in Hardship'] — The document's central theme is obedience to God without expecting personal bene
[ 567/634 ] John Bevere — Addressing the Tolerance of Unholy Behavior in You → ['Fear of the Lord', 'Character in Leadership', 'Overcoming Sin']
         SUMMARY: # Summary

This document, drawn from a teaching or sermon, uses Peter's first epistle and biblical examples to argue tha
         SUGGEST: ['Hypocrisy and Authenticity', 'Servant Leadership'] — The document extensively discusses hypocrisy (Peter's behavior in Antioch, playi
[ 568/634 ] John Bevere — Breaking the Chains: Stop Tolerating Sin Today → ['Fear of the Lord', 'Moral Failure and Restoration', 'Overcoming Sin']
         SUMMARY: In this teaching, the author recounts a prison visit with a famous fraudster and argues that American Christians often l
         SUGGEST: ['Lawlessness vs Legalism', 'Wisdom and Fear of God'] — The document presents a nuanced theological framework contrasting two dangers: l
[ 569/634 ] John Bevere — Come Close to God, and He Will Come Close to You → ['Deep Intimacy with God', 'Fear of the Lord', 'Friendship', 'Spiritual Maturity']
         SUMMARY: In this teaching, the author uses the biblical accounts of Abraham and Lot to illustrate that becoming a "friend of God"
         SUGGEST: ['Worldliness and Separation from the World', 'Obedience and Surrender'] — The document heavily emphasizes the danger of worldly compromise (Lot's carnalit
[ 570/634 ] John Bevere — Desire and Power: A Journey to Intimacy with God → ['Fear of the Lord', 'Grace', 'Spiritual Growth']
         SUMMARY: The author teaches that the fear of the Lord and the grace of God work together as "powerful twins" to enable believers 
         SUGGEST: ["God's Will and Guidance", 'Empowerment through the Holy Spirit'] — The document heavily emphasizes how fear of the Lord and grace work together to 
[ 571/634 ] John Bevere — Discover the Secret to Experiencing God's Presence → ["God's Presence", 'Fear of the Lord', 'Intimacy with God']
         SUMMARY: This teaching explains the distinction between God's omnipresence (His presence everywhere) and His manifest presence (w
         SUGGEST: ['Holiness', 'Obedience'] — The document emphasizes holiness as a prerequisite for experiencing God's manife
[ 572/634 ] John Bevere — Discover the True Desires of Your Heart → ['Fear of the Lord', 'Character Formation', 'Integrity in Leadership']
         SUMMARY: # Summary

This sermon teaches that God condemns hypocrisy—giving false impressions about one's true motives and intenti
         SUGGEST: ['Hypocrisy', 'Purity of Heart'] — The document's central theme is a detailed theological teaching on hypocrisy as 
[ 573/634 ] John Bevere — Discover Your True Value to God → ['Identity in Christ', 'Knowing God', 'Redemption']
         SUMMARY: In this teaching, the author argues that human value should not be measured by what others think of us, but rather by ou
         SUGGEST: ["Self-Worth and God's Valuation", 'The Love of God'] — The document's central theological focus is on understanding one's intrinsic val
[ 574/634 ] John Bevere — Do You Want to Be Close to Jesus? → ['Intimacy with God', 'Fear of the Lord', 'Friendship', 'Spiritual Maturity']
         SUMMARY: The author argues that not all Christians are automatically "friends of God" through being born again, but rather friend
         SUGGEST: ['Obedience and Discipleship', "God's Love and Protection"] — The document emphasizes two major theological themes not adequately captured by 
[ 575/634 ] John Bevere — Embrace Your Unique Talents and Flourish → ['Recognizing Your Ministry Gift', 'Activating Spiritual Gifts', 'Character Formation']
         SUMMARY: In this teaching, the author (John Bevere) emphasizes the importance of honestly assessing the spiritual gifts God has g
         SUGGEST: ['Waiting on God', "God's Timing and Seasons"] — The document emphasizes the critical importance of assessing one's gifts 'in rea
[ 576/634 ] John Bevere — Escaping the TRAP of "Casual Christianity" → ['Discipleship', 'Renewing the Mind', 'Spiritual Growth', 'Perseverance']
         SUMMARY: # Summary

The author argues that Christians must prioritize daily Bible reading and the development of moral virtue to 
         SUGGEST: ['Overcoming Worldly Influences', 'Moral Excellence and Virtue'] — The document emphasizes resisting worldly pressure and societal corruption (the 
[ 577/634 ] John Bevere — Evidence That Someone Is in Relationship with Jesu → ['Fear of the Lord', 'Intimacy with God', 'New Creation']
         SUMMARY: In this teaching passage, the author emphasizes that the "fear of God" means being terrified of separation from God and 
         SUGGEST: ['Obedience', 'Born Again Experience'] — The document heavily emphasizes obedience to God as the foundational evidence of
[ 578/634 ] John Bevere — Getting Wisdom Is the Best Thing We Can Do → ['Fear of the Lord', 'Overcoming Sin', 'Overcoming Temptation', 'Sanctification']
         SUMMARY: # Summary

This document presents a biblical teaching on how the fear of the Lord serves as both the foundation and cont
         SUGGEST: ['Wisdom and Discernment', 'Spiritual Protection'] — The document's central theme is the relationship between the fear of the Lord an
[ 579/634 ] John Bevere — God’s Approval or Man’s Approval: The Ultimate Cho → ['Fear of the Lord', 'Servant Leadership', 'Character Formation']
         SUMMARY: # Summary

The author teaches that the fear of the Lord overcomes the fear of man—defined not as being scared of people 
         SUGGEST: ['Approval of God vs. Approval of Man', 'Motivation and Motives in Ministry'] — The document's central theological focus is the tension between seeking human ap
[ 580/634 ] John Bevere — Hidden from Parents, Not from God → ['Fear of the Lord', 'Conditions for Revival', 'Repentance']
         SUMMARY: This document is an excerpt from a religious teaching by an unidentified pastor discussing the fear of the Lord and God'
         SUGGEST: ['Integrity and Honesty', "God's Omniscience"] — The document emphasizes two important theological themes not currently captured 
[ 581/634 ] John Bevere — How Are You Interpreting Scripture? → ['Fear of the Lord', 'Faith', "God's Will and Guidance", 'Power of Prayer']
         SUMMARY: In this teaching excerpt, the author emphasizes that God's promises are not automatic but must be actively appropriated 
         SUGGEST: ["Appropriating God's Promises", "Speaking God's Word into Being"] — The document's central theme is about how God's promises must be actively approp
[ 582/634 ] John Bevere — How to Discover Your Supernatural Gifts → ['Gifts of the Spirit', 'Activating Spiritual Gifts', 'Building the Church', 'Leadership Development']
         SUMMARY: # Summary

The author teaches that God has given every believer two categories of supernatural gifts—oracle (speaking) a
         SUGGEST: ['Purpose and Calling', 'Workplace as Ministry'] — The document emphasizes that each person has a divine calling on their life and 
[ 583/634 ] John Bevere — How to Embrace Biblical Stewardship for a Fulfilli → ['Biblical Stewardship', 'Gifts of the Spirit', 'Accountability and Mentorship', 'Spiritual Maturity']
         SUMMARY: # Summary

The author discusses stewardship as taught by the Apostle Paul in 1 Corinthians 4:1, defining it as the caref
         SUGGEST: ['Fear of the Lord', 'Purpose and Calling'] — The document emphasizes the serious consequences of misusing spiritual gifts, wi
[ 584/634 ] John Bevere — I Didn’t Want to Talk About This… → ['End Times', 'Spiritual Warfare', 'Discerning of Spirits', 'Israel in Bible Prophecy', 'Church Fathers', 'Biblical Typology and Symbolism']
         SUMMARY: This document argues that governments have concealed evidence of non-human intelligent life for 80 years, claiming that 
         SUGGEST: ['Nephilim and Giants', 'Demonic Deception and Deception in the Last Days'] — The document extensively discusses the Nephilim and giants as a major theologica
[ 585/634 ] John Bevere — In What Areas of Life Do You Battle Fear? → ['Fear of the Lord', 'Dependence on God', 'Spiritual Authority']
         SUMMARY: The author teaches that the fear of the Lord is a transformative spiritual principle that eliminates all other fears by 
         SUGGEST: ['Overcoming Fear', "Surrendering to God's Will"] — The document's central theme is how the fear of the Lord eliminates all other fe
[ 586/634 ] John Bevere — Indicators of Your Calling → ['Discovering Your Destiny', 'Activating Spiritual Gifts', 'Spiritual Fathers and Mothers', 'Seeking God']
         SUMMARY: In this teaching, the author emphasizes the importance of seeking God's involvement to discover and develop supernatural
         SUGGEST: ['Mentorship and Guidance in Finding Purpose', "Seeking God's Direction Through Counsel"] — The document emphasizes the critical importance of seeking wise counsel from spi
[ 587/634 ] John Bevere — Is God's Will Really Your First Priority? → ["God's Will and Guidance", 'Fear of the Lord', 'Lordship of Christ', 'Spiritual Maturity']
         SUMMARY: This document teaches that while many people are called by God to serve Him, few are actually appointed because most del
         SUGGEST: ['Obedience to God', 'Calling and Election'] — The document's central theme is the distinction between being 'called' versus be
[ 588/634 ] John Bevere — Jesus: The Greatest of All Time → ['Fear of the Lord', 'Knowing God', 'Parenting']
         SUMMARY: # Summary

In this teaching, the author emphasizes that "our Holy Fear grows proportionally to our comprehension of God'
         SUGGEST: ['Cultivating Awe and Wonder', 'Majesty and Sovereignty of God'] — The document's central theme is helping people develop reverence for God by unde
[ 589/634 ] John Bevere — Living a Life of Fear and Trembling → ['Spiritual Maturity', 'Fear of the Lord', 'Intimacy with God', 'Sanctification']
         SUMMARY: # Summary

In this teaching on Philippians 2:12, the speaker argues that Christians have drifted from helping people mat
         SUGGEST: ['Reverence and Worship', 'Transactional vs. Transformative Faith'] — The document deeply explores how believers craft their relationship with God, co
[ 590/634 ] John Bevere — Millions of Christians Are LEAVING Their Faith! Wh → ['Discipleship', 'How to Study the Bible', 'Spiritual Growth', 'Word of God']
         SUMMARY: This podcast episode by the author argues that 30 million Americans have abandoned Christianity since 2000 because churc
         SUGGEST: ['Biblical Literacy and Bible Reading', 'Spiritual Drift and Apostasy'] — The document centers heavily on two critical themes not adequately captured by e
[ 591/634 ] John Bevere — Multiply the Gifts in Your Life with John Bevere → ['Gifts of the Spirit', 'Releasing Your Potential', 'Grace', 'Spiritual Growth']
         SUMMARY: In this course introduction, an unnamed pastor presents the third installment of a three-part series called "Multiplied,
         SUGGEST: ['Dependence on God', 'Kingdom Advancement'] — The document emphasizes believers' dependence on God's empowerment through grace
[ 592/634 ] John Bevere — One Aspect of Living Well Is Finishing Well → ['Fear of the Lord', 'Perseverance', 'Character in Leadership', 'Encounter with God']
         SUMMARY: # Summary

In this teaching, John Bevere argues that the fear of the Lord is essential for finishing well in life and mi
         SUGGEST: ['Reverence and Holiness', 'Finishing Well'] — The document centers on two major theological themes not adequately captured by 
[ 593/634 ] John Bevere — Only ONE Thing Will Keep You Ready for His Return → ['Second Coming', 'Sanctification', 'Baptism in the Holy Spirit', 'Spirit-Filled Life', 'Character Formation']
         SUMMARY: This document, authored by a Christian teacher, argues that believers should prioritize spiritual preparation for Jesus'
         SUGGEST: ['Abiding in Christ', 'Obedience and Covenant'] — The document emphasizes 'abiding in Christ' as central to being prepared for Chr
[ 594/634 ] John Bevere — Realizing How Awesome God Is → ['Encounter with God', 'Fear of the Lord', "God's Presence", 'Knowing God']
         SUMMARY: # Summary

The author uses biblical accounts and a pastor's near-death experience to explain that God's glory (Hebrew: *
         SUGGEST: ['Majesty and Holiness of God', 'Glory of God'] — The document's central focus is on understanding God's glory (Kabad - the weight
[ 595/634 ] John Bevere — Successful Living → ['Fear of the Lord', 'Spiritual Growth', 'Character Formation', 'Biblical Hermeneutics', 'Generational Blessing']
         SUMMARY: In this teaching excerpt, John (author unnamed in document) expounds on three promises from Proverbs 22:4 that believers
         SUGGEST: ['Divine Favor', 'Integrity in Leadership'] — The document emphasizes how fearing God leads to being clothed with 'dignity and
[ 596/634 ] John Bevere — Take Your Mind Back! (and here's how) → ['Spiritual Fathers and Mothers', 'Equipping the Saints', 'Great Commission', 'Seasons of Wilderness', 'Character Formation', 'Discipleship']
         SUMMARY: In this speech, the author shares his personal spiritual journey and conviction that the church is emerging from a spiri
         SUGGEST: ['Spiritual Sonship', 'Fatherhood'] — The document heavily emphasizes the speaker's transition into a 'dad heart' and 
[ 597/634 ] John Bevere — The DANGER of Neglecting Your Gifts → ['Biblical Stewardship', 'Activating Spiritual Gifts', 'Recognizing Your Ministry Gift']
         SUMMARY: In this teaching, the author uses biblical passages (particularly Romans 12:6, 1 Corinthians 4:1, and 1 Peter 4:10) to d
         SUGGEST: ['Stewardship of Gifts', 'Divine Calling and Responsibility'] — The document's central theological focus is on the concept of stewardship specif
[ 598/634 ] John Bevere — The End of The World Won’t Look How You Think It W → ['End Times', 'Discerning Times and Seasons', 'Israel in Bible Prophecy']
         SUMMARY: # Summary

This podcast presentation argues that Jesus taught the end of the church age will arrive unexpectedly during 
         SUGGEST: ['Spiritual Deception and False Peace', 'Occultism and Witchcraft'] — The document extensively discusses spiritual deception in the end times, particu
[ 599/634 ] John Bevere — The End Times Timeline Nobody Taught You → ['Eschatology', 'Second Coming', 'Discerning Times and Seasons', 'Spiritual Maturity']
         SUMMARY: In this sermon excerpt, the author discusses his journey toward preaching about the Second Coming of Jesus Christ, expla
         SUGGEST: ["Readiness and Preparation for Christ's Return", 'Consequences of False Eschatological Teachings'] — The document emphasizes two important theological themes not adequately covered 
[ 600/634 ] John Bevere — The Fear of the Lord Is My Treasure → ['Fear of the Lord', 'Baptism in the Holy Spirit', 'Manifestations of the Spirit', 'Intercessory Prayer']
         SUMMARY: # Summary

In this teaching, the author emphasizes that the fear of God—a manifestation of the Holy Spirit—is both Jesus
         SUGGEST: ['Promises of God', 'Spiritual Blessings and Prosperity'] — The document extensively explores the promises associated with fearing God (list
[ 601/634 ] John Bevere — The Greatest Compliment a Human Can Receive → ['Deep Intimacy with God', 'Friendship', 'Knowing God']
         SUMMARY: This passage, presented by an unnamed speaker, argues that genuine friendship with God—exemplified by Abraham and Moses—
         SUGGEST: ['Fear of the Lord', 'Obedience'] — The document emphasizes 'Fear of the Lord' as essential for understanding God's 
[ 602/634 ] John Bevere — The Keys to Finishing Well in Life → ['Fear of the Lord', 'Faith', 'Word of God']
         SUMMARY: The author argues that fearing God and honoring parents, as stated in Proverbs 10:27 and 9:11, will lengthen one's life 
         SUGGEST: ["Claiming God's Promises", "Speaking God's Word Over Your Life"] — The document's central theme focuses on how to appropriate and declare God's pro
[ 603/634 ] John Bevere — The Lie You’ve Been Sold About Prosperity. → ['Financial Wisdom', 'Purpose and Calling', 'Moral Failure and Restoration']
         SUMMARY: This document features an unnamed pastor discussing his journey toward embracing prosperity gospel theology, arguing tha
         SUGGEST: ['Prosperity Gospel and Controversy', 'Faith and Provision'] — The document extensively discusses the prosperity gospel debate, theological sti
[ 604/634 ] John Bevere — The Most Powerful Scripture for Believers → ['Grace', 'Purpose and Calling', 'Spiritual Growth']
         SUMMARY: In this sermon excerpt, the speaker argues that Christians fundamentally misunderstand Ephesians 2:8-10 by stopping at v
         SUGGEST: ['Belief and Faith', 'Activating Spiritual Gifts'] — The document emphasizes that belief/faith is the foundational condition for acce
[ 605/634 ] John Bevere — The One Thing That Cuts You Off From Hearing God → ['Abiding in Christ', "Hearing God's Voice", 'Yielding to the Holy Spirit', 'Testing Prophecy']
         SUMMARY: This teaching, delivered by a pastor with 43 years of ministry experience, emphasizes that believers must remain in fell
         SUGGEST: ['Discerning of Spirits', 'Resistance to the Holy Spirit'] — The document emphasizes discerning between true and false manifestations of the 
[ 606/634 ] John Bevere — The Paradox of Faith: Fear and Obedience to God → ['Fear of the Lord', "God's Will and Guidance", "Hearing God's Voice", 'Scripture and Authority', 'Spiritual Maturity']
         SUMMARY: This document presents a teaching on what it means to "tremble at God's word," arguing that trembling at God's word mean
         SUGGEST: ['Obedience to God', 'Wisdom of God'] — The document's central theme is the importance of obeying God's commands even wh
[ 607/634 ] John Bevere — The Power of Developing Your Gift with John Bevere → ['Activating Spiritual Gifts', 'Spiritual Disciplines', 'Recognizing Your Ministry Gift']
         SUMMARY: This document is a teaching by an unnamed pastor who uses 1 Timothy 4:14-15 and references to Malcolm Gladwell's "Outlie
         SUGGEST: ['Spiritual Growth', 'Excellence and Mastery'] — The document's core theme centers on the intentional development and improvement
[ 608/634 ] John Bevere — The Process of Sanctification → ['Sanctification', 'Fear of the Lord', 'Holiness']
         SUMMARY: The author teaches that sanctification—the ongoing process of living out holiness after salvation—occurs through the fea
         SUGGEST: ['Justification', 'Behavioral Transformation'] — The document extensively discusses the critical distinction between justificatio
[ 609/634 ] John Bevere — The Secret to Elevating Your Thoughts, Intentions, → ['Fear of the Lord', 'Holiness', 'Sanctification', 'Encounter with God']
         SUMMARY: In this teaching, the author explains that "seeing God now" refers to experiencing His manifest presence through behavio
         SUGGEST: ["God's Presence", 'Obedience and Submission to God'] — The document emphasizes two significant theological themes not fully captured by
[ 610/634 ] John Bevere — The SECRET to Knowing Jesus Deeper → ['Grace', 'Spiritual Growth', 'Intimacy with God', 'Knowing God']
         SUMMARY: # Summary

In this podcast discussion, the host teaches from 2 Peter 1:2 and James 4:6 that believers can receive increa
         SUGGEST: ['Deepening Faith', 'Relational Knowledge of God'] — The document's central theme is about progressively deepening one's relationship
[ 611/634 ] John Bevere — The Ultimate Test: Can You Obey Regardless of Circ → ['Dependence on God', 'Character Formation', 'Overcoming Temptation']
         SUMMARY: In this teaching, the author emphasizes that God provides believers with the spiritual power to obey His commands, as ex
         SUGGEST: ['Obedience to God', "God's Presence"] — The document centers on obedience to God as its primary theological theme, discu
[ 612/634 ] John Bevere — This Is What Happens If You Don’t Fear the Lord → ['Fear of the Lord', "God's Presence", 'Holiness']
         SUMMARY: In this teaching, the author John explains that the severity and swiftness of God's judgment is directly proportional to
         SUGGEST: ['Consequences of Sin', "God's Judgment"] — The document extensively explores how God's judgment operates with varying sever
[ 613/634 ] John Bevere — Understanding Life's True Value → ['Fear of the Lord', 'Eschatology', 'Character Formation']
         SUMMARY: The author, John, argues that American Christians operate with a short-term "70 or 80 year mentality" rather than an ete
         SUGGEST: ['Eternal Rewards', 'Judgment Seat of Christ'] — The document's central theological focus is on eternal rewards and the judgment 
[ 614/634 ] John Bevere — Unforgettable Encounter with God: Frozen in Awe → ['Fear of the Lord', "God's Presence", 'Encounter with God', 'Private Prayer Language', 'Worship']
         SUMMARY: In this passage, John Bevere recounts a transformative experience at a Brazilian conference where he witnessed God's pow
         SUGGEST: ['Manifestations of the Spirit', 'Reverence and Godly Fear'] — The document heavily emphasizes supernatural manifestations (the audible wind in
[ 615/634 ] John Bevere — Unmasking Deception: The Key to Living in Truth → ['Fear of the Lord', 'Identity in Christ', 'Character Formation']
         SUMMARY: # Summary

This author argues that humans operate within three distinct images—perceived (how others see us), projected 
         SUGGEST: ['Authenticity and Honesty', 'Hypocrisy and Deception'] — The document's central theme is the distinction between perceived image, project
[ 616/634 ] John Bevere — What A Fallen Pastor Taught Me About Fame and Infl → ['Spiritual Growth', 'Apostolic Ministry', 'Fivefold Ministry', 'Character in Leadership', 'Word of God', 'Spiritual Disciplines']
         SUMMARY: This document presents an unnamed pastor's teaching on spiritual growth and authentic ministry, emphasizing that believe
         SUGGEST: ['Moral Failure and Restoration', 'Apostolic Calling'] — The document addresses two important theological themes not currently represente
[ 617/634 ] John Bevere — What Do You Want Your Legacy to Be? → ['Biblical Stewardship', 'Character Formation', 'Integrity in Leadership']
         SUMMARY: In this teaching, the author John Bevere argues that believers will be judged not merely by their outward actions but by
         SUGGEST: ['Motives and Intentions', 'Judgment Seat of Christ'] — The document's central themes are (1) how God will judge believers not just on t
[ 618/634 ] John Bevere — What You Do Now Impacts Your Children → ['Fear of the Lord', 'Generational Blessing', 'Generational Curses']
         SUMMARY: # Summary

This document, a religious teaching on the power of fearing God, argues that reverence for the Lord transmits
         SUGGEST: ['Parenting', 'Blessing and Curse Patterns in Families'] — The document heavily emphasizes the practical application of fear of the Lord to
[ 619/634 ] John Bevere — Why Does God HATE Sin? Watch This. → ['Anointing', 'Character Formation', 'Spiritual Growth']
         SUMMARY: In this teaching, the author emphasizes that consistent obedience to God's Word and learning to hate sin the way God hat
         SUGGEST: ['Obedience and Submission to God', 'Holiness and Sin'] — The document emphasizes consistent obedience to God's word as foundational to sp
[ 620/634 ] John Bevere — Why You Are Not Experiencing the Presence of God → ["God's Presence", 'Holiness', 'Encounter with God', 'Overcoming Sin']
         SUMMARY: The author argues that the Barna study showing over 23 million Americans abandoning Christianity stems from their failur
         SUGGEST: ['Sanctification', 'Spiritual Hunger'] — The document heavily emphasizes the pursuit of behavioral holiness as a means of
[ 621/634 ] John Bevere — Why You Can't Stop Sinning (and how to stop) → ['Grace', 'Dependence on God', 'Spirit-Filled Life', 'Spiritual Growth']
         SUMMARY: # Summary

This document presents a teaching on the nature of God's Grace based on 2 Peter 1, arguing that the majority 
         SUGGEST: ['Sanctification', 'Abiding in Christ'] — The document's central theme is that Christians must rely on God's empowering gr
[ 622/634 ] John Bevere — Would You like to Be a Friend of God? → ['Fear of the Lord', 'Deep Intimacy with God', 'Friendship', 'Knowing God']
         SUMMARY: # Summary

In this teaching, John Bevere argues that the holy fear of God is the gateway to intimate friendship with Him
         SUGGEST: ['Obedience', 'Testing and Trials of Faith'] — The document heavily emphasizes obedience as the manifestation of fear of God (A
[ 623/634 ] John Bevere — You’ll Wish Someone Told You This Sooner... → ['Forgiveness and Reconciliation', 'Overcoming Offense', 'Repentance']
         SUMMARY: # Summary

An unnamed speaker argues that Western churches dangerously minimize unforgiveness and gossip by categorizing
         SUGGEST: ['Sowing Discord', 'Gossip and Slander'] — The document extensively emphasizes gossip and sowing discord among believers as
[ 624/634 ] John Bevere — You’re Being Set Up... → ['Overcoming Offense', 'Character Formation', 'Spiritual Authority', 'Parenting']
         SUMMARY: # Summary

This document presents a religious teacher's (whose name is not provided) theological argument about how Chri
         SUGGEST: ['Submission to Authority', 'Trusting God in Hardship'] — The document extensively addresses how to respond to unjust treatment and unfair
[ 625/634 ] Jack Deere — Being Filled with the Spirit → ['Cessationism vs Continuationism', 'Baptism in the Holy Spirit', 'Biblical Hermeneutics', 'Gifts of the Spirit', 'Physical Healing', 'Spirit-Filled Life']
         SUMMARY: The author, a former Hebrew and Greek professor at Dallas Seminary, argues that Christians have misunderstood the biblic
         SUGGEST: ['Systematic Theology', 'Theological Critique and Correction'] — The document's core purpose is systematically critiquing and correcting theologi
[ 626/634 ] Michael Brown — Dr. Brown Responds to Phil Johnson's Strange Fire  → ['Cessationism vs Continuationism', 'Charismatic Renewal', 'History of Revival', 'Pitfalls of the Prophetic']
         SUMMARY: In this document, the author (likely Rodney Howard-Browne or a similar charismatic leader) responds to Phil Johnson's pr
         SUGGEST: ['Brownsville Revival', 'Strange Fire Conference'] — The document extensively discusses and defends the Brownsville Revival against J
[ 627/634 ] Jack Deere — Dr Jack Deere Shares About Encountering the Power, → ['Healing Testimony', 'Finding Purpose in Pain', 'Encounter with God']
         SUMMARY: This document presents the author's personal testimony about how childhood trauma and a misunderstanding of salvation sh
         SUGGEST: ['Salvation', 'Moral Failure and Restoration'] — The document centers on a pivotal spiritual awakening moment where the narrator 
[ 628/634 ] Jack Deere — Healing and Prophecy: An Interview with Jack Deere → ['Healing Ministry', 'Cessationism vs Continuationism', 'Gifts of the Spirit', 'Spiritual Fathers and Mothers']
         SUMMARY: The speaker, a former Dallas Seminary professor of Old Testament exegesis, describes how encountering Dr. John White's t
         SUGGEST: ["Hearing God's Voice", 'Emotional Healing'] — The document extensively discusses the speaker's journey of learning to hear God
[ 629/634 ] Jack Deere — Jack Deere -- Hearing God's Voice → ['Healing Ministry', 'Personal Prophecy', 'Word of Knowledge']
         SUMMARY: This document is a transcript from a church conference where the speaker (Charles) invites attendees to give financial d
         SUGGEST: ['Testing Prophecy'] — The document contains a significant discussion about how to validate and test pr
[ 630/634 ] Jack Deere — Jack Deere -- Responding to Common Questions About → ['Healing Ministry', 'Faith for Healing', 'Divine Healing', 'Power Evangelism']
         SUMMARY: The author, a pastor with 50 years of Christian experience, teaches that the primary obstacle to divine healing is unbel
         SUGGEST: ['Doubt and Unbelief', "God's Goodness"] — The document extensively explores unbelief as the primary barrier to healing, de
[ 631/634 ] Jack Deere — Jack Deere -- Why God Heals → ['End Times', 'Spiritual Warfare', 'Purity and Sexuality']
         SUMMARY: In this sermon, the speaker (a pastor from Fort Worth) uses a personal anecdote about being forbidden from watching "Cat
         SUGGEST: ['Cultural Decline and Worldliness', 'Demonic Strongholds and Influence'] — The document heavily emphasizes the speaker's prophetic analysis of cultural dec
[ 632/634 ] Jack Deere — Prophecy and Healing - Dr Jack Deere → ['Divine Healing', 'Faith', 'Cessationism vs Continuationism', 'Theology of Healing']
         SUMMARY: # Summary

In this teaching on divine healing, the speaker describes his theological journey from seminary-taught cessat
         SUGGEST: ['Unanswered Prayer', 'Suffering and Sovereignty'] — The document extensively addresses why healing doesn't always occur despite pray
[ 633/634 ] Jack Deere — Q&A with Jack Deere and Michael Miller → ['Intercessory Prayer', 'Word of Knowledge', 'Healing Ministry']
         SUMMARY: This document is a transcription of a chaotic speaking event where the speaker discusses praying for people remotely and
[ 634/634 ] Michael Brown — What is the baptism of the Holy Spirit (with Dr. M → ['Baptism in the Holy Spirit', 'Gifts of the Spirit', 'Spirit-Filled Life']
         SUMMARY: Dr. Michael Brown, a Jewish convert to Christianity with a PhD in Near Eastern languages, discusses on the Kersey Progra
         SUGGEST: ['Empowerment for Ministry', 'Indwelling of the Holy Spirit'] — The document is fundamentally about the work and role of the Holy Spirit in Chri

================================================================
SUMMARY
================================================================
  Total processed: 634
  Updated:         631
  Skipped:         0
  Failed:          3
  Suggestions:     629
  Suggestions file: /Users/alexwhitley/Desktop/rhemata/sources/tag_suggestions.jsonl

Failed documents:
  - Derek Prince — Curse vs Blessing
  - Derek Prince — Release From Curses
  - Derek Prince — How To Be A Father
