Loading taxonomy from /Users/alexwhitley/Desktop/rhemata/taxonomy.md
  209 valid tags loaded

/Users/alexwhitley/Library/Python/3.9/lib/python/site-packages/urllib3/__init__.py:35: NotOpenSSLWarning: urllib3 v2 only supports OpenSSL 1.1.1+, currently the 'ssl' module is compiled with 'LibreSSL 2.8.3'. See: https://github.com/urllib3/urllib3/issues/3020
  warnings.warn(
Processing 634 document(s) (force retag)

[   1/634 ] John Bevere — I Didn't Want to Talk About This → ['End Times', 'Israel in Bible Prophecy', 'Spiritual Warfare', 'Principalities and Powers']
         SUGGEST: ['Nephilim and Hybrid Beings', 'Deception and False Doctrine'] — The document extensively discusses Nephilim, giants, and human-angelic hybrids a
[   2/634 ] John Bevere — I've Never Shared My Opinion on This → ['End Times', 'Eschatology', 'Israel in Bible Prophecy']
         SUGGEST: ['Rapture', 'Tribulation'] — The document extensively discusses the rapture (the 'catching away') with detail
[   3/634 ] John Bevere — The Second Coming of Jesus → ['Second Coming', 'End Times', 'Eschatology']
         SUGGEST: ["Preparation for Christ's Return", 'Spiritual Readiness and Vigilance'] — The document's core theme is not just about the Second Coming as an eschatologic
[   4/634 ] John Bevere — Suffering Is a Privilege → ['Suffering and Sovereignty', 'The Cross', 'Second Coming', 'Purpose and Calling']
         SUGGEST: ['Redemptive Suffering', 'Maturity in Christ'] — The document addresses two significant theological themes not adequately capture
[   5/634 ] John Bevere — The Rapture Terrified Me Too Until I Read This → ['End Times', 'Eschatology', 'Second Coming', 'Biblical Exposition', 'Interpreting Scripture']
         SUGGEST: ['Rapture and Resurrection Theology', 'Spiritual Readiness and Preparation'] — The document's core focus is on the rapture as a theological concept and biblica
[   6/634 ] John Bevere, Rick Renner — The Rapture, The Antichrist, The Mark of the Beast → ['End Times', 'Eschatology', 'Israel in Bible Prophecy']
         SUGGEST: ['Rapture', 'Antichrist'] — The document extensively discusses the rapture and the antichrist as central esc
[   7/634 ] John Bevere — These End Times Timelines Are All Lining Up at Onc → ['Discerning Times and Seasons', 'End Times', 'Eschatology', 'Israel in Bible Prophecy']
         SUGGEST: ['Rapture and the Bride of Christ', 'Jewish Wedding Typology and End Times'] — The document extensively discusses the rapture/catching away of the Church as th
[   8/634 ] John Bevere — You'll Wish Someone Told You This Sooner → ['Overcoming Offense', 'Forgiveness and Reconciliation', 'End Times']
         SUGGEST: ['Repentance', 'Conviction and the Holy Spirit'] — The document heavily emphasizes repentance as a response to being offended and h
[   9/634 ] John Bevere — You're Being Set Up → ['Parenting', 'Character Formation', 'Forgiveness and Reconciliation']
         SUGGEST: ['Humility', 'Overcoming Offense'] — The document centers on teaching a child to respond to unfair treatment through 
[  10/634 ] Paul K., Nneka H., Tiffany C., Shabaka W. — Nine Functions of Prophetic Words → ['Prophecy', 'Office of the Prophet', 'Prophetic Intercession', 'Equipping the Saints', 'Gifts of the Spirit', 'Spiritual Maturity']
         SUGGEST: ['Discerning Times and Seasons', 'Word of Knowledge'] — The document heavily emphasizes prophetic assessment of individual seasons of de
[  11/634 ] Tom Bedford — Receiving and Ministering Prophetic Words → ['Prophecy', 'Testing Prophecy', "Hearing God's Voice", 'Pitfalls of the Prophetic']
         SUGGEST: ['Spiritual Discernment', 'Humility and Servanthood in Ministry'] — The document heavily emphasizes (1) the critical importance of distinguishing ge
[  12/634 ] Tom Bedford — Prophetic Equipping with Pastor Paul Kidd & Tom Be → ['Fivefold Ministry', 'Equipping the Saints', 'Recognizing Your Ministry Gift', 'Spiritual Maturity', 'Spiritual Authority']
         SUGGEST: ['Spiritual Warfare', 'Testing Prophecy'] — The document emphasizes two important theological themes not adequately represen
[  13/634 ] (no author) — Prophetic Ministry → ['Office of the Prophet', 'Prophetic Intercession', 'Prophetic Dreams and Visions', "Hearing God's Voice", 'Character in Leadership']
         SUGGEST: ['Prophetic Standards and Ethics', 'Spiritual Covering'] — The document emphasizes the responsibility of seasoned prophets to confront erro
[  14/634 ] Derek Prince — Deliverance And Demonology → ['Deliverance Ministry', 'Discerning of Spirits', 'Spiritual Warfare']
         SUGGEST: ['Demonic Oppression in Believers', 'Counseling and Deliverance'] — The document emphasizes two important theological themes not captured by existin
[  15/634 ] (no author) — Baptism into the Person of the Holy Spirit → ['Baptism in the Holy Spirit', 'Biblical Exposition', 'Anointing', 'Deep Intimacy with God']
         SUGGEST: ['Surrender and Yielding to God', 'Empowerment for Ministry'] — The document emphasizes two major theological themes not adequately represented:
[  16/634 ] Scott Woodard — Processing Your Prophecy → ['Prophecy', 'Gifts of the Spirit', 'Personal Prophecy', 'Testing Prophecy']
         SUGGEST: ['Purpose and Calling', 'Discerning Times and Seasons'] — The document heavily emphasizes how prophecy confirms, directs, and re-envisions
[  17/634 ] John Bevere — A Prophetic Warning from Jesus to the End Time Chu → ['Biblical Exposition', 'Resurrection', 'Eschatology', 'Second Coming']
         SUGGEST: ['Glorified Bodies and Resurrection', 'Nature of Christ'] — The document contains extensive theological discussion about the nature of resur
[  18/634 ] John Bevere — Jesus' Most Misunderstood Parable → ['Purpose and Calling', 'Gifts of the Spirit', 'Recognizing Your Ministry Gift', 'Faithfulness in Lack']
         SUGGEST: ['Stewardship and Accountability', 'Multiplication and Kingdom Growth'] — The document's central thesis emphasizes that faithfulness is fundamentally defi
[  19/634 ] John Bevere — Jesus Threatened to Shut This Church Down – Here’s → ['Biblical Exposition', 'Church History', 'Healthy Church Culture', 'Eschatology']
         SUGGEST: ['Seven Churches of Revelation', 'Truth and Love in the Church'] — The document centers on a detailed exposition of Jesus's direct messages to the 
[  20/634 ] John Bevere — Most People NEVER Fulfill Their Calling – I'll Sho → ['Purpose and Calling', 'Discovering Your Destiny', "God's Will and Guidance"]
         SUGGEST: ['Dependence on God', 'Identity in Christ'] — The document emphasizes that fulfilling God's calling is impossible in our own a
[  21/634 ] John Bevere — Redefining Ministry—Answering God’s Call in the Ma → ['Workplace as Ministry', 'Purpose and Calling', 'Discovering Your Destiny', 'Equipping the Saints']
         SUGGEST: ['Workplace Evangelism and Ministry Impact', 'Vocational Calling and Excellence'] — While the document is well-covered by existing tags like 'Workplace as Ministry'
[  22/634 ] John Bevere — The Ancient Wedding That Explains the End Times → ['Second Coming', 'Sanctification', 'Identity in Christ', 'Biblical Typology and Symbolism']
         SUGGEST: ['The Rapture', 'Bride of Christ'] — The document extensively discusses the rapture (using 1 Thessalonians 4:15-18 an
[  23/634 ] John Bevere — The Invisible Sin That Destroys Intimacy with God → ['Biblical Exposition', 'Church History', 'Overcoming Sin']
         SUGGEST: ['Doctrinal Compromise', 'Confronting False Teaching'] — The document centers on two critical theological themes that are not represented
[  24/634 ] John Bevere — The Most Faithful Church in Revelation → ['Biblical Exposition', 'Suffering and Sovereignty', 'Perseverance', 'Trusting God in Hardship']
         SUGGEST: ['Testimony and Personal Witness', 'Martyrdom and Christian Persecution'] — The document extensively discusses personal testimony as a weapon against spirit
[  25/634 ] John Bevere — This is Blocking Your Connection with God → ['Lordship of Christ', 'Holiness', 'Biblical Exposition', 'Overcoming Sin', 'Character Formation']
         SUGGEST: ['Separation from the World', 'Works and Faith'] — The document extensively addresses two major theological themes not adequately r
[  26/634 ] John Bevere — Your Spiritual Gifts Are Dormant (Here’s How to Ac → ['Purpose and Calling', 'Recognizing Your Ministry Gift', 'Gifts of the Spirit', 'Grace']
         SUGGEST: ['Activation of Spiritual Gifts', "Weakness and God's Strength"] — The document emphasizes that spiritual gifts operate through God's grace and emp
[  27/634 ] John Bevere — I Avoided Preaching This for 40 YEARS... → ['End Times', 'Eschatology', 'Second Coming']
         SUGGEST: ['Discerning Times and Seasons', 'Spiritual Maturity and Growth'] — The document's central theme is not just eschatology/end times doctrine, but spe
[  28/634 ] John Bevere — If You Can’t Hear God’s Voice, This is For You → ['Repentance', 'Biblical Exposition', 'Second Coming', "Hearing God's Voice"]
         SUGGEST: ['Overcoming Offense', 'Foundational Beliefs and Doctrines of Christianity'] — The document extensively addresses how people have been negatively shaped by mis
[  29/634 ] John Bevere — The Antichrist, Nephilim & the State of the Church → ['End Times', 'Discerning Times and Seasons', 'Eschatology']
         SUGGEST: ['Deception and False Teaching', 'Moral Decline and Cultural Decay'] — The document's central theological focus is on deception (planaō) as the primary
[  30/634 ] John Bevere — The Bible Warns Us About the TIMING of Jesus’ Retu → ['End Times', 'Discerning Times and Seasons', 'Signs and Wonders', 'Eschatology', 'Testing Prophecy']
         SUGGEST: ['Deception in the End Times', 'Lawlessness and Rebellion'] — The document extensively discusses deception (Greek 'plau') as a primary charact
[  31/634 ] John Bevere — The Biggest Revival in History is About to Happen → ['End Times', 'Eschatology', 'Second Coming', 'Prophecy', 'Spiritual Hunger']
         SUGGEST: ['Apostasy', 'Pentecost and the Holy Spirit'] — The document heavily emphasizes apostasy/falling away from faith (66 million Ame
[  32/634 ] John Bevere — The Final Events Leading Up to The New Heavens and → ['Eschatology', 'Second Coming', 'Biblical Exposition', 'End Times']
         SUGGEST: ["God's Perspective on Time", 'Discerning the Times and Seasons'] — The document emphasizes a crucial theological concept not well-represented in cu
[  33/634 ] John Bevere — The Man Who Will Fool The Entire World Is Alive To → ['End Times', 'Eschatology', 'Spiritual Authority']
         SUGGEST: ['Rapture of the Church', 'Antichrist and the Tribulation'] — The document extensively discusses the rapture/catching away of the church befor
[  34/634 ] John Bevere — The Rapture Won't Happen How You Think → ['Eschatology', 'Second Coming', 'Biblical Exposition', 'Abiding in Christ', 'Conditions for Revival']
         SUGGEST: ['Rapture of the Church', "Preparation for Christ's Return"] — The document contains a significant theological discussion about the rapture/pre
[  35/634 ] John Bevere — There will be 3 Types of Christians On the day of  → ['Eschatology', 'Second Coming', 'Spiritual Maturity', 'Character Formation']
         SUGGEST: ['Readiness and Preparedness', 'Living in Expectation'] — The document's central theme is about preparing spiritually for the Second Comin
[  36/634 ] John Bevere — You Need To Prepare For Jesus’ Return → ['End Times', 'Eschatology', 'Second Coming', 'Biblical Exposition', "Hearing God's Voice"]
         SUGGEST: ['Interpreting Scripture', 'Spiritual Disciplines'] — The document emphasizes the critical importance of regularly returning to and me
[  37/634 ] John Bevere — 7 Reasons Why You're Still A Baby Christian → ['Spiritual Growth', 'Character Formation', 'Fruit of the Spirit', 'Knowing God', 'Biblical Exposition', 'Spiritual Disciplines']
         SUGGEST: ['Perseverance', 'Moral Excellence and Virtue'] — The document extensively covers perseverance/patient endurance as the fourth of 
[  38/634 ] John Bevere — 98% of Christians Miss This → ['Grace', 'Spiritual Growth', 'Faith']
         SUGGEST: ['Dunamis Power', 'Empowerment Through Grace'] — The document's core theological emphasis is on Grace as God's empowerment and di
[  39/634 ] John Bevere — How to Spot a False Teacher in 2024 → ['Testing Prophecy', 'Pitfalls of the Prophetic', 'Character in Leadership', 'Discerning of Spirits']
         SUGGEST: ['Heart Motives and Integrity', 'Gifts and Callings of God'] — The document heavily emphasizes examining heart motives as the true indicator of
[  40/634 ] John Bevere — How Your Life CHANGES Future Generations → ['Intimacy with God', 'Generational Blessing', 'Spiritual Maturity', 'Overcoming Sin']
         SUGGEST: ['Fear of the Lord', 'Obedience and Righteousness'] — The document's central theological focus is on defining and practicing the fear 
[  41/634 ] John Bevere — I Read This Bible Verse Every Morning → ['Spiritual Growth', 'Character Formation', 'Perseverance', 'The Cross']
         SUGGEST: ['Apostasy and Falling Away', 'Gratitude and Remembrance'] — The document's central theme is how to avoid falling away from faith through dev
[  42/634 ] John Bevere — Jesus’ Most Important End Times Warning → ['Discerning Times and Seasons', 'Testing Prophecy', 'End Times', 'Eschatology']
         SUGGEST: ['False Teachers and Deception', 'Living with Eschatological Urgency'] — The document has two major theological themes not adequately covered by existing
[  43/634 ] John Bevere — Judgment Is Coming For Those Who Distort Scripture → ['Biblical Exposition', 'Discerning Times and Seasons', 'Testing Prophecy']
         SUGGEST: ['Deception and False Teaching', 'Divine Judgment and Accountability'] — The document extensively addresses false teachers/prophets and their deceptive p
[  44/634 ] John Bevere — Near Death Experiences Prove This. → ['Eschatology', 'Second Coming', 'Spiritual Maturity', "God's Will and Guidance", 'Revival']
         SUGGEST: ['Eternal Perspective', 'Heaven and Hell'] — The document emphasizes eternal perspective and living with an eternally-minded 
[  45/634 ] John Bevere — Rewards in Heaven Aren’t All the Same. → ['Purpose and Calling', 'Spiritual Growth', 'Dependence on God', 'Seeking God', 'Character Formation']
         SUGGEST: ['Eternal Perspective', 'Rewards in Heaven'] — The document centers on two major theological themes not represented in the curr
[  46/634 ] John Bevere — Satan Is Using Certain Preachers to Brainwash You → ['Biblical Exposition', 'Pitfalls of the Prophetic', 'Gospel', 'Holiness']
         SUGGEST: ['False Teachers and False Prophets', 'Worldliness and Separation from the World'] — The document heavily emphasizes two major theological concerns not adequately re
[  47/634 ] John Bevere — The Benefits of A Digital Fast (No One Regrets Doi → ["Hearing God's Voice", 'Mental Health and Faith', 'Spiritual Disciplines']
         SUGGEST: ['Digital Detox and Technology Stewardship', 'Anxiety and Spiritual Peace'] — The document's central themes are: (1) the spiritual and mental health dangers o
[  48/634 ] John Bevere — The Real Reason Christians Are So Disliked → ['Biblical Exposition', 'Fruit of the Spirit', 'Character Formation', 'Lordship of Christ']
         SUGGEST: ['Discernment and Deception', 'False Teaching and Heresy', 'Obedience and Submission to God'] — The document heavily emphasizes identifying false prophets and false teachers th
[  49/634 ] John Bevere — The Scariest Question You Can Ask → ['Salvation', 'Sanctification', 'Overcoming Sin', 'Biblical Exposition', 'Repentance']
         SUGGEST: ['Eternal Security and Conditional Salvation', 'Degrees of Judgment and Eternal Consequences'] — The document extensively discusses whether salvation can be lost, citing early c
[  50/634 ] John Bevere — The Secret to Breaking Sin's Grip on Your Life → ['Abiding in Christ', 'Freedom in Christ', 'Overcoming Sin', 'Discipleship']
         SUGGEST: ['Sin Nature and Flesh', 'Truth and Liberation'] — The document heavily emphasizes the contrast between the sinful flesh nature and
[  51/634 ] John Bevere — This 40 Year Old Prophecy Came True → ['Renewing the Mind', 'Spiritual Disciplines', "Hearing God's Voice"]
         SUGGEST: ['Digital Discipleship and Technology', 'Anxiety and Fear'] — The document's central thesis is about smartphones as a tool of worldly conformi
[  52/634 ] John Bevere — This happens when we SPEAK the Word of God → ['Word of God', 'Overcoming Sin', 'Grace', 'Breaking Bloodline Curses', 'Lordship of Christ']
         SUGGEST: ['Renewing the Mind', 'Authority in Prayer'] — The document emphasizes the critical role of renewing the mind as part of breaki
[  53/634 ] John Bevere — What Christians Don’t Understand About the 2024 El → ['Discerning Times and Seasons', 'Pastoral Ministry', 'Spiritual Warfare', 'Discipleship']
         SUGGEST: ['Civic Engagement and Christian Responsibility', 'Fear and Anxiety in Faith'] — The document heavily emphasizes Christians' biblical responsibility to participa
[  54/634 ] John Bevere — Your Relationship w/ God Is Boring (and this is wh → ['Deep Intimacy with God', "Hearing God's Voice", 'Spiritual Growth', 'Knowing God']
         SUGGEST: ['Spiritual Disciplines', 'Encounter with God'] — The document emphasizes two important theological themes not fully captured by e
[  55/634 ] John Bevere — You've Been Lied To About Heaven. → ['Purpose and Calling', 'Spiritual Maturity', 'Sanctification']
         SUGGEST: ['Judgment Seat of Christ', 'Eternal Rewards'] — The document's central theological focus is on the judgment seat of Christ (ment
[  56/634 ] John Bevere — You've Been Lied to About Hell. → ['End Times', 'Eschatology', 'Biblical Exposition', 'Character Formation']
         SUGGEST: ['Hell and Judgment', 'False Teachers and Deception'] — The document centers on two major theological themes that are not adequately cov
[  57/634 ] Derek Prince — How Conflict Began The Pre-Adamic Period → ['Spiritual Warfare', 'Armor of God', 'Weapons of Our Warfare']
         SUGGEST: ['Strongholds in the Mind', 'Overcoming Temptation'] — The document extensively discusses spiritual conflict, warfare, and the Christia
[  58/634 ] Derek Prince — The Rebellion Of Lucifer → ['Biblical Exposition', 'Biblical Typology and Symbolism', 'Spiritual Warfare', 'Eschatology']
         SUGGEST: ['The Trinity and Godhead', 'Christology and the Person of Christ'] — This document extensively discusses the eternal nature of Christ (the Son of God
[  59/634 ] Derek Prince — Results Produced by Lucifer's Rebellion → ['Spiritual Warfare', 'Principalities and Powers', 'Biblical Exposition', 'End Times']
         SUGGEST: ["Satan's Fall and Rebellion", 'Pre-Adamic History'] — The document extensively explores two significant theological topics not adequat
[  60/634 ] Derek Prince — The Adamic Race - Five Unique Features → ['Biblical Exposition', 'Biblical Hermeneutics', 'Biblical Typology and Symbolism', 'New Creation']
         SUGGEST: ['Restoration and Redemption', 'Sanctification and Spiritual Formation'] — The document's central theological argument is that the restoration of creation 
[  61/634 ] Derek Prince — Adam’s Fall and Its Results → ['Biblical Exposition', 'Biblical Typology and Symbolism', 'Scripture and Authority', 'Spiritual Warfare']
         SUGGEST: ['Imago Dei', 'The Fall of Man'] — The document extensively explores two major theological themes not currently rep
[  62/634 ] Derek Prince — Results of Adam’s Fall → ['Foundations of Christian Doctrine', 'Biblical Exposition', 'Spiritual Authority', 'Principalities and Powers']
         SUGGEST: ['Fall of Man and Original Sin', 'Authority and Delegation'] — The document extensively discusses the Fall of Adam and its consequences (corrup
[  63/634 ] Derek Prince — Jesus The Last Adam → ['Biblical Typology and Symbolism', 'Redemption', 'The Cross', 'Spiritual Warfare']
         SUGGEST: ['Substitutionary Atonement', 'Incarnation of Christ'] — The document heavily emphasizes Jesus as the 'last Adam' who identifies with and
[  64/634 ] Derek Prince — The Exchange Made At The Cross → ['Atonement', 'Biblical Exposition', 'Biblical Typology and Symbolism', 'Healing in the Atonement', 'The Cross']
         SUGGEST: ['Substitutionary Atonement', 'The Last Adam'] — The document's core focus is on the substitutionary exchange at the cross—Jesus 
[  65/634 ] Derek Prince — Jesus Tasted Death In All Its Phases → ['Atonement', 'Biblical Typology and Symbolism', 'The Cross']
         SUGGEST: ['Substitutionary Atonement', 'Death and Resurrection'] — The document's central theme is a detailed exposition of Christ's substitutionar
[  66/634 ] Derek Prince — The Cross Canceled Satan’s Claims → ['Atonement', 'Redemption', 'Dying to Self', 'Overcoming Sin']
         SUGGEST: ['Identity in Christ', 'The Cross'] — The document extensively develops the theme of the believer's spiritual identity
[  67/634 ] Derek Prince — Jesus The Second Man → ['Biblical Exposition', 'Biblical Hermeneutics', 'New Creation']
         SUGGEST: ['Substitutionary Atonement', 'Christology'] — This document's central theological focus is on Jesus as the 'Last Adam' and 'Se
[  68/634 ] Derek Prince — God’s Purpose For The New Race → ['New Creation', 'Resurrection', 'Identity in Christ', 'Biblical Exposition']
         SUGGEST: ['Sanctification', 'The Cross'] — The document heavily emphasizes believers' moral obligation to live according to
[  69/634 ] Derek Prince — Five Ways Christ Undoes Satan’s Work → ['New Creation', 'Redemption', 'Biblical Typology and Symbolism', 'Character Formation', 'Spiritual Maturity']
         SUGGEST: ['Restoration of the Image of God', 'Adam and Christ Typology'] — The document's central theme is the typological parallel between Adam and Christ
[  70/634 ] Derek Prince — God’s Program For The Close Of The Age (Part 1) → ['End Times', 'Baptism in the Holy Spirit', "God's Will and Guidance", 'Redemption']
         SUGGEST: ['Eschatology', 'Restoration and Renewal'] — The document extensively discusses God's purposes specifically for the close of 
[  71/634 ] Derek Prince — God’s Program For The Close Of The Age (Part 2) → ['Conditions for Revival', 'Revival', 'End Times', 'Spiritual Warfare', 'Israel and the Church']
         SUGGEST: ['Demonic Infiltration and Spiritual Cleansing', 'Church Restoration and Reformation'] — The document contains two important theological themes not adequately represente
[  72/634 ] Derek Prince — Satan’s Program For The Close Of The Age → ['Spiritual Warfare', 'End Times', 'Principalities and Powers', 'Repentance']
         SUGGEST: ["Satan's Kingdom and Authority", 'Restraining Force of the Holy Spirit'] — The document discusses two major theological themes not adequately covered by ex
[  73/634 ] Derek Prince — Restraining And Casting Down Satan → ['End Times', 'Spiritual Warfare', 'Eschatology']
         SUGGEST: ['Restraining Evil', 'Authority of Believers'] — The document emphasizes two central theological concepts not adequately covered 
[  74/634 ] Derek Prince — Spiritual Weapons - The Blood, the Word, Our Testi → ['Spiritual Warfare', 'Weapons of Our Warfare', 'Atonement', 'Biblical Typology and Symbolism']
         SUGGEST: ['Testimony and Witness', 'The Blood of Christ'] — The document extensively emphasizes personal testimony as the mechanism that act
[  75/634 ] Derek Prince — God’s Word: The Spirit’s Sword → ['Armor of God', 'Spiritual Warfare', 'Word of God', 'Weapons of Our Warfare']
         SUGGEST: ['Strongholds in the Mind', 'Truth and Honesty in Faith'] — The document extensively discusses casting down Satan's strongholds (2 Corinthia
[  76/634 ] Derek Prince — The Gospel Of The Kingdom For All Nations → ['Armor of God', 'Word of God', 'End Times', 'Prophecy']
         SUGGEST: ['Scripture and Authority', 'Discerning Times and Seasons'] — The document emphasizes the absolute authority and unchangeability of Scripture 
[  77/634 ] Derek Prince — The Power Of Personal Testimony → ['Spiritual Warfare', 'Weapons of Our Warfare', 'Baptism in the Holy Spirit', 'Evangelism']
         SUGGEST: ['Power Evangelism'] — The document emphasizes personal testimony as a spiritual weapon for evangelism,
[  78/634 ] Derek Prince — Triumphant Praise → ['Spiritual Warfare', 'Worship', "God's Presence", 'Power of Prayer']
         SUGGEST: ['Praise as a Spiritual Weapon', "Access to God's Presence"] — The document extensively treats praise as a spiritual weapon and as the primary 
[  79/634 ] Derek Prince — The Real Enemy → ['Spiritual Warfare', 'Biblical Exposition', 'Principalities and Powers', 'Interpreting Scripture']
         SUGGEST: ['Demonic Opposition and Hierarchy', 'Spiritual Authority and Rulership'] — The document contains substantial theological teaching on the hierarchical struc
[  80/634 ] Derek Prince — Defensive Armor → ['Spiritual Warfare', 'Principalities and Powers', 'Discerning of Spirits', 'Biblical Exposition']
         SUGGEST: ['Territorial Spirits', 'Deliverance Ministry'] — The document extensively discusses Satan's hierarchical kingdom structure, inclu
[  81/634 ] Derek Prince — Weapons Of Attack → ['Spiritual Warfare', 'Power of Prayer', 'Armor of God', 'Fasting and Prayer']
         SUGGEST: ['Night Prayer and Watching', 'Self-Denial in Spiritual Practice'] — The document emphasizes two theologically significant themes that are not adequa
[  82/634 ] Derek Prince — Aggressive Prayer → ['Spiritual Warfare', 'Armor of God', 'Weapons of Our Warfare', 'Power of Prayer', 'Binding and Loosing']
         SUGGEST: ['Strongholds in the Mind', 'Testimony and Witness'] — The document extensively discusses how the battlefield of spiritual warfare is i
[  83/634 ] Derek Prince — Preparation For Praise → ['Tabernacle of Moses', 'Worship', 'Deep Intimacy with God', 'Biblical Typology and Symbolism']
         SUGGEST: ["God's Purpose and Will", 'Covenant'] — The document's central theological argument is that God's PRIMARY PURPOSE in red
[  84/634 ] Derek Prince — Triune Man At Creation → ['Sanctification', 'Spiritual Maturity', 'Holiness']
         SUGGEST: ['Anthropology (Biblical view of human nature)', 'Knowledge of God Through Revelation'] — The document's central theme is 'Bible psychology' - understanding human inner n
[  85/634 ] Derek Prince — Man's Spirit - Before and After Regeneration → ['Biblical Hermeneutics', 'Foundations of Christian Doctrine', 'Biblical Typology and Symbolism']
         SUGGEST: ['Anthropology and Human Nature', 'The Trichotomy of Man (Spirit, Soul, and Body)'] — This document is a theological teaching specifically focused on the nature of hu
[  86/634 ] Derek Prince — The Nature Of The Regenerated Spirit → ['Foundations of Christian Doctrine', 'Redemption', 'Spirit-Filled Life']
         SUGGEST: ['Spirit, Soul, and Body', 'Spiritual Death and Regeneration'] — The document's primary focus is on the tripartite nature of humanity (spirit, so
[  87/634 ] Derek Prince — Relationship between Believer's Spirit and Soul → ['Spirit-Filled Life', 'Renewing the Mind', 'Walking in the Spirit']
         SUGGEST: ['Spirit, Soul, and Body', 'Discerning Between Spirit and Soul'] — The document's primary theological focus is the tripartite nature of humanity (s
[  88/634 ] Derek Prince — The Tabernacle: A Pattern Of Spirit, Soul And Body → ['Tabernacle of Moses', 'Biblical Typology and Symbolism', 'Temple and Priesthood', 'Atonement', 'New Covenant']
         SUGGEST: ['Melchizedek Priesthood', "Access to God's Presence"] — The document extensively discusses the Melchizedek priesthood as a major theolog
[  89/634 ] Derek Prince — God’s Provision For The Believer’s Body → ['Biblical Exposition', 'Theology of Healing', 'New Creation', 'Redemption']
         SUGGEST: ['Anthropology and the Nature of Man', "The Body as God's Temple"] — The document centers on understanding the nature, origin, purpose, and value of 
[  90/634 ] Derek Prince — Only Two Ways To Righteousness → ['Law and Grace', 'Foundations of Christian Doctrine', 'Biblical Exposition']
         SUGGEST: ['Justification', 'Sanctification'] — The document extensively discusses how faith in Christ ends the Law as a means o
[  91/634 ] Derek Prince — Why The Law? → ['Law and Grace', 'Biblical Exposition', 'Foundations of Christian Doctrine']
         SUGGEST: ['Justification', 'Sanctification'] — While 'Law and Grace' is assigned, the document extensively discusses justificat
[  92/634 ] Derek Prince — The Righteousness God Requires → ['Law and Grace', 'Foundations of Christian Doctrine', 'Justification']
         SUGGEST: ['Repentance', 'Faith'] — The document emphasizes the two fundamental paths to righteousness: works versus
[  93/634 ] Derek Prince — How Grace Operates → ['Law and Grace', 'Character Formation', 'Sanctification', 'Spiritual Growth']
         SUGGEST: ["Obedience and God's Word", 'Imputation and Impartation'] — The document has significant theological content on obedience as the means of ex
[  94/634 ] Derek Prince — Introduction → ['How to Study the Bible', 'Biblical Hermeneutics', 'Interpreting Scripture']
         SUGGEST: ['Word Study and Etymology', 'Spiritual Disciplines in Study'] — The document emphasizes two important themes not well-represented in current tag
[  95/634 ] Derek Prince — Analysis of Hebrews: Chapter 1 → ['Biblical Exposition', 'How to Study the Bible', 'Interpreting Scripture', 'Temple and Priesthood']
         SUGGEST: ['Biblical Typology and Symbolism', 'Foundations of Christian Doctrine'] — The document extensively discusses the Book of Hebrews' theological themes, part
[  96/634 ] Derek Prince — Analysis of Hebrews: Chapter 2 → ['Biblical Exposition', "Hearing God's Voice", 'Spiritual Maturity']
         SUGGEST: ['Lordship of Christ', "Neglect of God's Word"] — The document emphasizes Jesus' absolute supremacy and uniqueness as a core theol
[  97/634 ] Derek Prince — Old Testament Picture of High Priest → ['Biblical Exposition', 'Temple and Priesthood', 'Biblical Typology and Symbolism', 'Foundations of Christian Doctrine']
         SUGGEST: ['Tabernacle of Moses', 'Heavenly Priesthood and Intercession'] — While 'Temple and Priesthood' is assigned, the document extensively discusses th
[  98/634 ] Derek Prince — Analysis of Hebrews: Chapter 3 → ['Biblical Exposition', 'Biblical Hermeneutics', 'Character Formation', 'Interpreting Scripture']
         SUGGEST: ['Faithfulness', 'Conditional Perseverance'] — The document extensively discusses the distinction between faith as intellectual
[  99/634 ] Derek Prince — Analysis of Hebrews: Chapter 4 → ['Biblical Exposition', 'Biblical Hermeneutics', 'Faith', 'Interpreting Scripture']
         SUGGEST: ['Fear of the Lord', 'Rest in God'] — The document heavily emphasizes two major theological themes not currently captu
[ 100/634 ] Derek Prince — Analysis of Hebrews: Chapter 5 → ['Abiding in Christ', 'Dependence on God', 'Faith', "God's Will and Guidance"]
         SUGGEST: ["Supernatural Strength and God's Power", 'Trusting God in Hardship'] — The document's central theme emphasizes learning to operate in God's supernatura
[ 101/634 ] Derek Prince — Analysis of Hebrews: Chapter 6 → ['Biblical Exposition', 'Foundations of Christian Doctrine', 'Repentance', 'Faith']
         SUGGEST: ['Spiritual Growth', "Submission to God's Will"] — The document emphasizes progression toward spiritual maturity ('press on to matu
[ 102/634 ] Derek Prince — Analysis of Hebrews: Chapter 6 & 7 → ['Repentance', 'Baptism in the Holy Spirit', 'Biblical Exposition']
         SUGGEST: ['Blasphemy Against the Holy Spirit', 'Falling Away from Faith'] — The document extensively discusses two critical theological themes that are not 
[ 103/634 ] Derek Prince — Analysis of Hebrews: Chapter 7 Cont → ['Biblical Exposition', 'New Covenant', 'Temple and Priesthood', 'Atonement']
         SUGGEST: ['Sacrifice and Offering', 'Blood Covenant'] — This document heavily emphasizes the interconnected themes of sacrifice, blood, 
[ 104/634 ] Derek Prince — Analysis of Hebrews: Chapter 8 → ['How to Study the Bible', 'Biblical Hermeneutics', 'Biblical Exposition']
         SUGGEST: ['Original Languages and Translation', 'Textual Analysis and Key Word Study'] — The document extensively discusses working with Greek and Hebrew original texts,
[ 105/634 ] Derek Prince — Analysis of Hebrews: Chapter 8 Cont → ['Biblical Exposition', 'Tabernacle of Moses', 'Temple and Priesthood', 'Holiness', 'Signs and Wonders']
         SUGGEST: ['Heavenly Sanctuary and Earthly Shadow', 'Priestly Intercession'] — The document extensively explores the relationship between the earthly tabernacl
[ 106/634 ] Derek Prince — Analysis of Hebrews: Chapter 9 → ['Biblical Typology and Symbolism', 'Tabernacle of Moses', 'Biblical Exposition', 'Intimacy with God']
         SUGGEST: ['Priestly Ministry', 'Worship and Adoration'] — The document contains substantial teaching on priestly function and access to Go
[ 107/634 ] Derek Prince — Analysis of Hebrews: Chapter 9 Cont → ['Biblical Exposition', 'Atonement', 'How to Study the Bible', 'Redemption']
         SUGGEST: ['Justification', 'The Cross'] — The document deeply explores how Christ's atoning sacrifice on the cross operate
[ 108/634 ] Derek Prince — Analysis of Hebrews: Chapter 9 & 10 → ['Biblical Exposition', 'Biblical Typology and Symbolism', 'New Covenant', 'Atonement']
         SUGGEST: ['Redemption', 'Sanctification'] — The document emphasizes the theological principle that covenants require sacrifi
[ 109/634 ] Derek Prince — Analysis of Hebrews: Chapter 10 Cont → ['Biblical Exposition', 'Deliverance Ministry', 'Spiritual Authority']
         SUGGEST: ['Confession and Declaration of Faith', 'Demonic Oppression and Deliverance'] — The document emphasizes the spiritual power of verbally confessing confidence in
[ 110/634 ] Derek Prince — Analysis of Hebrews: Chapter 10 & 11 → ['Biblical Exposition', 'Suffering and Sovereignty', 'Suffering as Sanctification', 'Perseverance']
         SUGGEST: ['Intimacy with Christ', 'Comfort in Grief and Loss'] — The document emphasizes deep, intimate fellowship with Christ through suffering 
[ 111/634 ] Derek Prince — Analysis of Hebrews: Chapter 11 Cont → ['Biblical Exposition', 'Faith', 'Interpreting Scripture']
         SUGGEST: ["Creation and God's Word", 'The Invisible and Spiritual Reality'] — The document extensively explores two major theological themes not adequately co
[ 112/634 ] Derek Prince — Analysis of Hebrews: Chapter 11 → ['Biblical Exposition', 'Biblical Typology and Symbolism', 'Faith', 'Interpreting Scripture']
         SUGGEST: ['The Cross', 'Redemption'] — The document extensively discusses the Akedah (Abraham's willingness to sacrific
[ 113/634 ] Derek Prince — Analysis of Hebrews: Chapter 11 & 12 → ['Biblical Typology and Symbolism', 'Atonement', 'Faith']
         SUGGEST: ['Confession of Faith', 'Salvation'] — The document emphasizes confession as essential to the application of Christ's r
[ 114/634 ] Derek Prince — Analysis of Hebrews: Chapter 12 Cont → ['Biblical Exposition', 'Overcoming Sin', 'Spiritual Warfare', 'Perseverance']
         SUGGEST: ['Discipline and Correction', 'Complacency in the Church'] — The document gives substantial treatment to two important theological themes not
[ 115/634 ] Derek Prince — Analysis of Hebrews: Chapter 12 & 13 → ['Biblical Exposition', 'Eschatology', 'End Times', 'Interpreting Scripture']
         SUGGEST: ['Second Coming', 'Covenant Theology'] — The document heavily emphasizes the Second Coming of Christ as the climactic eve
[ 116/634 ] Derek Prince — Analysis of Hebrews: Chapter 13 Cont → ['Biblical Exposition', 'Law and Grace', 'Spiritual Maturity', 'Foundations of Christian Doctrine']
         SUGGEST: ['Discerning False Doctrine', 'Stability in Faith'] — The document extensively addresses two significant theological themes not adequa
[ 117/634 ] Derek Prince — Entrance Into God’s Kingdom → ['Salvation', 'Repentance', 'Water Baptism', 'Baptism in the Holy Spirit']
         SUGGEST: ['Faith', 'Justification'] — The document discusses a critical theological tension between Peter's three-step
[ 118/634 ] Derek Prince — Healing And Health → ['Divine Healing', "God's Will and Guidance", 'Theology of Healing', 'Faith for Healing']
         SUGGEST: ['Maintaining Healing and Health', 'Logic and Scripture in Theology'] — The document emphasizes two significant theological themes not adequately repres
[ 119/634 ] Derek Prince — How Spiritual Gifts Operate → ['Gifts of the Spirit', 'Manifestations of the Spirit', 'Intercessory Prayer', 'Community and Fellowship']
         SUGGEST: ['Sensitivity to the Holy Spirit', 'Cooperation with the Holy Spirit'] — The document emphasizes throughout the importance of being 'sensitive to the Hol
[ 120/634 ] Derek Prince — Testimonies of Miraculous Healings → ['Working of Miracles', 'Fivefold Ministry', 'Gifts of Healing', 'Church Governance and Structure', 'Baptism in the Holy Spirit', 'Evangelism']
         SUGGEST: ['Laying on of Hands', 'Receiving the Holy Spirit'] — The document discusses two important theological practices not adequately repres
[ 121/634 ] Derek Prince — Repentance → ['Repentance', 'Gospel', 'Biblical Exposition']
         SUGGEST: ['Salvation', 'John the Baptist'] — The document emphasizes Salvation as a central theological theme throughout—Jesu
[ 122/634 ] Derek Prince — The New Birth → ['Salvation', 'Biblical Exposition', 'New Creation']
         SUGGEST: ['Regeneration', 'Born Again Experience'] — The document's entire focus is on explaining the spiritual experience of being '
[ 123/634 ] Derek Prince — Water Baptism → ['Water Baptism', 'Biblical Exposition', 'Discipleship']
         SUGGEST: ['Biblical Typology and Symbolism', 'Ordinances of the Church'] — The document heavily emphasizes the symbolic and typological significance of bap
[ 124/634 ] Derek Prince — Healing The Bitter Pool → ['Biblical Exposition', 'Miracles', 'Faith', 'Biblical Hermeneutics']
         SUGGEST: ['Obedience and Faith', 'Worship and Praise'] — The document emphasizes the connection between faith-based obedience (Moses cast
[ 125/634 ] Derek Prince — Explanation Of Greek Word Charisma → ['Gifts of the Spirit', 'Charismatic Theology', 'Biblical Hermeneutics', 'How to Study the Bible']
         SUGGEST: ['Grace', 'Word of Knowledge', 'Word of Wisdom'] — The document extensively discusses grace (charis) as the foundational theologica
[ 126/634 ] Derek Prince — Charisma - Genus and Species → ['Gifts of the Spirit', 'Manifestations of the Spirit', 'Baptism in the Holy Spirit']
         SUGGEST: ['Charismatic Theology'] — The document provides an in-depth theological analysis of charisma (Greek term),
[ 127/634 ] Derek Prince — Gifts of Revelation and A Word of Wisdom → ['Gifts of the Spirit', 'Baptism in the Holy Spirit', 'Manifestations of the Spirit']
         SUGGEST: ['Supernatural Ministry', 'Role of the Holy Spirit in Spiritual Gifts'] — The document repeatedly emphasizes that spiritual gifts operate on a supernatura
[ 128/634 ] Derek Prince — A Word of Knowledge and Discerning of Spirits → ['Word of Knowledge', 'Gifts of the Spirit', 'Biblical Exposition']
         SUGGEST: ['Word of Wisdom', 'Discerning of Spirits'] — The document extensively discusses the distinction between the word of wisdom an
[ 129/634 ] Derek Prince — Gifts of Power - Faith → ['Gifts of the Spirit', 'Gift of Faith', 'Fruit of the Spirit', 'Spiritual Maturity', 'Biblical Exposition']
         SUGGEST: ['Sanctification', 'Saving Faith vs Gift of Faith'] — The document provides extensive biblical exposition distinguishing between three
[ 130/634 ] Derek Prince — Gifts of Healings and Workings of Miracles → ['Gifts of Healing', 'Working of Miracles', 'Gifts of the Spirit', 'Dependence on God', 'Manifestations of the Spirit']
         SUGGEST: ['Divine Healing', 'Faith in Healing'] — The document extensively discusses the theological distinction between healing a
[ 131/634 ] Derek Prince — Vocal Gifts - An Unknown Tongue → ['Gifts of the Spirit', 'Speaking in Tongues', 'Interpretation of Tongues', 'Prophecy', 'Manifestations of the Spirit']
         SUGGEST: ['Word of Wisdom', 'Word of Knowledge', 'Discerning of Spirits', 'Gift of Faith', 'Gifts of Healing', 'Working of Miracles'] — The document provides foundational teaching on the nine gifts of the Spirit, exp
[ 132/634 ] Derek Prince — An Unknown Tongue - Occasional, Continual → ['Gifts of the Spirit', 'Speaking in Tongues', 'Baptism in the Holy Spirit', 'Biblical Exposition', 'Interpretation of Tongues']
         SUGGEST: ['Prophecy', 'Signs and Wonders'] — The document extensively discusses prophecy as one of the three vocal gifts alon
[ 133/634 ] Derek Prince — Kinds Of Tongues And Interpretation Of Tongues → ['Gifts of the Spirit', 'Speaking in Tongues', 'Interpretation of Tongues', 'Prophecy', 'Biblical Exposition']
         SUGGEST: ['Fivefold Ministry', 'Testing Prophecy'] — The document extensively discusses the ordering and structure of ministries in 1
[ 134/634 ] Derek Prince — The Gift Of Prophecy → ['Gifts of the Spirit', 'Prophecy', 'Speaking in Tongues', 'Interpretation of Tongues']
         SUGGEST: ['Testing Prophecy', 'Manifestations of the Spirit'] — The document extensively discusses how prophecy functions within the church and 
[ 135/634 ] Derek Prince — How To Judge Prophecy → ['Testing Prophecy', 'Gifts of the Spirit', 'Prophecy', 'Church Governance and Structure']
         SUGGEST: ['Accountability in Ministry', 'Discerning of Spirits'] — The document extensively addresses accountability structures for prophetic minis
[ 136/634 ] Derek Prince — How To Exercise Spiritual Gifts → ['Gifts of the Spirit', 'Faith', "Hearing God's Voice"]
         SUGGEST: ['Overcoming Unbelief', 'Renewing the Mind'] — The document emphasizes overcoming preconceived notions, religious traditions, a
[ 137/634 ] Derek Prince — Immersed In The Spirit → ['Biblical Typology and Symbolism', 'Baptism in the Holy Spirit', 'Prophecy', 'Power Evangelism']
         SUGGEST: ['Messianic Prophecy', 'Pentecost'] — The document contains substantial discussion of how Old Testament prophets spoke
[ 138/634 ] Derek Prince — Holy Spirit: Before and After Pentecost → ['Baptism in the Holy Spirit', 'Gifts of the Spirit', 'Charismatic Theology', 'Foundations of Christian Doctrine', 'Biblical Exposition']
         SUGGEST: ['Trinity and the Godhead', 'Pneumatology'] — The document extensively discusses the nature of God as Trinity (Father, Son, an
[ 139/634 ] Derek Prince — The Holy Spirit and the Bride → ['Biblical Exposition', 'Biblical Hermeneutics', 'Intimacy with God']
         SUGGEST: ['Holy Spirit as Advocate', 'New Covenant Inheritance'] — The document's central theological focus is on the Holy Spirit's role as our adv
[ 140/634 ] Derek Prince — The Holy Spirit Is A Person → ['Baptism in the Holy Spirit', 'Charismatic Theology', 'Foundations of Christian Doctrine', 'Gifts of the Spirit', 'Spirit-Filled Life']
         SUGGEST: ['Trinity and the Godhead', 'Redemptive History'] — The document extensively discusses the doctrine of the Trinity/Godhead as founda
[ 141/634 ] Derek Prince — How To Receive The Holy Spirit → ['Foundations of Christian Doctrine', 'Charismatic Theology', 'Biblical Exposition']
         SUGGEST: ['Nature of God', "God's Omniscience and Omnipresence"] — The document's central theological focus is explaining two fundamental divine at
[ 142/634 ] Derek Prince — How To Exercise Vocal Gifts → ['Gifts of the Spirit', 'Fivefold Ministry', 'Manifestations of the Spirit', 'Biblical Exposition']
         SUGGEST: ['Charismatic Theology', 'Equipping the Saints'] — The document extensively discusses the theological distinction between two categ
[ 143/634 ] Derek Prince — Seven Basic Conditions For Answered Prayer → ['Power of Prayer', "Hearing God's Voice", 'Foundations of Christian Doctrine']
         SUGGEST: ['Conditions for Answered Prayer', 'Access to God Through Christ'] — The document systematically teaches conditions for effective prayer and emphasiz
[ 144/634 ] Derek Prince — Intervening By Prayer In National Affairs → ['Power of Prayer', 'Intercessory Prayer', 'Conditions for Revival', 'Yielding to the Holy Spirit']
         SUGGEST: ['Agreement in Prayer', "Praying God's Word"] — The document emphasizes two important theological themes that are not currently 
[ 145/634 ] Derek Prince — Spiritual Weapons For Spiritual Warfare → ['Power of Prayer', 'Intercessory Prayer', "God's Will and Guidance", 'Fasting and Prayer']
         SUGGEST: ['Conditions for Answered Prayer', 'Corporate Prayer and Unity'] — The document emphasizes seven fundamental conditions for receiving answered pray
[ 146/634 ] Derek Prince — God’s Atomic Weapon - The Blood of Jesus → ['Spiritual Warfare', 'End Times', 'Eschatology', 'Biblical Exposition', 'Principalities and Powers']
         SUGGEST: ["Resistance to God's Purposes", 'Three Heavens Cosmology'] — The document emphasizes Satan's persistent resistance to God's purposes and grac
[ 147/634 ] Stephen — Epilogue: The Glorious Church → ['Doctrine of the Church', 'Biblical Exposition', 'Sanctification', "God's Presence"]
         SUGGEST: ["God's Glory and Manifestation", 'Redemption and Cleansing'] — The document's central theme is God's glory as His manifest, visible, tangible p
[ 148/634 ] Derek Prince — God Demands Holiness in His People → ['Holiness', 'Biblical Hermeneutics', 'Knowing God']
         SUGGEST: ['Sanctification', "God's Nature and Attributes"] — The document extensively explores sanctification as a core theological theme, wi
[ 149/634 ] Derek Prince — God’s Provision for Holiness → ['Holiness', 'Spiritual Growth', 'Knowing God', 'Biblical Exposition']
         SUGGEST: ["Partaking of God's Nature", 'Acknowledging Christ'] — The document emphasizes two significant theological themes not adequately repres
[ 150/634 ] Derek Prince — How God’s Provision Works in Our Lives → ['Holiness', 'Sanctification', 'Biblical Exposition', 'Foundations of Christian Doctrine']
         SUGGEST: ['Election and Predestination', "God's Sovereignty and Human Choice"] — The document extensively discusses God's foreknowledge, election, predestination
[ 151/634 ] Derek Prince — How You May Sanctify Yourself → ['Sanctification', 'Character Formation', 'Holiness', "God's Will and Guidance", 'Discipleship']
         SUGGEST: ["God's Holiness and Nature", "Obedience and Submission to God's Will"] — While the document is well-covered by the existing tags, two important theologic
[ 152/634 ] Derek Prince — Christian Principles Of Finance → ['Biblical Stewardship', 'Tithing and Generosity', 'Financial Wisdom']
         SUGGEST: ['Lordship of Christ', 'Obedience and Faith'] — The document emphasizes that financial stewardship is fundamentally about submit
[ 153/634 ] Derek Prince — The Helmet Of Hope → ['Deliverance Ministry', 'Spiritual Warfare', 'Armor of God', 'Inner Healing', 'Strongholds in the Mind']
         SUGGEST: ['Renewing the Mind', 'Demonic Oppression and Bondage'] — The document heavily emphasizes the critical importance of renewing and reeducat
[ 154/634 ] Derek Prince — Decision, Not Emotion → ['Spirit-Filled Life', 'Baptism in the Holy Spirit', 'Renewing the Mind', 'Character Formation']
         SUGGEST: ['Spirit, Soul, and Body', "Decision-Making and God's Will"] — The document's central theological argument is the tripartite nature of human pe
[ 155/634 ] Derek Prince — The Importance Of Decision → ['Evangelism', 'Charles Finney', "God's Will and Guidance", 'Character Formation']
         SUGGEST: ['Will and Volition', 'Emotional Healing'] — The document extensively emphasizes the primacy of human will and volition in Ch
[ 156/634 ] Derek Prince — Use And Abuse Of The Tongue → ['Biblical Exposition', 'Word of God', 'Spiritual Disciplines']
         SUGGEST: ['Power of Words and Speech', 'Tongue and Speech Control'] — This document is fundamentally about the power and proper use of speech/the tong
[ 157/634 ] Derek Prince — Let Us Go On To Perfection → ['Foundations of Christian Doctrine', 'Biblical Exposition', 'Spiritual Maturity', 'Deep Intimacy with God']
         SUGGEST: ['Spiritual Progress and Advancement', 'Teaching Ministry'] — The document's central theme is 'going on unto perfection' (Hebrews 6:1) - a tea
[ 158/634 ] Derek Prince — The Symbolism Of The Tabernacle → ['Tabernacle of Moses', 'Biblical Typology and Symbolism', 'Spiritual Maturity', 'Foundations of Christian Doctrine']
         SUGGEST: ['Spirit, Soul, and Body', 'Sanctification'] — The document extensively discusses the tripartite nature of humans (spirit, soul
[ 159/634 ] Derek Prince — The Outer Court → ['Biblical Typology and Symbolism', 'Tabernacle of Moses', 'Spiritual Growth', 'Deep Intimacy with God']
         SUGGEST: ['New Covenant', 'Sanctification'] — The document extensively contrasts the Old Covenant (Mosaic) with the New Covena
[ 160/634 ] Derek Prince — The Holy Place → ['Biblical Typology and Symbolism', 'Tabernacle of Moses', 'Spiritual Growth', 'Sanctification']
         SUGGEST: ['Progressive Revelation', 'Soul, Spirit, and Body'] — The document emphasizes the progressive journey from the Old Covenant patterns t
[ 161/634 ] Derek Prince — The Holy Of Holies → ['Tabernacle of Moses', 'Biblical Typology and Symbolism', 'Spiritual Growth', 'Intimacy with God']
         SUGGEST: ['Progressive Sanctification', 'Redemption'] — The document's central theme is the progressive journey of the believer from ini
[ 162/634 ] Derek Prince — The Mercy Seat → ['Biblical Typology and Symbolism', 'Tabernacle of Moses', 'Atonement', 'Sanctification', 'Deep Intimacy with God']
         SUGGEST: ['Renewing the Mind', 'Worship'] — The document contains substantial teaching on renewing the mind/intellect (the c
[ 163/634 ] Derek Prince — Four Great Blessings Of The New Covenant → ['Biblical Typology and Symbolism', 'Tabernacle of Moses', 'New Covenant', 'Sanctification']
         SUGGEST: ['Spiritual Maturity', 'Intimacy with God'] — The document emphasizes progressive spiritual development through the tabernacle
[ 164/634 ] Derek Prince — Four Chief Requirements Of The True Worshiper → ['Biblical Typology and Symbolism', 'Tabernacle of Moses', 'Worship', 'Deep Intimacy with God']
         SUGGEST: ['Sanctification', 'Redemption'] — The document extensively addresses sanctification as a core spiritual requiremen
[ 165/634 ] Derek Prince — Busybodies And Overseers → ['Overcoming Sin', 'Character Formation', 'Spiritual Disciplines']
         SUGGEST: ['Gossip and Talebearing', 'Boundaries and Stewardship'] — The document has a primary focus on the sin of being a busybody (allotrioepiskop
[ 166/634 ] Derek Prince — The Pilgrims Laid The Foundation → ['Biblical Exposition', 'Foundations of Christian Doctrine', 'Financial Wisdom']
         SUGGEST: ['Sowing and Reaping', "National Destiny and God's Purpose"] — The document's central theological theme is the principle of sowing and reaping 
[ 167/634 ] Derek Prince — Intercession → ['Intercessory Prayer', 'Biblical Exposition', 'Character in Leadership']
         SUGGEST: ['Mercy and Compassion', 'High Priesthood of Christ'] — The document extensively develops two major theological themes not currently cap
[ 168/634 ] Derek Prince — How To Overcome Rejection And Betrayal → ['Deep Intimacy with God', 'Baptism in the Holy Spirit', 'Fruit of the Spirit']
         SUGGEST: ['Seeking God', 'Encounter with God'] — The document covers a significant spiritual narrative about the speaker's person
[ 169/634 ] Derek Prince — From Rejection To Acceptance → ['Overcoming Rejection', 'Inner Healing', 'Emotional Healing', 'Baptism in the Holy Spirit']
         SUGGEST: ['Spirit of Adoption', 'Wounded Spirit and Deep Healing'] — The document emphasizes the deep spiritual wound of rejection that affects the s
[ 170/634 ] Derek Prince — The Grace Of Yielding → ['Yielding to the Holy Spirit', 'Dying to Self', 'Character Formation', 'Spiritual Maturity', 'Servant Leadership']
         SUGGEST: ["Bearing One Another's Burdens", 'Moral and Ethical Living'] — The document emphasizes the Christian responsibility to bear and support the wea
[ 171/634 ] Derek Prince — We Are A Kingdom Of Priests → ['Baptism in the Holy Spirit', 'Spiritual Maturity', 'Deep Intimacy with God', 'Biblical Exposition']
         SUGGEST: ['Identity in Christ', 'Knowing God'] — The document's central theological theme is the progression from believing to kn
[ 172/634 ] Derek Prince — Christ Rules Now As King And Priest → ['Biblical Typology and Symbolism', 'Temple and Priesthood', 'Lordship of Christ', 'Biblical Exposition']
         SUGGEST: ['Melchizedek and His Priesthood', 'Comparison of Levitical and Melchizedekian Orders'] — The document's central theological focus is on the person of Melchizedek and the
[ 173/634 ] Derek Prince — Good Government Through Prayer → ['Intercessory Prayer', 'Power of Prayer', "God's Will and Guidance"]
         SUGGEST: ['Citizen Responsibility and Christian Duty', 'Praying for Nations and Leaders'] — The document's central theme is the Christian obligation to pray for government 
[ 174/634 ] Derek Prince — United Fasting For Restoration → ['Fasting and Prayer', "God's Will and Guidance", 'Seeking God', 'Spiritual Disciplines', 'End Times']
         SUGGEST: ['Restoration and Renewal', 'Divine Initiative vs Human Works'] — The document's central theme is 'United Fasting for Restoration,' emphasizing Go
[ 175/634 ] Derek Prince — Crisis Calls For Fasting → ['Fasting and Prayer', 'Conditions for Revival', 'Leadership Development', 'Charismatic Renewal']
         SUGGEST: ['Repentance', 'Corporate Prayer and Gathering'] — The document emphasizes repentance as a central condition for receiving God's pr
[ 176/634 ] Derek Prince — How To Fast Successfully → ['Fasting and Prayer', 'Spiritual Disciplines', 'Spiritual Growth']
         SUGGEST: ['Intercessory Prayer', 'Church History'] — The document extensively discusses the historical practice of fasting in the ear
[ 177/634 ] Derek Prince — Endurance → ['Perseverance', 'Character Formation', 'Spiritual Maturity', 'End Times', 'Spiritual Disciplines']
         SUGGEST: ['Tribulation and Persecution', 'Testing and Trials'] — The document extensively discusses enduring through persecution, lawlessness, an
[ 178/634 ] Derek Prince — Seven Steps To Christian Love → ['Baptism in the Holy Spirit', 'Character Formation', 'Fruit of the Spirit', 'Biblical Exposition']
         SUGGEST: ['Sanctification', 'Emotional Healing'] — The document extensively addresses sanctification through the Romans 5 passage o
[ 179/634 ] Derek Prince — The Eternal Unchanging Word → ['Trusting God in Hardship', 'Faith', 'Spiritual Maturity']
         SUGGEST: ['Temporal vs Eternal Perspective', 'Divine Comfort and Consolation'] — The document's central theological theme is the contrast between the temporal/ca
[ 180/634 ] Derek Prince — To Get the Most Out of Life - Set Your Affections  → ['Dying to Self', 'Identity in Christ', 'New Creation', 'Spiritual Growth']
         SUGGEST: ['Resurrection', 'Purpose and Calling'] — The document heavily emphasizes resurrection with Christ (Colossians 3:1-3) as a
[ 181/634 ] Derek Prince — How To Become A New Creation → ['Biblical Exposition', 'Repentance', 'Renewing the Mind', 'Dying to Self']
         SUGGEST: ['Moral Failure and Restoration', 'Strongholds in the Mind'] — The document extensively covers the speaker's personal testimony of moral and sp
[ 182/634 ] Derek Prince — Spiritual Blindness - Cause and Cure → ['Justification', 'Law and Grace', 'Overcoming Sin', 'Sanctification']
         SUGGEST: ['Humility', 'Repentance'] — The document's central theme is self-righteousness as a spiritual problem, which
[ 183/634 ] Derek Prince — Thankfulness → ['Contentment', 'Fruit of the Spirit', "God's Will and Guidance", 'Spirit-Filled Life', 'Yielding to the Holy Spirit']
         SUGGEST: ['Thanksgiving and Gratitude', 'Obedience and Commands'] — The document's central and repeated theme is thankfulness/thanksgiving as a dire
[ 184/634 ] Derek Prince — The Promises → ['Financial Wisdom', 'Biblical Exposition', "God's Will and Guidance"]
         SUGGEST: ['Provision and Supply', 'Trusting God in Hardship'] — The document's central focus is God's provision and how believers access it thro
[ 185/634 ] Derek Prince — The Conditions → ['Biblical Stewardship', "God's Will and Guidance", 'Generous Living', 'Faith']
         SUGGEST: ['Prosperity Gospel', 'Provision and Trust'] — The document's central theme is God's abundance and provision, with significant 
[ 186/634 ] Derek Prince — The Purposes → ['Atonement', 'The Cross', 'Financial Wisdom', 'Biblical Exposition']
         SUGGEST: ['Prosperity and Blessing', 'Grace'] — The document's central theological focus is the exchange of Christ taking povert
[ 187/634 ] Derek Prince — Progressive Commitment → ['Spiritual Growth', 'Faith', 'Discipleship', 'Biblical Typology and Symbolism']
         SUGGEST: ['Obedience to God', 'Sacrifice and Surrender'] — The document's central theme is 'Progressive Commitment' demonstrated through Ab
[ 188/634 ] Derek Prince — The Right to Judge → ['Biblical Exposition', 'Biblical Hermeneutics', 'Spiritual Authority', 'Church Governance and Structure', 'Interpreting Scripture', 'Lordship of Christ']
         SUGGEST: ['Discerning of Spirits', 'Church Discipline'] — The document extensively addresses how to discern when judgment is appropriate v
[ 189/634 ] Derek Prince — Judge Righteous Judgment → ['Accountability and Mentorship', 'Spiritual Authority', 'Character Formation', 'Foundations of Christian Doctrine']
         SUGGEST: ['Judging and Righteous Judgment', 'Eternal Accountability Before God'] — The document's central theme is the biblical principle of judging and ruling - s
[ 190/634 ] Derek Prince — A Prudent Wife Is from the Lord → ['Marriage', 'Redemption', 'Divine Favor', 'Biblical Typology and Symbolism', 'Scripture and Authority', 'Deep Intimacy with God']
         SUGGEST: ['Covenant', "God's Design for Relationships"] — The document heavily emphasizes marriage as a divinely ordained covenant establi
[ 191/634 ] Derek Prince — How to Find the Right Mate → ['Dating and Relationships', 'Marriage', "God's Will and Guidance"]
         SUGGEST: ['Biblical Typology and Symbolism', "Discerning God's Will in Relationships"] — The document heavily emphasizes typology (using Adam and Eve as a type/pattern f
[ 192/634 ] Derek Prince — Praise → ['Worship', "God's Presence", 'Spiritual Disciplines', 'Encounter with God', 'Fruit of the Spirit']
         SUGGEST: ['Thanksgiving and Gratitude', "Understanding God's Attributes"] — The document makes a significant theological distinction between praise, worship
[ 193/634 ] Derek Prince — Times And Seasons → ['Discerning Times and Seasons', 'Yielding to the Holy Spirit', "God's Will and Guidance"]
         SUGGEST: ["Timing and God's Sovereignty", 'Holy Spirit as Administrator'] — The document emphasizes two major theological themes not captured by existing ta
[ 194/634 ] Derek Prince — Up Is Down → ['Biblical Exposition', 'Humility', 'Spiritual Authority', 'Principalities and Powers']
         SUGGEST: ['Spiritual Laws and Principles', 'Satan and Rebellion'] — The document's central theme is the exposition of a fundamental spiritual law (h
[ 195/634 ] Derek Prince — Down Is Up → ['Humility', 'Biblical Exposition', 'The Cross']
         SUGGEST: ['Self-Denial', 'Exaltation and Humiliation of Christ'] — The document centers on two major theological themes not adequately covered by t
[ 196/634 ] Derek Prince — Release To God’s Ultimate → ['End Times', 'Character Formation', 'Dying to Self', 'Overcoming Sin']
         SUGGEST: ['Self-Denial and Radical Obedience', 'Love of God vs. Love of Self'] — While 'Dying to Self' is assigned, the document heavily emphasizes the specific 
[ 197/634 ] Derek Prince — Communion In Its Fullness → ['Biblical Typology and Symbolism', 'New Covenant', 'Temple and Priesthood', 'Atonement']
         SUGGEST: ["Communion and the Lord's Supper", 'Melchizedek and Priesthood Order'] — The document's central focus is on the theological meaning of Communion/the Lord
[ 198/634 ] Derek Prince — The Fatherhood Of God → ['Fatherhood', 'Knowing God', 'Deep Intimacy with God', 'Gospel', 'Biblical Exposition']
         SUGGEST: ['Revelation of God', 'Jesus as Revealer of the Father'] — The document's central theological focus is on Jesus Christ's unique role in rev
[ 199/634 ] Derek Prince — Human Fatherhood - Natural → ['Knowing God', 'Fatherhood', 'Identity in Christ', 'Building the Church']
         SUGGEST: ['Spiritual Fathers and Mothers', 'Family Prayer'] — The document explicitly contrasts natural fatherhood with spiritual fatherhood a
[ 200/634 ] Derek Prince — Human Fatherhood - Spiritual → ['Fatherhood', 'Knowing God', 'Spiritual Fathers and Mothers', 'Biblical Exposition']
         SUGGEST: ['Spiritual Sonship', 'Spirit of Adoption'] — The document extensively discusses the theological concept of spiritual sonship—
[ 201/634 ] Derek Prince — A Call To Corporate Fasting → ['Fasting and Prayer', 'Spiritual Disciplines', 'Discipleship']
         SUGGEST: ['Sanctification', 'Spiritual Maturity'] — The document extensively emphasizes fasting as essential for spiritual transform
[ 202/634 ] Derek Prince — The Secret Council Of The Godhead → ["Hearing God's Voice", 'Discerning Times and Seasons', 'Character Formation', 'Community and Fellowship', 'Biblical Exposition']
         SUGGEST: ['Spiritual Authority', 'Covenant'] — The document's central focus is on understanding and accessing God's counsel and
[ 203/634 ] Derek Prince — Motivation for Living To Do God’s Will → ["God's Will and Guidance", 'Purpose and Calling', 'Lordship of Christ', 'Spiritual Maturity']
         SUGGEST: ['Suffering and Sovereignty', 'Commitment and Sacrifice'] — The document extensively addresses suffering as an integral part of Christian li
[ 204/634 ] Derek Prince — Three Keys to Successful Leadership → ['Character in Leadership', "Hearing God's Voice", 'Pastoral Ministry']
         SUGGEST: ['Spiritual Disciplines', 'Self-Care and Spiritual Health'] — The document emphasizes the crucial importance of personal spiritual discipline 
[ 205/634 ] Derek Prince — Four More Keys → ['Character in Leadership', 'Pastoral Ministry', "Hearing God's Voice", 'Spiritual Disciplines']
         SUGGEST: ['Testing Prophecy', 'Discerning of Spirits'] — The document emphasizes discerning God's voice from other voices and testing whe
[ 206/634 ] Derek Prince — Limitless Resources For Total Outreach → ['Unity in the Church', 'Church History', 'Charismatic Renewal']
         SUGGEST: ['Israel and the Church', 'Restoration and Renewal'] — The document extensively discusses God's restoration purposes working along two 
[ 207/634 ] Derek Prince — Who Are The Israel Of God? → ['Israel and the Church', 'Biblical Exposition', 'How to Study the Bible']
         SUGGEST: ['Interpreting Scripture', 'Doctrine of the Church'] — The document emphasizes the importance of careful textual analysis and comparing
[ 208/634 ] Derek Prince — Jews, Gentiles And The Church → ['Israel and the Church', 'New Covenant', 'Biblical Typology and Symbolism', 'Atonement']
         SUGGEST: ['Redemption', 'Eschatology'] — The document heavily emphasizes how Christ's atoning death on the cross accompli
[ 209/634 ] Derek Prince — The Prophetic Word Made More Sure → ['Israel and the Church', 'Israel in Bible Prophecy', 'Biblical Typology and Symbolism']
         SUGGEST: ['Literal vs Figurative Interpretation', 'Authority of Scripture'] — The document emphasizes two important theological themes not adequately represen
[ 210/634 ] Derek Prince — Presbyteries and Apostolic Teams - Part 1 → ['Apostolic Ministry', 'Church Governance and Structure', 'Fivefold Ministry', 'Interpreting Scripture']
         SUGGEST: ['Spiritual Fathers and Mothers', 'Seeking God'] — The document emphasizes the speaker's personal spiritual journey of deep seeking
[ 211/634 ] Derek Prince — Presbyteries and Apostolic Teams - Part 2 → ['Apostolic Authority', 'Apostolic Ministry', 'Church Governance and Structure', 'Leadership Development', 'Spiritual Authority']
         SUGGEST: ['Checks and Balances in Leadership', 'Accountability and Corporate Responsibility'] — The document's central focus is on safeguards against abuse of authority through
[ 212/634 ] Derek Prince — The Chief Shepherd and His Undershepherds - Part 1 → ['Pastoral Ministry', 'Foundations of Christian Doctrine', 'Church Governance and Structure']
         SUGGEST: ['Biblical Hermeneutics', 'Spiritual Authority'] — The document's central theme involves distinguishing between biblical absolutes 
[ 213/634 ] Derek Prince — The Chief Shepherd and His Undershepherds - Part 2 → ['Church Governance and Structure', 'Pastoral Ministry', 'Church History', 'Interpreting Scripture']
         SUGGEST: ['Fivefold Ministry', 'Office of the Prophet'] — While 'Church Governance and Structure' is assigned, this document makes a detai
[ 214/634 ] Derek Prince — Christ’s Last Order → ['Great Commission', 'Apostolic Authority', 'Evangelism', 'Gospel']
         SUGGEST: ['Obedience and Submission to God', 'Biblical Authority and Command'] — The document centers on two major theological themes not adequately represented 
[ 215/634 ] Derek Prince — Worship And Rest → ['Worship', 'Intimacy with God', 'Humility']
         SUGGEST: ['Attitude of Worship', "God's Holiness"] — The document emphasizes that worship is primarily an ATTITUDE (a core theologica
[ 216/634 ] Derek Prince — Preparing For Messiah’s Coming → ['End Times', 'Second Coming', 'Israel in Bible Prophecy', 'Biblical Exposition']
         SUGGEST: ['Literal Interpretation of Prophecy', 'Rapture of the Church'] — The document emphasizes a literalist hermeneutical approach to prophetic interpr
[ 217/634 ] Derek Prince — The Source Of Strength → ['Knowing God', 'Faith', 'Discerning Times and Seasons', 'End Times']
         SUGGEST: ['Spiritual Maturity', 'Moral Decline and Cultural Change'] — The document emphasizes the critical importance of spiritual maturity and deep k
[ 218/634 ] Derek Prince — Knowing God → ['Knowing God', 'Discerning of Spirits', 'Spiritual Growth']
         SUGGEST: ['Wisdom and Understanding', 'Spiritual Vision and Revelation'] — The document extensively explores three dimensions of wisdom (understanding, ins
[ 219/634 ] Derek Prince — The Ministry Of A Priest → ['Doctrine of the Church', 'Identity in Christ', "God's Will and Guidance", 'Knowing God', 'New Covenant']
         SUGGEST: ["God's Sovereignty", 'Covenant and Promise'] — The document extensively discusses God's sovereign choice and election (emphasiz
[ 220/634 ] Derek Prince — A Kingdom of Priests → ['Identity in Christ', 'Spiritual Authority', 'Kingdom of God', 'Renewing the Mind']
         SUGGEST: ['Priesthood of All Believers', 'Prayer and Authority'] — The document's central theme is the believer's dual calling as both 'kings and p
[ 221/634 ] Derek Prince — The Prayer Orchestra → ['Power of Prayer', 'Worship', 'Intercessory Prayer']
         SUGGEST: ["Access to God's Presence", 'Gratitude and Thanksgiving'] — The document heavily emphasizes thanksgiving and praise as essential spiritual d
[ 222/634 ] Derek Prince — God Wrote Your Scenario → ['Purpose and Calling', 'Identity in Christ', 'Spiritual Maturity']
         SUGGEST: ['Discovering Your Destiny', 'Sanctification'] — The document emphasizes discovering one's individual destiny and calling in God 
[ 223/634 ] Derek Prince — Healing: The Message And Method Of Jesus → ['Gospel', 'Kingdom of God', 'Signs and Wonders', 'Divine Healing', 'Lordship of Christ']
         SUGGEST: ['Submission and Obedience to God', 'Peace and Righteousness'] — The document heavily emphasizes submission to God's government/rule as the core 
[ 224/634 ] Derek Prince — Opposition Of Witchcraft → ['Purpose and Calling', 'Spiritual Warfare', 'Overcoming Sin', 'Personal Prophecy']
         SUGGEST: ['Generational Curses', 'Witchcraft and Occult Influence'] — The document places significant emphasis on generational curses as a major spiri
[ 225/634 ] Derek Prince — Continually Led By The Spirit → ['Law and Grace', 'Walking in the Spirit', "Hearing God's Voice"]
         SUGGEST: ['Born Again / New Birth', 'Maturity in Christ / Spiritual Maturation'] — The document emphasizes two crucial theological themes not adequately represente
[ 226/634 ] Derek Prince — Corporate Calling Of The Church → ['Purpose and Calling', 'Eschatology', 'Building the Church', "God's Will and Guidance"]
         SUGGEST: ['Marriage', 'Spiritual Maturity'] — While 'Marriage' appears in the available taxonomy, it is not assigned to this d
[ 227/634 ] Derek Prince — The Only Basis For Full Salvation → ['The Cross', 'Biblical Exposition', 'Spiritual Warfare', 'Atonement']
         SUGGEST: ['Victory in Christ', 'Deception and Discernment'] — The document's central theological focus is on what Christ's death accomplished 
[ 228/634 ] Derek Prince — The Only Basis For Righteousness → ['Law and Grace', 'The Cross', 'Atonement']
         SUGGEST: ['Legalism', 'Justification'] — The document's central theme is the abolition of the Law as a means of achieving
[ 229/634 ] Derek Prince — The Flesh Under Judgment → ['The Cross', 'Dying to Self', 'Redemption', 'Overcoming Sin', 'Justification', 'Sanctification']
         SUGGEST: ['The Flesh and Carnal Nature', 'Identity and Union with Christ'] — The document extensively explores the concept of the 'old man' or 'old Adamic na
[ 230/634 ] Derek Prince — The Life-Giver → ['Spiritual Warfare', 'Deliverance Ministry', 'Overcoming Sin', 'Finding Purpose in Pain']
         SUGGEST: ['Satan and Demonic Forces', 'Eternal Consequences and Hell'] — The document has a major theological focus on Satan's nature, tactics, and ident
[ 231/634 ] Derek Prince — Delivered From This Present Evil Age → ['Dying to Self', 'Spiritual Maturity', 'The Cross', 'Charismatic Renewal', 'Character Formation']
         SUGGEST: ['Worldliness and Separation from the World', 'Sanctification'] — The document's central theme is the infiltration of worldly values into the chur
[ 232/634 ] Derek Prince — The World That Satan Rules → ['Spiritual Warfare', 'End Times', 'Kingdom of God']
         SUGGEST: ['Worldliness and Separation from the World', "Satan's Authority and Deception"] — The document extensively examines Satan's rulership over the present world syste
[ 233/634 ] Derek Prince — The Line Of Separation → ['Spiritual Warfare', 'Kingdom of God', 'Identity in Christ']
         SUGGEST: ['Worldliness and Separation from the World', 'Christian Witness and Testimony'] — The document heavily emphasizes the dichotomy between worldly systems (humanism,
[ 234/634 ] Derek Prince — The Righteous Requirement Of The Law → ['Law and Grace', 'Grace', 'Foundations of Christian Doctrine']
         SUGGEST: ['Legalism vs Antinomianism', 'The Cross'] — The document's central theological focus is the balance between legalism and ant
[ 235/634 ] Derek Prince — Overcoming the Barriers to Healing → ['Divine Healing', 'Healing Ministry', "God's Will and Guidance", 'Spiritual Authority']
         SUGGEST: ['Faith and Conditions for Healing', 'Sovereignty of God'] — The document emphasizes two major theological themes not adequately represented 
[ 236/634 ] Derek Prince — Apostolic Teams → ['Apostolic Ministry', 'Church Governance and Structure', 'Fivefold Ministry', 'Leadership Development']
         SUGGEST: ['Plural Leadership and Shared Authority', 'Transition and Phases of Church Development'] — The document emphasizes two major theological themes not adequately captured by 
[ 237/634 ] Derek Prince — Requirements For Apostolic Teams → ['Apostolic Ministry', 'Vision and Mission', 'Great Commission', 'Leadership Development', 'Eschatology', 'Holiness']
         SUGGEST: ['Gospel of the Kingdom', 'Motivation for Holiness'] — The document emphasizes two significant theological themes not adequately repres
[ 238/634 ] Derek Prince — Learning By Doing → ['Healing in the Atonement', 'Faith for Healing', 'Encounter with God', 'Apostolic Ministry']
         SUGGEST: ['Personal Testimony and Conversion', 'Meditative Scripture Reading'] — The document centers on the author's personal conversion experience ('personal e
[ 239/634 ] Derek Prince — Your Calling Is Holy → ['Purpose and Calling', 'Discovering Your Destiny', 'Teaching Ministry', 'Spiritual Growth']
         SUGGEST: ['Recognizing Your Ministry Gift', 'Faithfulness in Calling'] — The document heavily emphasizes discovering and fulfilling one's specific callin
[ 240/634 ] Derek Prince — Twenty-Six New Testament Charismata → ['Gifts of the Spirit', 'Purpose and Calling', 'Recognizing Your Ministry Gift', 'Identity in Christ']
         SUGGEST: ['Spiritual Gifts and Function in the Body', 'Self-Knowledge and Humility'] — The document emphasizes two major theological themes not adequately covered by e
[ 241/634 ] Derek Prince — Discipled By God → ['Discipleship', 'Character Formation', 'Spiritual Growth']
         SUGGEST: ['Obedience to God', "God's Presence"] — The document emphasizes obedience as a foundational character requirement for be
[ 242/634 ] Derek Prince — Prophetic Perspective On Today’s World → ['End Times', 'Israel in Bible Prophecy', 'Eschatology', 'Interpreting Scripture', 'Second Coming']
         SUGGEST: ['Spiritual Vigilance and Neglect of Scripture', 'Signs and Wonders in the Last Days'] — The document emphasizes two important theological themes not currently captured 
[ 243/634 ] Derek Prince — Removing The High Places → ['Biblical Exposition', 'Interpreting Scripture', 'Spiritual Disciplines', 'Renewing the Mind']
         SUGGEST: ['Idolatry and False Worship', "God's Presence and Worship"] — The document's central theme is the biblical concept of 'high places' as unautho
[ 244/634 ] Derek Prince — The Judgment Seat Of Christ → ['Eschatology', 'Justification', 'Sanctification', 'Spiritual Maturity']
         SUGGEST: ['Accountability and Mentorship', 'Rewards and Crowns'] — The document's central focus is the judgment seat of Christ and individual accou
[ 245/634 ] Derek Prince — A Man Prepares For Marriage → ['Biblical Exposition', 'Renewing the Mind', "God's Will and Guidance", 'Sanctification']
         SUGGEST: ['Surrender and Yielding to God', 'Transformation Through Faith'] — The document's central theological focus is on complete surrender of the body an
[ 246/634 ] Derek Prince — How To Be A Father → ['Fatherhood', "God's Will and Guidance", 'Identity in Christ']
         SUGGEST: ['Knowing God', 'Spiritual Fatherhood'] — The document emphasizes understanding God's nature as Father and the revelation 
[ 247/634 ] Derek Prince — Divorce, Remarriage, Celibacy → ['Interpreting Scripture', 'Marriage', 'Forgiveness and Reconciliation']
         SUGGEST: ['Divorce and Remarriage', 'Biblical Law and Grace'] — The document's primary focus is on divorce and remarriage from a scriptural pers
[ 248/634 ] Derek Prince — A Personal Revelation → ['The Cross', 'Atonement', 'Theology of Healing']
         SUGGEST: ['Redemption', 'Justification'] — The document emphasizes Christ's redemptive work through the cross as the comple
[ 249/634 ] Derek Prince — The Exchange Introduced → ['Salvation', 'Atonement', 'Gospel', 'Repentance']
         SUGGEST: ['The Cross', 'Substitutionary Atonement'] — The document's central theological focus is on Isaiah 53:4-6 and the concept of 
[ 250/634 ] Derek Prince — The Exchange Personalized - Part 1 → ['Atonement', 'The Cross', 'Grace', 'Breaking Bloodline Curses']
         SUGGEST: ['Substitutionary Atonement', 'Justification by Faith'] — The document extensively emphasizes the substitutionary nature of Christ's atone
[ 251/634 ] Derek Prince — The Exchange Personalized - Part 2 → ['The Cross', 'Atonement', 'Redemption', 'Inner Healing', 'Deliverance Ministry']
         SUGGEST: ['Shame and Glory', 'Substitutionary Exchange'] — The document's central theological focus is the doctrine of substitutionary exch
[ 252/634 ] Derek Prince — Salvation Is All-Inclusive → ['Dying to Self', 'Biblical Exposition', 'New Creation', 'Sanctification']
         SUGGEST: ['The Cross', 'Reckoning/Reckon Yourself Dead to Sin'] — The document heavily emphasizes the cross as the historical fact upon which Chri
[ 253/634 ] Derek Prince — How To Enter In → ['Repentance', 'Salvation', 'Faith', 'Gospel']
         SUGGEST: ['Lordship of Christ', 'Obedience and Submission'] — The document heavily emphasizes the necessity of submitting one's will to God's 
[ 254/634 ] Derek Prince — Righteousness Or Wrath → ['The Cross', 'Atonement', 'How to Study the Bible']
         SUGGEST: ['Substitutionary Atonement', 'Meditation on Scripture'] — The document heavily emphasizes the substitutionary nature of Christ's work thro
[ 255/634 ] Derek Prince — What The Cross Did To Satan → ['The Cross', 'Spiritual Warfare', 'Deliverance Ministry', 'Kingdom of God']
         SUGGEST: ['Demonic Oppression and Bondage', 'Authority Over Demons'] — The document extensively addresses Satan's defeat through the Cross and discusse
[ 256/634 ] Derek Prince — Satan Defeated And Disarmed → ['The Cross', 'Spiritual Warfare', 'Redemption', 'Justification', 'Law and Grace']
         SUGGEST: ['Victory in Christ', 'Shame and Condemnation'] — The document's central theme is Satan's defeat through the cross and how believe
[ 257/634 ] Derek Prince — Witchcraft Obscures The Cross → ['The Cross', 'Atonement', 'Spiritual Warfare', 'Redemption']
         SUGGEST: ['Deliverance from Witchcraft and Occult Influence', 'Activating Faith Through Truth'] — The document's central theme is how witchcraft (demonic deception and blinding) 
[ 258/634 ] Derek Prince — Deliverance From The Present Evil Age → ['Deliverance Ministry', 'Spiritual Warfare', 'Character in Leadership', 'Integrity in Leadership', 'Testing Prophecy']
         SUGGEST: ['Idolatry and Spiritual Compromise', "Surrendering to God's Will"] — The document's core theological focus is on how leaders and believers hold onto 
[ 259/634 ] Derek Prince — Deliverance From The Law → ['Biblical Exposition', 'Renewing the Mind', 'Spiritual Warfare', 'End Times']
         SUGGEST: ['Worldliness and Separation from the World', "Satan's Kingdom and Authority"] — The document extensively discusses deliverance from worldly concerns and the age
[ 260/634 ] Derek Prince — Deliverance From Self-Centeredness - Part 1 → ['The Cross', 'Sanctification', 'Spiritual Warfare', 'Dying to Self', 'Kingdom of God', 'Deliverance Ministry']
         SUGGEST: ['Legalism vs Grace', 'Overcoming Worldliness'] — The document extensively contrasts legalism with grace and liberty (a major them
[ 261/634 ] Derek Prince — Deliverance From Self-Centeredness - Part 2 → ['Dying to Self', 'Character in Leadership', 'Accountability in Ministry', 'Finding Purpose in Pain']
         SUGGEST: ['Surrendering Control to God', 'Self-Promotion and Spiritual Corruption'] — The document centrally addresses two major theological themes not adequately cov
[ 262/634 ] Derek Prince — Deliverance From The Fleshly Nature → ['The Cross', 'Dying to Self', 'Overcoming Sin', 'Deliverance Ministry', 'Inner Healing']
         SUGGEST: ['Spiritual Strongholds and Bondage', 'Generational Spiritual Inheritance'] — The document extensively addresses spiritual strongholds (particularly the 'spir
[ 263/634 ] Derek Prince — Deliverance From the World - Part 1 → ['The Cross', 'Spiritual Warfare', 'Freedom in Christ', 'Identity in Christ', 'Kingdom of God']
         SUGGEST: ['Worldliness and Separation from the World', "Deception and Satan's Lies"] — The document's central theme is understanding what 'the world' means biblically 
[ 264/634 ] Derek Prince — Deliverance From the World - Part 2 → ['Spiritual Warfare', 'Spirit-Filled Life', 'Discerning of Spirits', 'Lordship of Christ']
         SUGGEST: ['Worldliness and Separation from the World', 'Revelation and Knowledge of God'] — The document's central theme is distinguishing between the Spirit of God and the
[ 265/634 ] Derek Prince — The Challenge Of The Cross → ['The Cross', 'Discipleship', 'Dying to Self', 'Lordship of Christ']
         SUGGEST: ['Self-Denial and Sacrifice', 'Cost of Discipleship'] — The document's central focus is on Jesus's explicit teachings about the demands 
[ 266/634 ] Derek Prince — The Nature of the Covenant → ['Atonement', 'Biblical Exposition', 'The Cross', 'New Covenant']
         SUGGEST: ['Covenant and Sacrifice', 'Biblical Language and Wordology'] — The document's central focus is on understanding covenant theology through its e
[ 267/634 ] Derek Prince — The Covenant Of Jesus → ['New Covenant', 'Biblical Exposition', 'Atonement', 'Israel and the Church', 'Redemption']
         SUGGEST: ['Resurrection', 'The Cross'] — The document emphasizes the centrality of sacrifice as the foundation of covenan
[ 268/634 ] Derek Prince — The Covenant Of Marriage → ['Marriage', 'New Covenant', 'Forgiveness and Reconciliation', 'Unity in the Church']
         SUGGEST: ['Covenant Theology', 'Communion and Eucharist'] — The document extensively explores covenant as a foundational theological concept
[ 269/634 ] Derek Prince — The Cost Of Redemption → ['The Cross', 'Redemption', "God's Presence"]
         SUGGEST: ['Sacrificial Love', 'The Nature of God'] — This document centers on two major theological themes not adequately captured by
[ 270/634 ] Derek Prince — How To Appropriate The Blood → ['Atonement', 'Biblical Typology and Symbolism', 'The Cross', 'Redemption']
         SUGGEST: ['Suffering and Sovereignty', 'Substitutionary Atonement'] — The document emphasizes Christ's physical suffering as part of the atoning work 
[ 271/634 ] Derek Prince — The Sevenfold Power Of The Blood → ['Atonement', 'Biblical Exposition', 'Biblical Typology and Symbolism', 'Redemption']
         SUGGEST: ['Justification', 'Sanctification'] — The document extensively discusses two foundational theological truths that are 
[ 272/634 ] Derek Prince — Total Security → ['Identity in Christ', 'Suffering and Sovereignty', 'Spiritual Maturity', 'Community and Fellowship']
         SUGGEST: ['Eternal Perspective and Eschatology', "Affliction and God's Purposes"] — The document's central themes include: (1) The importance of maintaining an eter
[ 273/634 ] Derek Prince — Servanthood → ['Servant Leadership', 'Humility', 'Spiritual Maturity', 'Character Formation', 'Foundations of Christian Doctrine', 'Lordship of Christ']
         SUGGEST: ['Trinity and the Godhead', 'Submission and Obedience'] — The document extensively explores two important theological themes not currently
[ 274/634 ] Derek Prince — Approved In Christ → ['Identity in Christ', 'Spiritual Authority', 'Fatherhood', 'Motherhood', 'Character Formation']
         SUGGEST: ['Approval and Validation', 'Manipulation and Control'] — The document's central theme is the desire for approval and how it can be manipu
[ 275/634 ] Derek Prince — The Defeat Of Satan → ['The Cross', 'Redemption', 'Spiritual Warfare', 'Atonement']
         SUGGEST: ['Victory in Christ', 'Authority of Satan'] — The document's central theme is Christ's victory over Satan through the cross an
[ 276/634 ] Derek Prince — Enforcing Christ’s Victory → ['The Cross', 'Atonement', 'Redemption', 'Spiritual Warfare', 'Freedom in Christ']
         SUGGEST: ['Justification', 'Sanctification'] — The document extensively addresses two core theological themes that are in the a
[ 277/634 ] Derek Prince — Witchcraft Unveiled → ['Spiritual Warfare', 'Discerning of Spirits', 'Jezebel Spirit', 'The Cross', 'Pentecostal History', 'Church History']
         SUGGEST: ['Evil Eye and Witchcraft', 'Spiritual Deception and Deception in the Church'] — The document's central theme is 'witchcraft' as a spiritual force that operates 
[ 278/634 ] Derek Prince — The Cross Nullifies Witchcraft - Part 2 → ['The Cross', 'Spiritual Warfare', 'Deliverance Ministry', 'Principalities and Powers']
         SUGGEST: ["Satan's Tactics and Deception", 'Rebellion and Witchcraft Connection'] — The document emphasizes two major theological themes not adequately represented 
[ 279/634 ] Derek Prince — Holiness the Jesus Way → ['Holiness', 'Sanctification', 'Justification', 'Revival']
         SUGGEST: ['Worship', "God's Attributes"] — The document contains substantial theological content on worship as the response
[ 280/634 ] Derek Prince — Come, Creator Spirit → ['Biblical Exposition', 'Biblical Typology and Symbolism', 'Baptism in the Holy Spirit', 'Spiritual Growth']
         SUGGEST: ['Theology of Creation', 'The Holy Spirit as Creator'] — The document's central theological focus is on the Holy Spirit's role in creatio
[ 281/634 ] Derek Prince — If You Want To Hear From God → ["Hearing God's Voice", 'Waiting on God', 'Intercessory Prayer', 'Spiritual Warfare', 'Seasons of Wilderness']
         SUGGEST: ['Sabbath and Rest', 'Surrendering Control and Leadership Succession'] — The document emphasizes a significant life transition involving intentional step
[ 282/634 ] Derek Prince — The Regathering Of Israel → ['Israel in Bible Prophecy', 'Biblical Exposition', 'End Times']
         SUGGEST: ['Biblical Typology and Symbolism', 'Redemption'] — The document extensively discusses God's redemptive plan unfolding through Israe
[ 283/634 ] Derek Prince — Taking Time To Wait On God → ['Waiting on God', 'Character Formation', 'Suffering and Sovereignty', 'Repentance', 'Deep Intimacy with God']
         SUGGEST: ['Divine Discipline', 'Sabbath and Rest'] — The document heavily emphasizes God's chastening/discipline as essential to spir
[ 284/634 ] Derek Prince — The Love Of God → ['Abiding in Christ', 'Encounter with God', 'How to Study the Bible', 'Knowing God', 'Word of God']
         SUGGEST: ['Revelation and Divine Insight', 'Conversion Experience'] — The document emphasizes that biblical truth cannot be grasped through intellectu
[ 285/634 ] Derek Prince — The Six Foundation Stones → ['Foundations of Christian Doctrine', 'The Cross', 'Biblical Exposition', 'Atonement']
         SUGGEST: ['Proclamation and Declaration', 'Resurrection'] — The document emphasizes proclamation/declaration of God's word as a central spir
[ 286/634 ] Derek Prince — The Sin Of Independence → ['Trusting God in Hardship', 'Suffering and Sovereignty', 'Biblical Exposition', 'Foundations of Christian Doctrine']
         SUGGEST: ['Limitations of Human Understanding', 'Obedience and Submission to God'] — The document emphasizes two important theological themes that are not adequately
[ 287/634 ] Derek Prince — Job And His Accusing Friends → ['Biblical Exposition', 'Suffering and Sovereignty', 'Spiritual Maturity']
         SUGGEST: ['Lament and Complaint Before God', 'Spiritual Honesty vs Religious Platitudes'] — The document's central hermeneutical thesis—that God accepted Job's honest compl
[ 288/634 ] Derek Prince — God Challenges Job → ['Character in Leadership', 'Biblical Exposition', 'Integrity in Leadership']
         SUGGEST: ['Prosperity Gospel Critique', 'Biblical Standards for Ministry Leaders'] — The document contains two significant theological themes not represented in the 
[ 289/634 ] Derek Prince — That I May Know Him → ['Deep Intimacy with God', 'Spiritual Maturity', 'Character Formation', 'Church History', 'Welsh Revival']
         SUGGEST: ['Apostolic Ministry', 'Knowing God'] — The document heavily emphasizes Paul's apostolic example and ministry impact (pl
[ 290/634 ] Derek Prince — That I May Attain To The Resurrection of the Dead → ['Deep Intimacy with God', 'Spiritual Maturity', 'Knowing God', 'Character Formation']
         SUGGEST: ['Sanctification', 'Love and Obedience'] — The document's central theme revolves around progressive spiritual transformatio
[ 291/634 ] Derek Prince — The Last Four Of Revelation’s Seven Churches → ['Biblical Exposition', 'Pastoral Ministry', 'Accountability in Ministry', 'Character in Leadership']
         SUGGEST: ['Revelation and the Seven Churches', 'Eschatological Themes'] — The document centers on an expository sermon about the seven churches of Revelat
[ 292/634 ] Derek Prince — Who Can Endure The Day Of His Coming? → ['Second Coming', 'Holiness', 'Repentance', 'Biblical Exposition']
         SUGGEST: ['Judgment and Accountability', 'Purity of Heart and Motive'] — The document heavily emphasizes the theme of divine judgment and accountability 
[ 293/634 ] Derek Prince — A Teacher In The Body Of Christ → ['Biblical Exposition', 'Teaching Ministry', 'Doctrine of the Church', 'Spiritual Maturity']
         SUGGEST: ['Doctrinal Authority and Boundaries', 'Spiritual Deception and False Doctrine'] — The document extensively addresses doctrinal authority, the danger of false/demo
[ 294/634 ] Derek Prince — God’s Three End Time Purposes → ['End Times', 'Kingdom of God', "God's Will and Guidance", 'Spiritual Warfare', 'Power of Prayer']
         SUGGEST: ['Proclamation of Scripture', 'Deliverance from Death/Spirit of Death'] — The document emphasizes the power of proclaiming God's Word in faith as a practi
[ 295/634 ] Derek Prince — Into the Harvest → ['Great Commission', 'Baptism in the Holy Spirit', 'Kingdom of God', 'End Times', 'Servant Leadership']
         SUGGEST: ['Purpose and Calling', 'Suffering and Sovereignty'] — The document emphasizes understanding one's divine purpose and calling (what God
[ 296/634 ] Derek Prince — Sons of Zion vs Sons of Greece → ['Scripture and Authority', 'Israel in Bible Prophecy', 'Knowing God']
         SUGGEST: ['Redemption', 'Spiritual Authority'] — The document centers on the speaker's personal redemption arc—from being a 'son 
[ 297/634 ] Derek Prince — The Christian Factor In Anti-Semitism → ['Israel and the Church', 'Church History', 'Israel in Bible Prophecy']
         SUGGEST: ['Anti-Semitism and Christian Responsibility', 'Replacement Theology'] — The document's central focus is on the Christian church's role in promoting anti
[ 298/634 ] Derek Prince — Truth, Faith, Love - My God-Given Goals → ['Foundations of Christian Doctrine', 'Spiritual Growth', 'Pentecostal History', 'Encounter with God']
         SUGGEST: ['Personal Conversion and Testimony', 'Power of the Word'] — The document contains two significant theological themes not adequately represen
[ 299/634 ] Derek Prince — Caleb - Lessons from a Dog's Life → ['Biblical Exposition', 'Biblical Typology and Symbolism', "God's Will and Guidance", 'Spiritual Growth']
         SUGGEST: ['Interpreting Scripture', 'Discovering Your Destiny'] — The document contains significant emphasis on biblical interpretation methodolog
[ 300/634 ] Derek Prince — Let Us Honor God’s Holy Spirit → ['Signs and Wonders', 'Testing Prophecy', 'Discerning of Spirits', 'Charismatic Renewal', 'Scripture and Authority', 'End Times']
         SUGGEST: ['Deception and False Doctrine', 'Spiritual Discernment'] — The document's central theme is warning against deception in the End-times and t
[ 301/634 ] Derek Prince — Earthly, Soulish, Demonic → ['Biblical Exposition', 'Foundations of Christian Doctrine', 'Sanctification', 'Repentance']
         SUGGEST: ['Justification', 'New Creation'] — The document contains substantial theological treatment of justification (Romans
[ 302/634 ] Derek Prince — Four Safeguards → ['Humility', 'Biblical Exposition', 'Overcoming Sin', 'Testing Prophecy']
         SUGGEST: ['Discerning of Spirits', 'Spiritual Deception and Discernment'] — The document extensively discusses protecting oneself from spiritual deception, 
[ 303/634 ] Derek Prince — Israel In The Headlines → ['Israel in Bible Prophecy', 'Israel and the Church', 'Biblical Exposition']
         SUGGEST: ["God's Protection and Providence", 'Gentiles and Jewish Believers'] — The document emphasizes God's protective covenant over regathered Israel (repeat
[ 304/634 ] Derek Prince — Preparation Of The Bride → ['Holiness', 'Sanctification', 'Character Formation', 'Spiritual Maturity']
         SUGGEST: ['Bridal Theology and the Bride of Christ', 'Self-Denial and Sacrifice'] — The document extensively develops two significant theological themes not capture
[ 305/634 ] Derek Prince — Intercession, Fasting → ['Holiness', 'Intercessory Prayer', 'Fasting and Prayer']
         SUGGEST: ['Righteousness', 'Spiritual Responsibility in the Church'] — The document heavily emphasizes righteousness as a foundational prerequisite to 
[ 306/634 ] Derek Prince — What The Church Must Become → ['Holiness', 'Deep Intimacy with God', 'Biblical Exposition']
         SUGGEST: ['Spiritual Hunger', 'Sanctification'] — The document addresses spiritual hunger and longing for renewed passion in one's
[ 307/634 ] Derek Prince — Holiness - The Essence of God → ['Holiness', 'Biblical Exposition', 'Foundations of Christian Doctrine']
         SUGGEST: ['Sanctification', 'How to Study the Bible'] — The document extensively discusses sanctification as the progressive work of bec
[ 308/634 ] Derek — Holiness Outworked → ['Holiness', 'Sanctification', 'Spiritual Growth']
         SUGGEST: ['Vision and Mission', 'Perseverance'] — The document emphasizes the critical importance of having a God-given vision as 
[ 309/634 ] Derek Prince — The Purpose of God’s Discipline → ['Deliverance Ministry', 'Repentance', 'Forgiveness and Reconciliation', 'Holiness']
         SUGGEST: ['Breaking Bloodline Curses'] — The document extensively discusses curses over people's lives as a condition for
[ 310/634 ] Derek Prince — Treat Your Body As God’s Temple → ['Renewing the Mind', 'Spiritual Disciplines', 'Sanctification']
         SUGGEST: ['Power of Words and Confession', 'Worldliness and Spiritual Appetite'] — The document emphasizes two theologically significant themes not adequately repr
[ 311/634 ] Derek Prince — Appropriate Response - Worship → ['Holiness', 'Worship', 'Encounter with God', 'Salvation']
         SUGGEST: ['Conviction of Sin', 'Repentance'] — The document heavily emphasizes the conviction that comes from encountering God'
[ 312/634 ] Derek Prince — Mary: The Pattern Mother → ['Faith', 'Purpose and Calling', 'Word of God']
         SUGGEST: ['Incarnation', 'Obedience and Submission'] — The document centers on the Incarnation of Christ as the greatest miracle, which
[ 313/634 ] Derek Prince — The Harvest Just Ahead → ['Prophecy', 'History of Revival', 'Baptism in the Holy Spirit', 'Eschatology']
         SUGGEST: ["Joel's Prophecy and the Two Rains", 'Pentecost and Church Inauguration'] — The document centers on Derek Prince's interpretation of Joel's prophecy about t
[ 314/634 ] Derek Prince — Secular and Spiritual Authority → ['Scripture and Authority', 'Word of God', "God's Will and Guidance", 'Spiritual Authority']
         SUGGEST: ['Political Engagement and Christian Responsibility', 'Calling and Destiny'] — The document's primary focus is on the Christian's relationship to political pow
[ 315/634 ] Derek Prince — Laying the Ax to the Root → ['Deliverance Ministry', 'Inner Healing', 'Spiritual Warfare']
         SUGGEST: ['Healing Ministry', 'Strongholds in the Mind'] — The document discusses healing prayer for the sick and emphasizes addressing dee
[ 316/634 ] Derek Prince — Salt, Light and a City → ['Character in Leadership', 'Discipleship', 'Great Commission', 'Kingdom of God', 'Spiritual Maturity', 'Workplace as Ministry']
         SUGGEST: ['Christian Witness and Testimony', 'Social Responsibility and Justice'] — The document emphasizes Christians as 'salt' and 'light' with responsibility to 
[ 317/634 ] Derek Prince — Victory in Jesus → ['Spiritual Warfare', 'Spiritual Authority', 'Biblical Exposition']
         SUGGEST: ['Principalities and Powers', 'The Cross'] — The document emphasizes Christ's total defeat of spiritual enemies and the basis
[ 318/634 ] Derek Prince — Weapons of Our Warfare → ['Spiritual Warfare', 'Principalities and Powers', 'Weapons of Our Warfare', 'Church Governance and Structure']
         SUGGEST: ['The Cross', "Christ's Victory and Triumph"] — The document heavily emphasizes Christ's triumph over evil forces through the cr
[ 319/634 ] Derek Prince — Prayer Changes the Outcome → ['Spiritual Warfare', 'Power of Prayer', 'Intercessory Prayer']
         SUGGEST: ["God's Will and Guidance", 'Binding and Loosing'] — The document heavily emphasizes prayer aligned with God's will (Matthew 18:18-20
[ 320/634 ] Derek Prince — Fasting Brings Restoration → ['Atonement', 'New Creation', 'Resurrection', 'Apostolic Authority', 'Great Commission']
         SUGGEST: ['Identity in Christ', 'Dominion and Authority'] — The document heavily emphasizes believers' identity as members of the 'new race'
[ 321/634 ] Derek Prince — Witnesses to Him → ['Building the Church', 'Fasting and Prayer', 'Intercessory Prayer', 'Spiritual Authority', 'Conditions for Revival']
         SUGGEST: ['Corporate Prayer and Intercession', 'National Repentance and Revival'] — The document emphasizes collective corporate prayer and intercession by the chur
[ 322/634 ] Derek Prince — The Spirit Bears Witness → ['Weapons of Our Warfare', 'Spiritual Warfare', 'Power of Prayer', 'Intercessory Prayer']
         SUGGEST: ['Apostolic Authority', 'Testimony and Witness'] — The document heavily emphasizes the believer's role as Christ's ambassadors and 
[ 323/634 ] Derek Prince — The Universal Church → ['Biblical Hermeneutics', 'Doctrine of the Church', 'Biblical Exposition']
         SUGGEST: ['Word of God', 'Interpreting Scripture'] — The document is fundamentally about understanding the Greek etymology and semant
[ 324/634 ] Derek Prince — The Local Church → ['Doctrine of the Church', 'Church Governance and Structure', 'Church History', 'Biblical Exposition']
         SUGGEST: ['Discipline and Church Discipline', 'Authority and Submission in the Church'] — The document heavily emphasizes church discipline and the authority of the local
[ 325/634 ] Derek Prince — Mobile Ministries - Apostles → ['Fivefold Ministry', 'Apostolic Ministry', 'Church Governance and Structure']
         SUGGEST: ['Office of the Prophet', 'Teaching Ministry'] — While 'Apostolic Ministry' and 'Fivefold Ministry' are assigned, the document pr
[ 326/634 ] Derek Prince — Mobile Ministries - Prophets → ['Fivefold Ministry', 'Office of the Prophet', 'Biblical Exposition']
         SUGGEST: ['Spiritual Authority', 'Encountering God'] — The document emphasizes two important theological themes not adequately captured
[ 327/634 ] Derek Prince — Mobile Ministries - Evangelists and Teachers → ['Fivefold Ministry', 'Gift of the Evangelist', 'Evangelism', 'Biblical Exposition', 'Gifts of Healing']
         SUGGEST: ['Apostolic Ministry', 'Pastoral Ministry'] — The document extensively discusses the Fivefold Ministry framework and specifica
[ 328/634 ] Derek Prince — Resident Ministries - Shepherds and Deacons → ['Church Governance and Structure', 'Fivefold Ministry', 'Biblical Hermeneutics', 'Pastoral Ministry']
         SUGGEST: ['Interpreting Scripture', 'Doctrine of the Church'] — The document's central focus is on resolving linguistic and hermeneutical confus
[ 329/634 ] Derek Prince — Further Teaching On Elders → ['Church Governance and Structure', 'Leadership Development', 'Pastoral Ministry', 'Biblical Exposition', 'Fivefold Ministry']
         SUGGEST: ['Servant Leadership', 'Spiritual Authority'] — The document extensively discusses the nature of eldership and leadership functi
[ 330/634 ] Derek Prince — Daily Life of the Local Church - Part 1 → ['Church Governance and Structure', 'Discipleship', 'Water Baptism', 'Baptism in the Holy Spirit', 'Repentance', 'Pastoral Ministry']
         SUGGEST: ['Conversion', 'Initial Evidence and Speaking in Tongues'] — The document heavily emphasizes the three initiatory experiences that bring a pe
[ 331/634 ] Derek Prince — Daily Life of the Local Church - Part 2 → ['Community and Fellowship', 'Baptism in the Holy Spirit', 'Discipleship', 'Church Governance and Structure']
         SUGGEST: ['Repentance', 'Water Baptism'] — The document heavily emphasizes repentance and water baptism as two of three fou
[ 332/634 ] Derek Prince — Bride or Harlot → ['Biblical Typology and Symbolism', 'Eschatology', 'Doctrine of the Church', 'Gospel']
         SUGGEST: ['Two Covenant Types', 'Works vs. Grace'] — The document's central theological argument contrasts two fundamental types of r
[ 333/634 ] Derek Prince — False Church and False Christ - Part 1 → ['Eschatology', 'Israel in Bible Prophecy', 'Spiritual Warfare']
         SUGGEST: ['Biblical Typology and Symbolism', 'False Doctrine and Deception'] — The document extensively employs biblical typology (comparing Abel's religion to
[ 334/634 ] Derek Prince — False Church and False Christ - Part 2 → ['End Times', 'Eschatology', 'Doctrine of the Church', 'Israel in Bible Prophecy']
         SUGGEST: ['Antichrist', 'Spiritual Deception and False Teaching'] — The document extensively discusses the Antichrist (false Christ) as a major theo
[ 335/634 ] Derek Prince — The Maturing and Completion of Christ's Body → ['Fivefold Ministry', 'Building the Church', 'Spiritual Maturity', 'Biblical Exposition']
         SUGGEST: ['Humility', 'Unity in the Church'] — The document emphasizes humility as a foundational character requirement (verses
[ 336/634 ] Derek Prince — Apostles - God’s Master Builders → ['Fivefold Ministry', 'Building the Church', 'Church Governance and Structure', 'Doctrine of the Church', 'Character in Leadership', 'Unity in the Church']
         SUGGEST: ['Apostolic Authority', 'Spiritual Authority'] — The document extensively discusses apostles as divinely appointed leaders with s
[ 337/634 ] Derek Prince — Prophets, Evangelists, Teachers → ['Fivefold Ministry', 'Office of the Prophet', 'Apostolic Ministry', 'Biblical Exposition']
         SUGGEST: ['Doctrine of the Church', 'Scripture and Authority'] — The document extensively discusses the foundational theological framework of the
[ 338/634 ] Derek Prince — Complete Local Leadership → ['Fivefold Ministry', 'Church Governance and Structure', 'Doctrine of the Church']
         SUGGEST: ['Universal vs Local Church Expression', 'Church Membership and Identity'] — The document's central theological focus is on clarifying the fundamental distin
[ 339/634 ] Derek Prince — Local Church Leadership - God’s View vs: Man’s → ['Fivefold Ministry', 'Church Governance and Structure', 'Building the Church', 'Binding and Loosing']
         SUGGEST: ['Spiritual Authority', 'Harmony and Unity in the Church'] — The document extensively discusses spiritual authority within local church leade
[ 340/634 ] Derek Prince — The Reproductive Cycle - Apostles and Elders → ['Fivefold Ministry', 'Church Governance and Structure', 'Pastoral Ministry', 'Leadership Development']
         SUGGEST: ['Plural Leadership and Eldership', 'Unity in the Church'] — The document's central theological argument is about the necessity of plural lea
[ 341/634 ] Derek Prince — The New Testament Evangelist → ['Fivefold Ministry', 'Gift of the Evangelist', 'Character Formation', 'Building the Church', 'Unity in the Church']
         SUGGEST: ['Humility', 'Spiritual Maturity'] — While 'Character Formation' is assigned, the document places extraordinary empha
[ 342/634 ] Derek Prince — The Assembly → ['Biblical Exposition', 'Doctrine of the Church', 'Humility', 'Spiritual Authority']
         SUGGEST: ['Apostolic Authority', 'Submission'] — The document extensively discusses Paul's unique apostolic authority and the rev
[ 343/634 ] Derek Prince — His Body And His Workmanship → ['Biblical Exposition', 'Doctrine of the Church', 'Fivefold Ministry', 'Building the Church']
         SUGGEST: ['Spiritual Authority', 'Interdependence and Mutual Dependence'] — The document emphasizes Christ's headship and authority over the body as a centr
[ 344/634 ] Derek Prince — The Family And The Temple Of God → ['Fatherhood', 'Doctrine of the Church', 'Biblical Exposition', 'Spiritual Sonship']
         SUGGEST: ["God's Nature and Character", 'Eternal Nature of God'] — The document extensively explores God's fundamental nature and character, partic
[ 345/634 ] Derek Prince — The Bride And The Army → ['Biblical Typology and Symbolism', 'Church Governance and Structure', 'Doctrine of the Church', 'Submission in Marriage']
         SUGGEST: ['Headship and Authority in Marriage', 'Practical Theology and Application'] — The document extensively teaches on the headship structure in marriage (1 Corint
[ 346/634 ] Derek Prince — The Queen God Is Seeking → ['Biblical Typology and Symbolism', 'Kingdom of God', 'Biblical Exposition', 'Spiritual Maturity', "Hearing God's Voice"]
         SUGGEST: ['Bride of Christ', 'The Church'] — This document extensively develops two major theological themes that are not ade
[ 347/634 ] Derek Prince — The Queen Meets the Challenge → ['Biblical Typology and Symbolism', 'Character Formation', 'Discipleship']
         SUGGEST: ['Obedience and Authority', 'Women in Ministry'] — The document extensively explores themes of submission to authority (the king's 
[ 348/634 ] Derek Prince — Appoint Elders In Every City → ['Church Governance and Structure', 'Apostolic Authority', 'Leadership Development', 'Fivefold Ministry']
         SUGGEST: ['Ordination', 'Elder Appointment and Qualifications'] — The document focuses heavily on the ordination of elders and the specific proces
[ 349/634 ] Derek Prince — How I Came To Grips With Demons → ['Deliverance Ministry', 'Inner Healing', 'Pastoral Care']
         SUGGEST: ['Spiritual Authenticity and Reality', 'Undealt-With Root Issues'] — The document's central theme is about the disconnect between professed Christian
[ 350/634 ] Derek Prince — How Jesus Dealt With Demons → ['Deliverance Ministry', 'Biblical Exposition', 'Spiritual Warfare', 'Discerning of Spirits']
         SUGGEST: ['Demonic Possession and Oppression', "Jesus' Authority Over Evil"] — The document is fundamentally about how Jesus dealt with demons and evil spirits
[ 351/634 ] Derek Prince — Nature And Activity Of Demons → ['Biblical Hermeneutics', 'Deliverance Ministry', 'Discerning of Spirits', 'Interpreting Scripture']
         SUGGEST: ['Demonic Activity and Manifestation', 'Greek Terminology and Translation'] — The document is primarily focused on two major theological topics not adequately
[ 352/634 ] Derek Prince — How To Recognize And Expel Demons → ['Deliverance Ministry', 'Biblical Hermeneutics', 'Spiritual Warfare']
         SUGGEST: ['Demonology', 'Demonic Possession and Oppression'] — The document provides detailed theological teaching on the nature of demons, the
[ 353/634 ] Derek Prince — Cult and Occult - Satan’s Snares Disclosed → ['Deliverance Ministry', 'Spiritual Warfare', 'Jezebel Spirit', 'Overcoming the Orphan Spirit', 'Spiritual Authority']
         SUGGEST: ['Witchcraft and Occult Powers', 'Breaking Soul Ties and Unhealthy Bonds'] — The document extensively addresses witchcraft as a form of spiritual domination 
[ 354/634 ] Derek Prince — Seven Ways To Keep Your Deliverance → ['Deliverance Ministry', 'Spiritual Warfare', 'Discerning of Spirits']
         SUGGEST: ['Strongholds in the Mind', 'Submission and Obedience to God'] — The document emphasizes the need to 'bring into captivity every thought...to the
[ 355/634 ] Derek Prince — God’s Challenge to a New Generation → ['End Times', 'Spiritual Warfare', 'Baptism in the Holy Spirit', 'Yielding to the Holy Spirit']
         SUGGEST: ['Generational Blessing', 'Moral Failure and Restoration'] — The document has a significant focus on the special calling and destiny of the c
[ 356/634 ] Derek Prince — Instruction On Deliverance For Children And Their  → ['Deliverance Ministry', 'Salvation', 'Parenting', 'Repentance']
         SUGGEST: ['Atonement', 'Spiritual Authority'] — The document heavily emphasizes the atonement of Christ (Jesus taking sins upon 
[ 357/634 ] Derek Prince — Witchcraft - Public Enemy Number 1 → ['Spiritual Warfare', 'Deliverance Ministry', 'Discerning of Spirits']
         SUGGEST: ['Soulish vs Spiritual', 'Principalities and Powers'] — The document extensively discusses the distinction between soulish and spiritual
[ 358/634 ] Derek Prince — Curses - Cause → ['Breaking Bloodline Curses', 'Generational Curses', 'Deliverance Ministry', 'Divine Healing', 'Healing Ministry']
         SUGGEST: ['Spiritual Authority', 'Blessings and Favor'] — The document extensively discusses how curses and blessings are 'words spoken wi
[ 359/634 ] Derek Prince — Curses - Cure - Part 1 → ['Breaking Bloodline Curses', 'Generational Curses', 'Deliverance Ministry', 'Spiritual Warfare']
         SUGGEST: ['Authority and Words', "Curses from God's Judgment"] — The document extensively emphasizes the power of spoken words and declarations (
[ 360/634 ] Derek Prince — Curses - Cure - Part 2 → ['Generational Curses', 'Breaking Bloodline Curses', 'Spiritual Warfare', 'Deliverance Ministry', 'Israel and the Church']
         SUGGEST: ['Occult Involvement and Curses', 'Territorial Spiritual Warfare'] — The document's primary focus is on occult involvement as 'the basic root cause o
[ 361/634 ] Derek Prince — Christ Rules In The Midst Of His Enemies → ['Lordship of Christ', 'Spiritual Authority', 'Biblical Typology and Symbolism', 'Eschatology']
         SUGGEST: ['Intercession and Heavenly Ministry', 'Priesthood of Believers'] — The document extensively explores Christ's dual ministry as both Priest and King
[ 362/634 ] Derek Prince — Evil Forces at the End Time → ['End Times', 'Eschatology', 'Israel in Bible Prophecy', 'Interpreting Scripture']
         SUGGEST: ['Spiritual Discernment', 'Recognizing Deception'] — The document extensively discusses how to identify antichrist forces and decepti
[ 363/634 ] Derek Prince — End-Time Pressures That Shape Us → ['End Times', 'Israel in Bible Prophecy', 'Suffering and Sovereignty']
         SUGGEST: ['Biblical Typology and Symbolism', "God's Will and Guidance"] — The document extensively uses the potter and clay narrative from Jeremiah 18 as 
[ 364/634 ] Derek Prince — God’s Predetermined Purpose → ['Israel in Bible Prophecy', 'Biblical Exposition', 'Interpreting Scripture']
         SUGGEST: ['Biblical Typology and Symbolism', 'Foundations of Christian Doctrine'] — The document engages significantly with typological interpretation (the scatteri
[ 365/634 ] Derek Prince — Our Response to God’s Purpose → ['Israel in Bible Prophecy', "God's Will and Guidance", 'Repentance']
         SUGGEST: ['Christian Responsibility and Social Justice', "Church's Historical Failures and Reconciliation"] — The document contains a significant and sustained emphasis on Christians' collec
[ 366/634 ] Ruth Prince — A Woman Prepares For Marriage (Ruth Prince) → ['Marriage', 'Character Formation', 'Submission in Marriage', 'Biblical Exposition', 'Identity in Christ']
         SUGGEST: ['Women in Ministry', 'Eternal Perspective and Eschatology'] — The document extensively discusses women's roles, calling, and characteristics (
[ 367/634 ] Derek Prince — The Doorway to Restoration → ['Power of Prayer', "God's Will and Guidance", 'Intercessory Prayer']
         SUGGEST: ['Biblical Typology and Symbolism', 'Conditions for Prayer'] — The document extensively discusses specific conditions and prerequisites for eff
[ 368/634 ] Derek Prince — Fellowship → ['Community and Fellowship', 'Biblical Exposition', 'Gospel', 'New Covenant']
         SUGGEST: ['Theology of Discipleship', 'Purpose and Calling'] — While 'Discipleship' exists in the taxonomy, the document's central theological 
[ 369/634 ] Derek Prince — A Time Of Restoration → ['Kingdom of God', 'Israel and the Church', 'Building the Church', "God's Will and Guidance"]
         SUGGEST: ['Redemption', 'Restoration and Reconciliation'] — The document's central theme is God's purpose of 'restoration' for both Israel a
[ 370/634 ] Derek Prince — Restoration Of The Message → ['Gospel', 'Kingdom of God', 'Lordship of Christ', 'Biblical Exposition']
         SUGGEST: ['Government and Authority', 'Restoration of the Church'] — The document's central theological focus is on God's government/governmental aut
[ 371/634 ] Derek Prince — The Kingdom For All Nations → ['Kingdom of God', 'Spiritual Warfare', 'Deliverance Ministry', 'Signs and Wonders', 'Gospel']
         SUGGEST: ['Spiritual Authority', 'Principalities and Powers'] — The document emphasizes Jesus's divine authority to cast out demons and overcome
[ 372/634 ] Derek Prince — Two Opposing Kingdoms → ['Kingdom of God', 'Redemption', 'Spiritual Warfare', 'Deliverance Ministry', 'Repentance']
         SUGGEST: ["Satan's Kingdom and Demonic Realm", 'Strongholds of the Mind'] — The document extensively discusses the nature and structure of Satan's kingdom a
[ 373/634 ] Derek Prince — The Kingdom Of Priests → ['Kingdom of God', "Hearing God's Voice", 'Lordship of Christ']
         SUGGEST: ['Covenant', 'Priesthood and Priestly Ministry'] — The document extensively discusses God's covenant as a foundational requirement 
[ 374/634 ] Derek Prince — The Kingdom Comes Only By Birth → ['Kingdom of God', 'Lordship of Christ', 'Holiness', 'Repentance']
         SUGGEST: ['Submission and Obedience', 'Lifestyle and Holiness'] — The document emphasizes submission to God's judgment and authority (not making o
[ 375/634 ] Derek Prince — Only The Kingdom Is Unshakable → ['Kingdom of God', 'End Times', 'Eschatology']
         SUGGEST: ['Second Coming', 'Spiritual Warfare'] — The document discusses the climactic end of the age with the simultaneous ripeni
[ 376/634 ] Derek Prince — How to Identify the Enemy → ['Deliverance Ministry', 'Discerning of Spirits', 'Spiritual Warfare', 'Biblical Exposition', 'Healing Ministry']
         SUGGEST: ['Demonization vs Demon Possession', "Jesus' Ministry Model"] — The document extensively emphasizes the critical distinction between demonizatio
[ 377/634 ] Derek Prince — How to Expel the Enemy → ['Deliverance Ministry', 'Generational Curses', 'Spiritual Warfare']
         SUGGEST: ['Demonic Oppression and Entry Points', 'Rejection and Inner Healing'] — The document focuses heavily on two major themes not adequately covered by exist
[ 378/634 ] Derek Prince — Why Should We Be Longing? → ['Second Coming', 'Character Formation', 'Perseverance', 'Spiritual Maturity']
         SUGGEST: ['Suffering and Sacrifice', "Longing for Christ's Return"] — The document centers on Paul's perspective on suffering, sacrifice, and martyrdo
[ 379/634 ] Derek Prince — How Should We Prepare? → ['Second Coming', 'Holiness', 'Eschatology', 'Teaching Ministry']
         SUGGEST: ['Motivation for Holiness', 'Resurrection Body and Glorification'] — The document emphasizes how anticipation of Christ's return serves as the primar
[ 380/634 ] Derek Prince — Receive The Holy Spirit → ['Baptism in the Holy Spirit', 'Biblical Exposition', 'New Covenant', 'Salvation']
         SUGGEST: ['Resurrection', 'Receiving the Holy Spirit'] — The document extensively discusses the Resurrection as a pivotal historical mome
[ 381/634 ] Derek Prince — Interpreting And Prophesying → ['Baptism in the Holy Spirit', 'Gifts of the Spirit', 'Speaking in Tongues', 'Interpretation of Tongues', 'Manifestations of the Spirit']
         SUGGEST: ['Prophecy', 'Private Prayer Language'] — The document extensively discusses prophecy as one of the three vocal gifts of t
[ 382/634 ] Derek Prince — Gifts Of Power And Revelation → ['Gifts of the Spirit', 'Gift of Faith', 'Gifts of Healing', 'Healing Ministry']
         SUGGEST: ['Laying on of Hands', 'Anointing'] — The document explicitly discusses laying on of hands and anointing with oil as m
[ 383/634 ] Derek Prince — Founded On The Rock → ['Biblical Exposition', 'Building the Church', 'Power of Prayer']
         SUGGEST: ['Foundation of Faith', 'Jesus Christ as Foundation'] — The document's central theological focus is on laying a proper spiritual foundat
[ 384/634 ] Derek Prince — Authority & Power Of God’s Word → ['Scripture and Authority', 'Word of God', 'Biblical Hermeneutics', 'Interpreting Scripture']
         SUGGEST: ['Spiritual Authority', "God's Inspiration of Scripture"] — The document centers heavily on two themes not adequately represented in the cur
[ 385/634 ] Derek Prince — Through Repentance To Faith → ['Repentance', 'Foundations of Christian Doctrine', 'Faith', 'Word of God']
         SUGGEST: ['Eternal Life and Eternity', 'Justification'] — The document extensively discusses the importance of having a vision that extend
[ 386/634 ] Derek Prince — Faith and Works → ['Foundations of Christian Doctrine', 'Gospel', 'Faith', 'Grace', 'Justification']
         SUGGEST: ['Legalism vs Grace', 'Resurrection'] — The document extensively discusses the critical distinction between legalism and
[ 387/634 ] Derek Prince — Immersion In Water → ['Water Baptism', 'Baptism in the Holy Spirit', 'Foundations of Christian Doctrine', 'Biblical Exposition', 'Repentance']
         SUGGEST: ['Salvation', 'John the Baptist'] — The document provides substantial teaching on Salvation as a foundational doctri
[ 388/634 ] Derek Prince — Immersion in the Spirit → ['Baptism in the Holy Spirit', 'Water Baptism', 'Biblical Exposition']
         SUGGEST: ['Lordship of Christ', 'Gospel'] — The document emphasizes Jesus Christ's specific role and identity as 'the baptiz
[ 389/634 ] Derek Prince — Transmitting God’s Power → ['Laying on of Hands', 'Foundations of Christian Doctrine', 'Spiritual Authority', 'Apostolic Authority']
         SUGGEST: ['Succession and Generational Continuity in Ministry', 'Blessing and Inheritance'] — The document emphasizes two major themes not adequately represented in the exist
[ 390/634 ] Derek Prince — At the End of Time → ['Eschatology', 'Foundations of Christian Doctrine', 'Suffering and Sovereignty', 'End Times']
         SUGGEST: ['Eternity and the Eternal Realm'] — The document's central theme is understanding the nature of eternity, time, and 
[ 391/634 ] Derek Prince — Resurrection of the Body → ['Eschatology', 'Resurrection', 'Foundations of Christian Doctrine']
         SUGGEST: ['Intermediate State', 'Hell and Judgment'] — The document extensively discusses what happens to people after death, including
[ 392/634 ] Derek Prince — Final Judgment → ['Foundations of Christian Doctrine', 'Eschatology', 'End Times']
         SUGGEST: ['Generational Blessing', 'Generational Curses'] — The document extensively discusses God's historical judgments that affect succes
[ 393/634 ] Derek Prince — The Roman Pilgrimage (Part 1) → ['Biblical Exposition', 'Justification', 'Interpreting Scripture', 'How to Study the Bible', 'Foundations of Christian Doctrine']
         SUGGEST: ['Sanctification', 'Righteousness and Holy Living'] — The document's entire focus centers on righteousness as the central theme of Rom
[ 394/634 ] Derek Prince — The Roman Pilgrimage (Part 2) → ['Biblical Exposition', 'Gospel', 'Justification', 'Faith', 'Atonement']
         SUGGEST: ["God's Wrath", 'Righteousness of God'] — The document extensively discusses God's wrath (particularly in relation to Chri
[ 395/634 ] Derek Prince — The Roman Pilgrimage (Part 3) → ['Biblical Exposition', 'Biblical Hermeneutics', 'Justification', 'Law and Grace']
         SUGGEST: ['Conscience and the Holy Spirit', 'The Purpose and Function of Law'] — The document dedicates substantial theological discussion to two important theme
[ 396/634 ] Derek Prince — The Roman Pilgrimage (Part 4) → ['Biblical Exposition', 'Law and Grace', 'Foundations of Christian Doctrine', 'Repentance']
         SUGGEST: ['Justification', 'Sanctification'] — This document heavily discusses Paul's teaching on how the Law reveals sin and h
[ 397/634 ] Derek Prince — The Roman Pilgrimage (Part 5) → ['Justification', 'Biblical Exposition', 'Faith', 'Salvation']
         SUGGEST: ['Sanctification', 'Repentance'] — The document extensively discusses how justification by faith does not mean sinl
[ 398/634 ] Derek Prince — The Roman Pilgrimage (Part 6) → ['Biblical Exposition', 'Justification', 'Grace', 'Faith']
         SUGGEST: ['Peace with God', 'Experiential Christianity'] — The document's central focus is on the experiential results of justification by 
[ 399/634 ] Derek Prince — The Roman Pilgrimage (Part 7) → ['Biblical Exposition', 'Overcoming Sin', 'Dying to Self', 'Sanctification']
         SUGGEST: ['Biblical Hermeneutics', 'The Old Man (Adamic Nature)'] — The document heavily emphasizes proper biblical interpretation and understanding
[ 400/634 ] Derek Prince — The Roman Pilgrimage (Part 8) → ['Overcoming Sin', 'Dying to Self', 'Renewing the Mind', 'Deliverance Ministry']
         SUGGEST: ['Strongholds in the Mind', 'Spiritual Authority'] — The document emphasizes breaking free from oppressive spiritual forces (the 'spi
[ 401/634 ] Derek Prince — The Roman Pilgrimage (Part 9) → ['Biblical Exposition', 'Law and Grace', 'Dying to Self', 'Overcoming Sin']
         SUGGEST: ['Sanctification', 'Overcoming Temptation'] — The document extensively discusses how the law exposes sin and cannot deliver fr
[ 402/634 ] Derek Prince — The Roman Pilgrimage (Part 10) → ['Dying to Self', 'Overcoming Sin', 'Sanctification', 'The Cross']
         SUGGEST: ['Suffering and Sovereignty', 'New Covenant'] — The document heavily emphasizes the theme of suffering as a necessary and unavoi
[ 403/634 ] Derek Prince — The Roman Pilgrimage (Part 11) → ['Biblical Exposition', 'Renewing the Mind', 'Spiritual Maturity', 'Walking in the Spirit']
         SUGGEST: ['Sanctification', 'Strongholds in the Mind'] — The document extensively discusses the progression from legal inheritance to exp
[ 404/634 ] Derek Prince — The Roman Pilgrimage (Part 12) → ['Biblical Exposition', 'Intercessory Prayer', 'Yielding to the Holy Spirit', "God's Will and Guidance", 'Redemption']
         SUGGEST: ['Speaking in Tongues', 'Suffering and Sovereignty'] — The document extensively discusses speaking in tongues as a spiritual practice a
[ 405/634 ] Derek Prince — It Cost All He Had → ['The Cross', 'Redemption', "God's Presence", 'Knowing God']
         SUGGEST: ['Love of God', 'Sacrifice'] — The document's central theme is God's love as revealed through the cross and the
[ 406/634 ] Derek Prince — How To Apply The Blood → ['The Cross', 'Atonement', 'Biblical Typology and Symbolism', 'Biblical Exposition']
         SUGGEST: ['Substitutionary Atonement', 'Suffering of Christ'] — The document heavily emphasizes Jesus' substitutionary sacrifice (His soul takin
[ 407/634 ] Derek Prince — The Exchange at the Cross → ['Atonement', 'Healing Ministry', 'Power Evangelism']
         SUGGEST: ['Manifestations of the Spirit', 'Sanctification'] — The document emphasizes two important theological themes not currently captured:
[ 408/634 ] Derek Prince — Invisible Barriers To Healing → ['Faith for Healing', "When Healing Doesn't Come", 'Theology of Healing', 'Word of God']
         SUGGEST: ['Barriers to Healing', 'Personhood of the Holy Spirit'] — The document extensively discusses specific barriers to receiving healing (ignor
[ 409/634 ] Ruth Prince — The Call Of God → ['Healing Testimony', 'Baptism in the Holy Spirit', 'Redemption', 'Encounter with God']
         SUGGEST: ['Testimony and Personal Conversion', 'Knowing God'] — The document is fundamentally about Ruth Prince's personal spiritual journey and
[ 410/634 ] Derek Prince — God’s Plan for Your Body → ['Divine Healing', 'Theology of Healing', 'Physical Healing']
         SUGGEST: ["Creation and God's Design", 'Materialism vs Spiritual Reality'] — The document heavily emphasizes the biblical account of creation (Genesis 2:7) a
[ 411/634 ] Derek Prince — His Power In Your Hands → ['Intimacy with God', 'Kingdom of God', 'Redemption', 'Spiritual Authority', 'New Covenant']
         SUGGEST: ['Priesthood of All Believers', "God's Purpose and Design"] — The document's central theme is that believers are called to be 'a kingdom of pr
[ 412/634 ] Derek Prince — The Structure Of Satan’s Kingdom → ['Spiritual Warfare', 'Principalities and Powers', 'Deliverance Ministry', 'Kingdom of God']
         SUGGEST: ['Spiritual Realm and Invisible Reality', "Satan's Kingdom and Organization"] — The document heavily emphasizes the nature of spiritual/invisible reality as 'tr
[ 413/634 ] Derek Prince — The Nature Of Witchcraft → ['Spiritual Warfare', 'Deliverance Ministry', 'Principalities and Powers']
         SUGGEST: ['Rebellion Against God', 'Occult and Witchcraft'] — The document's central theological argument establishes a direct spiritual conne
[ 414/634 ] Derek Prince — The Spirit Of Antichrist → ['Spiritual Warfare', 'Principalities and Powers', 'Discerning of Spirits', 'End Times']
         SUGGEST: ['Witchcraft and Sorcery', 'Rebellion Against God'] — The document extensively discusses witchcraft as a major work of Satan's kingdom
[ 415/634 ] Derek Prince — The Church’s Victory → ['Spiritual Warfare', 'Overcoming Sin', 'Lordship of Christ']
         SUGGEST: ['Victory in Christ', 'Defeat of Satan'] — The document's central theme is 'The Church's Victory' and extensively discusses
[ 416/634 ] Derek Prince — The Christian And His Money → ['Biblical Stewardship', 'Financial Wisdom', 'Foundations of Christian Doctrine']
         SUGGEST: ['Wealth and Prosperity', 'Priorities and Values'] — The document deeply explores the theological nature of wealth itself—establishin
[ 417/634 ] Derek Prince — Thanksgiving, Praise and Worship → ['Power of Prayer', 'Worship', 'Contentment']
         SUGGEST: ['Grace', 'Thanksgiving and Gratitude'] — The document extensively explores the theological relationship between grace and
[ 418/634 ] Derek Prince — Discover Yourself In God’s Mirror → ['Identity in Christ', 'Biblical Exposition', 'Encounter with God', 'Teaching Ministry']
         SUGGEST: ['Conversion Testimony', 'Spiritual Awakening'] — The document centers heavily on the speaker's personal conversion experience (me
[ 419/634 ] Derek Prince — Are You Spiritual Or Soulish? → ['Identity in Christ', 'Foundations of Christian Doctrine', 'Spiritual Growth', 'Biblical Exposition']
         SUGGEST: ['Soul, Spirit, and Body', 'Born Again Experience'] — The document's central theological focus is the tripartite nature of humanity (s
[ 420/634 ] Derek Prince — Why You Have A Body → ['Identity in Christ', 'Spiritual Growth', 'Foundations of Christian Doctrine']
         SUGGEST: ['Spirit, Soul, and Body', 'Redemption and Restoration'] — The document's primary theological focus is on the tripartite nature of humanity
[ 421/634 ] Derek Prince — The Climax Of Life’s Destiny → ['Identity in Christ', 'Temple and Priesthood', 'Spiritual Disciplines']
         SUGGEST: ['Divine Healing', 'Resurrection'] — The document extensively discusses God's provision for physical healing through 
[ 422/634 ] Derek Prince — One All-Sufficient Sacrifice → ['Atonement', 'Foundations of Christian Doctrine', 'The Cross']
         SUGGEST: ['Sacrifice and Priesthood', 'Sin and Redemption'] — The document extensively discusses the sacrificial nature of Christ's death and 
[ 423/634 ] Derek Prince — Perfected Forever → ['Faith', 'Divine Healing', 'Baptism in the Holy Spirit', 'Healing Testimony']
         SUGGEST: ['Theology of Healing', 'Atonement'] — The document contains substantial theological discussion of how Jesus' sacrifice
[ 424/634 ] Derek Prince — A Divinely Ordained Exchange → ['Atonement', 'Biblical Exposition', 'Biblical Typology and Symbolism', 'Theology of Healing']
         SUGGEST: ['Substitutionary Atonement', 'Isaiah 53'] — The document focuses extensively on the substitutionary nature of Christ's sacri
[ 425/634 ] Derek Prince — Forgiveness and Healing → ['Atonement', 'Healing in the Atonement', 'Physical Healing', 'Redemption', 'The Cross']
         SUGGEST: ['Justification', 'Peace with God'] — The document heavily emphasizes justification through Christ's punishment and th
[ 426/634 ] Derek Prince — Sin vs Righteousness → ['Atonement', 'Theology of Healing', 'Biblical Typology and Symbolism']
         SUGGEST: ['Substitutionary Atonement', 'Imputation and Impartation'] — The document extensively develops the core concept of substitutionary atonement 
[ 427/634 ] Derek Prince — Death vs Life → ['Atonement', 'The Cross', 'Redemption', 'Biblical Typology and Symbolism', 'Biblical Exposition']
         SUGGEST: ['Substitutionary Atonement', 'The Last Adam'] — The document emphasizes the substitutionary nature of Christ's death (Jesus taki
[ 428/634 ] Derek Prince — Curse vs Blessing → ['Atonement', 'The Cross', 'Breaking Bloodline Curses', 'Spiritual Warfare', 'Grace']
         SUGGEST: ['Legalism and the Law', "Satan's Deception and Strategy"] — The document extensively discusses legalism as a major spiritual problem (contra
[ 429/634 ] Derek Prince — Release From Curses → ['Breaking Bloodline Curses', 'Generational Curses', 'Foundations of Christian Doctrine']
         SUGGEST: ['Idolatry and False Religion', 'Honor and Respect for Parents'] — The document extensively explores idolatry, occultism, and false religion as pri
[ 430/634 ] Derek Prince — Poverty vs Abundance → ['Atonement', 'Biblical Exposition', 'Grace', 'Redemption']
         SUGGEST: ['Generational Blessing', 'Biblical Typology and Symbolism'] — The document extensively discusses the concept of curses and blessings as inheri
[ 431/634 ] Derek Prince — Shame vs Glory → ['Atonement', 'Emotional Healing', 'Inner Healing']
         SUGGEST: ['Shame and Identity', 'Sacrifice and Substitution'] — The document's central theological focus is on Jesus enduring shame on the cross
[ 432/634 ] Derek Prince — Rejection vs Acceptance → ['Inner Healing', 'Overcoming Rejection', 'Deliverance Ministry', 'Emotional Healing']
         SUGGEST: ['Fatherhood', 'Spiritual Sonship'] — The document extensively discusses the critical importance of a father's love an
[ 433/634 ] Derek Prince — Old Man vs New Man → ['The Cross', 'Dying to Self', 'Inner Healing', 'Overcoming Sin', 'Sanctification', 'Emotional Healing']
         SUGGEST: ['Rebellion Against God', 'The Old Man and New Man'] — The document's central theological focus is on the concept of the 'old man' (the
[ 434/634 ] Derek Prince — Deliverance From This Present Age → ['The Cross', 'Dying to Self', 'Spiritual Warfare', 'Foundations of Christian Doctrine']
         SUGGEST: ['Sanctification', 'Overcoming Sin'] — The document's central theme is what God intends the cross to do *in us* (sancti
[ 435/634 ] Derek Prince — Deliverance From Law And Self → ['Law and Grace', 'Dying to Self', 'Justification', 'Freedom in Christ', 'Sanctification']
         SUGGEST: ['The Cross', 'Legalism and Legalistic Christianity'] — The document extensively discusses the relationship between the Cross of Christ 
[ 436/634 ] Derek Prince — Deliverance From The Flesh → ['Dying to Self', 'Overcoming Sin', 'The Cross', 'Sanctification']
         SUGGEST: ['Purity and Sexuality', 'Spiritual Warfare'] — The document extensively addresses sexual immorality and impurity as works of th
[ 437/634 ] Derek Prince — Deliverance From The World → ['The Cross', 'Lordship of Christ', 'Kingdom of God', 'Biblical Exposition']
         SUGGEST: ['Submission and Obedience', 'Rejection of Worldly Values'] — The document's central theme is defining 'the world' in biblical terms and estab
[ 438/634 ] Derek Prince — From Legal To Experiential → ['Atonement', 'Redemption', 'Faith']
         SUGGEST: ["Appropriating God's Promises", 'Biblical Typology and Symbolism'] — The document's central theme is how to appropriate (appropriate and access) the 
[ 439/634 ] Derek Prince — All-Inclusive Salvation → ['Atonement', 'Salvation', 'Faith', 'Baptism in the Holy Spirit', 'Spiritual Growth']
         SUGGEST: ["Appropriating God's Provision", 'Role of the Holy Spirit in Salvation'] — The document's central theme is how believers appropriate and walk out the compl
[ 440/634 ] Derek Prince — Four Decisive Steps → ['Repentance', 'Salvation', 'Atonement', 'Biblical Exposition']
         SUGGEST: ['Faith', "Appropriating God's Promises"] — The document's central theme is how believers move from the legal/positional rea
[ 441/634 ] Derek Prince — Liberation Through Confession → ['Word of God', 'Renewing the Mind', 'Faith', 'Spiritual Warfare', 'Redemption', "Hearing God's Voice"]
         SUGGEST: ['Power of Words and Confession', 'Overcoming Through Declaration'] — The document's central theme is the power of spoken confession and declarative s
[ 442/634 ] Derek Prince — Release from the Curse - Part 1 → ['Breaking Bloodline Curses', 'Redemption', 'The Cross', 'Atonement']
         SUGGEST: ['Blessing and Cursing', 'Generational Patterns and Family Legacy'] — The document extensively explores the theological concept of blessings and curse
[ 443/634 ] Derek Prince — Release from the Curse - Part 2 → ['Breaking Bloodline Curses', 'Spiritual Authority', 'Biblical Exposition']
         SUGGEST: ['Curses and Their Effects', 'Power of Words and Declarations'] — The document extensively explores how curses operate, persist, and are perpetuat
[ 444/634 ] Derek Prince — Husbands and Fathers - Part 1 → ['Marriage', 'Fatherhood', 'Spiritual Warfare', 'Biblical Exposition']
         SUGGEST: ['Submission in Marriage', 'Covenant and Commitment'] — The document extensively discusses marriage as a covenant—the foundational conce
[ 445/634 ] Derek Prince — Husbands and Fathers - Part 2 → ['Fatherhood', 'Spiritual Sonship', 'Knowing God', 'Gospel', 'Identity in Christ']
         SUGGEST: ['Intimacy with God', 'Destiny and Calling'] — While the document covers assigned themes well, two important theological concep
[ 446/634 ] Derek Prince — The Headship of Jesus - Part 1 → ['Lordship of Christ', 'Fivefold Ministry', 'Eschatology', 'Church Governance and Structure', 'Charismatic Renewal']
         SUGGEST: ['Restoration of Ministry Gifts', 'Supernatural in the Church'] — The document heavily emphasizes restoration of spiritual gifts and supernatural 
[ 447/634 ] Derek Prince — The Headship of Jesus - Part 2 → ['Apostolic Authority', 'Apostolic Ministry', 'Lordship of Christ', 'Church Governance and Structure']
         SUGGEST: ['Spiritual Authority', 'Spirit-Filled Life'] — The document emphasizes how heavenly/spiritual authority flows from God the Fath
[ 448/634 ] Derek Prince — Complete Salvation and How To Receive It - Part 1 → ['Salvation', 'Faith', "God's Will and Guidance", 'Spiritual Growth']
         SUGGEST: ['Comprehensive Salvation', 'Provision and Supply'] — The document's central theme is that salvation encompasses far more than forgive
[ 449/634 ] Smith Wigg — Complete Salvation and How To Receive It - Part 2 → ['Atonement', 'Redemption', 'Salvation', 'New Creation']
         SUGGEST: ['The Cross', 'Identification with Christ'] — The document heavily emphasizes two central theological concepts not adequately 
[ 450/634 ] Derek Prince — The Cross at the Center - Part 1 → ['The Cross', 'Gospel', 'Biblical Exposition']
         SUGGEST: ['Wisdom of God vs. Worldly Wisdom', 'Centrality of Christ'] — The document's core theme is the tension between human/worldly wisdom (Greek phi
[ 451/634 ] Derek Prince — The Cross at the Center - Part 2 → ['The Cross', 'Spiritual Warfare', 'Redemption', 'Deliverance Ministry', 'Biblical Exposition']
         SUGGEST: ['Victory in Christ', "Satan's Defeat"] — The document's central theological focus is Christ's total and permanent defeat 
[ 452/634 ] Derek Prince — The Cross in My Life - Part 1 → ['The Cross', 'Spiritual Warfare', 'Deliverance Ministry']
         SUGGEST: ['Jezebel Spirit', 'Strongholds in the Mind'] — The document discusses Satan's strategy to hide the cross's accomplishments from
[ 453/634 ] Derek Prince — The Cross in My Life - Part 2 → ['The Cross', 'Dying to Self', 'Spiritual Growth', 'Sanctification']
         SUGGEST: ['Overcoming the Flesh', 'Moral Failure and Restoration'] — The document extensively discusses the ego/self as the root cause of Christian p
[ 454/634 ] Derek Prince — Ignore It at Your Peril → ['End Times', 'Israel in Bible Prophecy', 'Prophecy', 'Scripture and Authority', 'Second Coming']
         SUGGEST: ['Biblical Exposition', 'Interpreting Scripture'] — The document heavily emphasizes how to properly study and understand biblical pr
[ 455/634 ] Derek Prince — The Spine Of Prophetic Revelation → ['End Times', 'Eschatology', 'Biblical Exposition', 'Prophecy', 'Israel in Bible Prophecy']
         SUGGEST: ['Jesus as Prophet', 'Mount of Olives Discourse'] — The document centers on Jesus's prophetic role and His Mount of Olives discourse
[ 456/634 ] Derek Prince — Watchman, What of the Night → ['End Times', 'Eschatology', 'Discerning Times and Seasons']
         SUGGEST: ['Biblical Optimism and Pessimism', 'Signs of the Times'] — The document's central theological theme is a nuanced teaching about how end-tim
[ 457/634 ] Derek Prince — You Also Must Be Ready → ['End Times', 'Eschatology', 'Second Coming', 'Discerning Times and Seasons']
         SUGGEST: ['Practical Christian Living', "Readiness and Preparedness for Christ's Return"] — The document is fundamentally about the practical application of eschatological 
[ 458/634 ] Derek Prince — What Makes Life Worth Living? → ['Healing Testimony', 'Encounter with God', 'Spiritual Growth', 'Character Formation']
         SUGGEST: ['Sanctification', 'Conviction of Sin'] — The document describes the speaker's formative spiritual journey, particularly t
[ 459/634 ] Derek Prince — Do You Fear God? → ['Holiness', 'Knowing God', 'Foundations of Christian Doctrine', 'Spiritual Maturity']
         SUGGEST: ['Fear of the Lord', 'Reverence and Worship'] — The document's central theme is the fear of the Lord—what it is, what it isn't, 
[ 460/634 ] Derek Prince — True and False Christ - Part 1 → ['Eschatology', 'Discerning Times and Seasons', 'Biblical Exposition', 'End Times']
         SUGGEST: ['Biblical Typology and Symbolism', 'Testing Prophecy'] — The document heavily emphasizes the parable of the wheat and tares as a symbolic
[ 461/634 ] Derek Prince — True and False Christ - Part 2 → ['End Times', 'Eschatology', 'Spiritual Warfare', 'Foundations of Christian Doctrine', 'Israel in Bible Prophecy', 'Church History']
         SUGGEST: ['Apostasy', 'Doctrine of Christ'] — The document extensively discusses apostasy as a specific eschatological precurs
[ 462/634 ] Derek Prince — True and False Church - Part 1 → ['Doctrine of the Church', 'Gospel', 'Biblical Exposition']
         SUGGEST: ['Discernment of Truth and Error', 'Syncretism and False Teaching'] — The document extensively addresses distinguishing between true and false churche
[ 463/634 ] Derek Prince — True and False Church - Part 2 → ['Gospel', 'Doctrine of the Church', 'Eschatology', 'Spiritual Warfare']
         SUGGEST: ['Discerning False Teaching', 'Wealth and Materialism'] — The document heavily emphasizes discerning and exposing false gospels, false chu
[ 464/634 ] Derek Prince — Be Perfect - Part 1 → ['Sanctification', 'Spiritual Maturity', 'Character Formation', 'Baptism in the Holy Spirit', 'Grace']
         SUGGEST: ['Love of God', 'Obedience'] — The document heavily emphasizes two crucial theological themes not adequately re
[ 465/634 ] Derek Prince — Be Perfect - Part 2 → ['Spiritual Growth', 'Sanctification', 'Biblical Exposition', 'Character Formation', 'Knowing God']
         SUGGEST: ['Faithfulness in Service', 'Workplace as Ministry'] — The document emphasizes faithfulness and excellence in work through the extended
[ 466/634 ] Derek Prince — God's Remedy for Guilt / The Perfect Sacrifice → ['Power of Prayer', 'Spiritual Warfare', 'Revival', 'Fasting and Prayer', 'Weapons of Our Warfare']
         SUGGEST: ["God's Sovereignty", 'Speaking the Word of God'] — The document emphasizes God's absolute sovereignty and authority as central theo
[ 467/634 ] Derek Prince — The Cross Obscured / The Cross In Your Life → ['The Cross', 'Atonement', 'Justification', 'Redemption', 'Spiritual Warfare']
         SUGGEST: ['Legalism', 'Sanctification'] — The document extensively discusses legalism as a major spiritual problem resulti
[ 468/634 ] Derek Prince — The Roman Pilgrimage (Part 13) → ['Biblical Exposition', 'Suffering and Sovereignty', 'Trusting God in Hardship']
         SUGGEST: ["God's Sovereignty", 'Divine Election and Predestination'] — The document's central theme is explicitly stated as 'God's sovereignty and grac
[ 469/634 ] Derek Prince — The Roman Pilgrimage (Part 14) → ['Biblical Exposition', 'Israel and the Church', 'Biblical Typology and Symbolism']
         SUGGEST: ['Divine Sovereignty', 'Replacement Theology'] — The document heavily emphasizes God's sovereignty and election (a central theolo
[ 470/634 ] Derek Prince — The Roman Pilgrimage (Part 15) → ['Biblical Exposition', 'Israel and the Church', 'Justification', 'Law and Grace']
         SUGGEST: ['Faith vs Works', 'Pride and Humility'] — The document extensively explores the tension between earning righteousness thro
[ 471/634 ] Derek Prince — The Roman Pilgrimage (Part 16) → ['Grace', 'Dependence on God', 'Biblical Exposition']
         SUGGEST: ['Humility', 'Calling and Ministry'] — The document extensively discusses humility as essential to receiving grace—spec
[ 472/634 ] Derek Prince — The Roman Pilgrimage (Part 17) → ['Biblical Exposition', 'Spiritual Disciplines', 'Sanctification']
         SUGGEST: ['Surrender and Yieldedness', 'Repentance'] — The document heavily emphasizes surrender to God and presenting one's body as a 
[ 473/634 ] Derek Prince — The Roman Pilgrimage (Part 18) → ['Biblical Exposition', 'Intercessory Prayer', 'Spiritual Authority']
         SUGGEST: ['Submission to Governing Authorities', 'Prayer for Government'] — The document extensively covers two major theological themes not adequately repr
[ 474/634 ] Derek Prince — The Roman Pilgrimage (Part 19) → ['Biblical Exposition', 'Unity in the Church', 'Law and Grace', 'Community and Fellowship']
         SUGGEST: ['Jewish-Christian Relations', 'Conscience and Christian Freedom'] — This document deeply explores the tension between Jewish believers and non-Jewis
[ 475/634 ] Derek Prince — The Roman Pilgrimage (Part 20) → ['Biblical Exposition', 'Unity in the Church', 'Community and Fellowship', 'Israel and the Church']
         SUGGEST: ['Gentiles and the Gospel', 'Jewish Believers and the Messianic Promise'] — The document extensively discusses the distinct theological approaches God takes
[ 476/634 ] Derek Prince — I’m Glad You Asked That! → ['Biblical Hermeneutics', 'Foundations of Christian Doctrine', "God's Will and Guidance", 'Interpreting Scripture']
         SUGGEST: ['Divine Sovereignty and Human Freedom', 'Theological Tension and Mystery'] — The document's primary focus is the tension between predestination and free will
[ 477/634 ] Derek Prince — The Power Of Proclamation → ['Word of God', 'Spiritual Warfare', 'Gospel', 'Teaching Ministry']
         SUGGEST: ["Authority of God's Word", 'Confession and Declaration'] — The document's central theme is the distinction between teaching and proclamatio
[ 478/634 ] Derek Prince — God’s Word - Your Inexhaustible Resource - Part 1 → ['Scripture and Authority', 'Word of God', 'Biblical Hermeneutics', 'Encounter with God', 'Salvation']
         SUGGEST: ['Conversion and Regeneration', 'The Authority and Power of Scripture'] — The document describes a profound personal conversion experience where the speak
[ 479/634 ] Derek Prince — God’s Word - Your Inexhaustible Resource - Part 2 → ['Word of God', 'Faith', 'Physical Healing', "Hearing God's Voice", 'Biblical Exposition']
         SUGGEST: ['Receiving Teaching and Instruction', "Humility and Submission to God's Word"] — The document emphasizes two major theological themes not adequately covered by e
[ 480/634 ] Derek Prince — The New Creation - Part 1 → ['New Creation', 'Biblical Exposition', 'Foundations of Christian Doctrine']
         SUGGEST: ['Salvation', 'Identity in Christ'] — The document extensively discusses what happens when a person comes to Christ an
[ 481/634 ] Derek Prince — The New Creation - Part 2 → ['Renewing the Mind', 'New Creation', 'Dying to Self', 'Spiritual Growth']
         SUGGEST: ['The Old Man and the New Man', 'Sacrifice and Consecration'] — The document's central theme is the biblical teaching about the old man (old nat
[ 482/634 ] Derek Prince — Casting Down Strongholds → ['Spiritual Warfare', 'Deliverance Ministry', 'Kingdom of God', 'Principalities and Powers']
         SUGGEST: ['Demonic Oppression and Deliverance', 'Invisible Spiritual Realm'] — The document heavily emphasizes demonic spirits as the primary agents of spiritu
[ 483/634 ] Derek Prince — The White Horse Of The Gospel → ['End Times', 'Eschatology', 'Prophetic Dreams and Visions', 'Interpreting Scripture']
         SUGGEST: ['Jesus as Prophet', 'Understanding Biblical Prophecy'] — The document emphasizes Jesus's role as prophet and the importance of recognizin
[ 484/634 ] Derek Prince — Ministries Of The Holy Spirit → ['Knowing God', 'Encounter with God', 'Foundations of Christian Doctrine']
         SUGGEST: ['Trinity and the Godhead', 'Personal Conversion Experience'] — The document's central theological focus is explaining the Trinity (specifically
[ 485/634 ] Derek Prince — The Holy Spirit As Guide → ['Law and Grace', "God's Will and Guidance", 'Spiritual Maturity', 'Sanctification']
         SUGGEST: ['Justification', 'Faith'] — The document extensively discusses the foundational theological distinction betw
[ 486/634 ] Derek Prince — How To Find Your Place → ['Purpose and Calling', "Hearing God's Voice", 'Personal Prophecy']
         SUGGEST: ['Recognizing Your Ministry Gift', 'Spiritual Calling and Vocation'] — While 'Purpose and Calling' is assigned, the document has a strong secondary foc
[ 487/634 ] Derek Prince — Thy Kingdom Come → ['Power of Prayer', "Hearing God's Voice", "God's Will and Guidance", 'Faith']
         SUGGEST: ['Intimacy with God', 'Authority in Prayer'] — The document emphasizes the relational aspect of prayer—addressing God as 'Fathe
[ 488/634 ] Derek Prince — When You Fast → ['Power of Prayer', 'Fasting and Prayer', 'Humility', 'John Wesley and Methodism']
         SUGGEST: ['Conditions for Revival', 'Spiritual Disciplines'] — The document emphasizes fasting as a foundational spiritual discipline and key t
[ 489/634 ] Derek Prince — Facing Perilous Times → ['End Times', 'Prophecy', 'Israel and the Church']
         SUGGEST: ['Testing Prophecy', 'Discerning Times and Seasons'] — The document extensively addresses how to evaluate and discern authentic versus 
[ 490/634 ] Derek Prince — The Two Harvests → ['Biblical Typology and Symbolism', 'Baptism in the Holy Spirit', 'History of Revival', 'Azusa Street Revival']
         SUGGEST: ['Great Commission', 'End Times'] — The document uses agricultural harvest as a central metaphor for spiritual harve
[ 491/634 ] Derek Prince — The Two Banquets → ['Biblical Exposition', 'Kingdom of God', 'Repentance']
         SUGGEST: ['Israel and the Church', 'Humility and Pride'] — The document extensively explores the relationship between Israel and the Church
[ 492/634 ] Derek Prince — Take Heed That You Are Not Deceived → ['Discerning Times and Seasons', 'Testing Prophecy', 'Biblical Exposition', 'Spiritual Warfare']
         SUGGEST: ['Divine Election and Predestination', 'Discerning of Spirits'] — The document heavily emphasizes God's sovereign choice and election of believers
[ 493/634 ] Derek Prince — The Nations → ['Eschatology', 'Repentance', 'Gospel', 'Foundations of Christian Doctrine']
         SUGGEST: ["God's Judgment", 'Accountability and Works'] — The document's central theme is God's judgment—both as an inescapable reality fo
[ 494/634 ] Derek Prince — The Church → ['Holiness', 'Eschatology', 'Perseverance', 'Renewing the Mind', 'Spiritual Maturity']
         SUGGEST: ['Separation from the World', 'Guarding the Mind'] — The document emphasizes two important theological themes not adequately captured
[ 495/634 ] Derek Prince — Guilt, Shame, Rejection → ['Inner Healing', 'Atonement', 'Emotional Healing', 'Biblical Exposition']
         SUGGEST: ['Compassion', 'Sanctification'] — The document emphasizes Jesus's compassionate response to human suffering and th
[ 496/634 ] Derek Prince — Predictive Prophecies Of The Bible → ['Prophecy', 'Testing Prophecy', 'Biblical Exposition', 'Pitfalls of the Prophetic']
         SUGGEST: ['Prophetic Ministry and Accountability', 'Understanding Biblical Prophecy vs. Modern Prophecy'] — The document emphasizes a critical theological distinction between the tested, r
[ 497/634 ] Derek Prince — The Spine Of Biblical Prophecy → ['Biblical Exposition', 'End Times', 'Eschatology', 'Israel in Bible Prophecy']
         SUGGEST: ["Jesus' Olivet Discourse", 'Biblical Hermeneutics and Interpretation'] — The document's central theme is Jesus' prophetic discourse on the Mount of Olive
[ 498/634 ] Derek Prince — Days Of Noah And Lot → ['End Times', 'Eschatology', 'Biblical Exposition', 'Character Formation']
         SUGGEST: ['Discerning Times and Seasons', 'Fruit of the Spirit'] — The document heavily emphasizes discerning the spiritual and cultural conditions
[ 499/634 ] Derek Prince — Israel In The End Times → ['Israel in Bible Prophecy', 'End Times', 'Interpreting Scripture']
         SUGGEST: ['Replacement Theology', 'Covenant Theology'] — The document extensively critiques replacement theology (the idea that the churc
[ 500/634 ] Derek Prince — Will The Antichrist Arise In Europe? → ['End Times', 'Eschatology', 'Discerning of Spirits', 'Biblical Exposition']
         SUGGEST: ['Islam and Christianity', 'Spiritual Deception and False Doctrine'] — The document extensively discusses Islam as 'the most active, powerful anti-Chri
[ 501/634 ] Derek Prince — The Lamb vs The Beast → ['End Times', 'Eschatology', 'Spiritual Warfare', 'Biblical Typology and Symbolism']
         SUGGEST: ['Character of Christ', 'Antichrist and Deception'] — The document extensively explores the contrast between the character and nature 
[ 502/634 ] Derek Prince — How I Became Involved With Israel → ["God's Will and Guidance", 'Encounter with God', 'Biblical Typology and Symbolism', 'Israel and the Church']
         SUGGEST: ['Personal Transformation and Conversion', "Jacob's Wrestle with God"] — The document centers on two major themes not adequately represented in the assig
[ 503/634 ] Derek Prince — Israel and the Church - Parallel Restoration → ['Discerning Times and Seasons', 'Israel and the Church', 'Repentance', 'End Times']
         SUGGEST: ["God's Sovereignty", 'Restoration and Renewal'] — The document heavily emphasizes God's sovereign control over times and seasons (
[ 504/634 ] Derek Prince — The Uniqueness of Israel - God’s Prophetic Calenda → ['Israel and the Church', 'Israel in Bible Prophecy', 'Biblical Exposition', 'Foundations of Christian Doctrine', 'Redemption', 'Scripture and Authority']
         SUGGEST: ['Covenant Theology', "God's Chosen People"] — The document heavily emphasizes Israel's unique covenantal relationship with God
[ 505/634 ] Derek Prince — Israel - Glimpses of the Future - Part 1 → ['Israel in Bible Prophecy', 'Eschatology', 'Prophecy', 'Scripture and Authority']
         SUGGEST: ['Second Coming', 'Biblical Exposition'] — The document heavily emphasizes Jesus' Second Coming/Return in glory as a centra
[ 506/634 ] Derek Prince — Israel - Glimpses of the Future - Part 2 → ['End Times', 'Israel in Bible Prophecy', 'Eschatology', 'Biblical Exposition']
         SUGGEST: ["God's Sovereignty", 'Conflict in the Middle East'] — The document extensively discusses God's sovereign orchestration of end-times ev
[ 507/634 ] Derek Prince — How To Pray For Israel → ['Intercessory Prayer', 'Israel and the Church', 'Power of Prayer', "God's Will and Guidance"]
         SUGGEST: ['Prophetic Intercession'] — While 'Intercessory Prayer' is assigned, the document has a significant focus on
[ 508/634 ] Derek Prince — The Goal Is Love → ['Biblical Exposition', 'Encounter with God', 'Conditions for Revival', 'Justification', 'New Covenant']
         SUGGEST: ['Sanctification', 'Obedience and Submission to God'] — The document extensively explores how believers fulfill the 'righteous requireme
[ 509/634 ] Derek Prince — What It Means To Love God → ['Knowing God', 'Biblical Exposition', 'New Covenant']
         SUGGEST: ['Love of God', 'Obedience'] — The document's central theological theme is the inseparable connection between l
[ 510/634 ] Derek Prince — Self-Humbling → ['Conditions for Revival', 'Humility', 'Spiritual Warfare', 'Principalities and Powers']
         SUGGEST: ['Satan and Demonic Opposition', 'Biblical Typology and Symbolism'] — The document extensively discusses Lucifer's fall and Satan's rebellion as the f
[ 511/634 ] Derek Prince — Grace vs Law → ['Law and Grace', 'Conditions for Revival', 'Justification']
         SUGGEST: ['Sanctification', 'Resurrection'] — The document emphasizes sanctification as the ongoing process of living righteou
[ 512/634 ] Derek Prince — Witchcraft In Disguise → ['Conditions for Revival', 'Spiritual Warfare', 'Biblical Exposition']
         SUGGEST: ['Witchcraft and Occult Practices', 'Generational Blessing'] — The document's primary focus is on 'Witchcraft in Disguise' as a major spiritual
[ 513/634 ] Derek Prince — The Prayer Of Desperation → ['Salvation', 'Repentance', 'Israel in Bible Prophecy', 'End Times']
         SUGGEST: ['Desperation and Crying Out to God', 'Second Coming'] — The document's central theological theme is 'The Prayer of Desperation' - God's 
[ 514/634 ] Derek Prince — How To Live In A World Falling Apart → ['End Times', 'Discerning Times and Seasons', 'Spiritual Warfare']
         SUGGEST: ['Moral Failure and Restoration', 'Cultural Decline and Christian Response'] — While 'End Times' and 'Discerning Times and Seasons' are assigned, the document 
[ 515/634 ] Derek Prince — The Place Of Israel In God’s Purposes → ['Israel in Bible Prophecy', 'Israel and the Church', 'Biblical Exposition', 'Interpreting Scripture', "God's Will and Guidance", 'Eschatology']
         SUGGEST: ['Redemptive History', 'Covenant Theology'] — The document centers on God's redemptive purposes for Israel as a chosen nation 
[ 516/634 ] Derek Prince — How To Face The Last Days Without Fear → ['End Times', 'Eschatology', 'Perseverance']
         SUGGEST: ['Moral Failure and Restoration', 'Overcoming Offense'] — The document heavily emphasizes moral deterioration and character decay in the l
[ 517/634 ] Derek Prince — What Is God Waiting For? → ['Redemption', 'Building the Church', 'Doctrine of the Church', 'Foundations of Christian Doctrine']
         SUGGEST: ['Sanctification', 'The Cross'] — The document heavily emphasizes sanctification as a core theme—God seeking 'a sp
[ 518/634 ] Derek Prince — How To Approach Biblical Prophecy → ['Prophecy', 'Biblical Exposition', 'Scripture and Authority', 'Interpreting Scripture']
         SUGGEST: ["God's Sovereignty", 'Testing Prophecy'] — The document emphasizes God's sovereignty, majesty, and justice as foundational 
[ 519/634 ] Derek Prince — First Discover the Spine → ['Eschatology', 'Israel in Bible Prophecy', 'Biblical Exposition', 'Interpreting Scripture']
         SUGGEST: ['Second Coming', 'Temple and Priesthood'] — The document extensively discusses Jesus's prophecy about His return immediately
[ 520/634 ] Derek Prince — Pressures, Tests And Challenges → ['End Times', 'Eschatology', 'Discerning Times and Seasons', 'Biblical Exposition']
         SUGGEST: ['Spiritual Warfare', 'Satan and Demonic Forces'] — The document contains substantial discussion of satanic infiltration, demonic ac
[ 521/634 ] Derek Prince — You Can Come Through Victorious → ["God's Will and Guidance", 'Overcoming Sin', 'Suffering and Sovereignty']
         SUGGEST: ['Identity in Christ', 'Lordship of Christ'] — The document heavily emphasizes believers' identity as children of God with a Fa
[ 522/634 ] Derek Prince — Worship → ['Worship', 'Biblical Typology and Symbolism', 'Spiritual Disciplines']
         SUGGEST: ['Sincerity and Authenticity in Worship', 'Covenant Relationship with God'] — The document emphasizes two significant theological themes not adequately repres
[ 523/634 ] Derek Prince — How To Be Delivered → ['Deliverance Ministry', 'Spiritual Warfare', 'Biblical Exposition', 'Healing Ministry']
         SUGGEST: ['Demonic Oppression and Possession', 'Authority of Jesus Christ'] — The document extensively discusses demonic affliction/demonization as distinct f
[ 524/634 ] Derek Prince — Fierce Times Are Coming → ['End Times', 'Character Formation', 'Overcoming Sin', 'Biblical Exposition']
         SUGGEST: ["God's Judgment", 'Proclamation and Declaration'] — The document heavily emphasizes God's judgment as a central theological theme (d
[ 525/634 ] Derek Prince — Women In The Church → ['Women in Ministry', 'Eschatology', 'Biblical Exposition']
         SUGGEST: ['Fall of Man and Sin', 'The Antichrist'] — The document contains two significant theological themes not represented in the 
[ 526/634 ] Derek Prince — Women In The Church - Question and Answer → ['Church Governance and Structure', 'Women in Ministry', 'Leadership Development']
         SUGGEST: ['Spiritual Authority', 'Submission in Marriage'] — The document heavily emphasizes divine authority, governmental rulership in the 
[ 527/634 ] Derek Prince — God Holds The Church Accountable → ['Revival', 'Church Governance and Structure', 'Conditions for Revival', 'History of Revival']
         SUGGEST: ['Intercessory Prayer', "Power of God's Word"] — The document emphasizes the practice of proclaiming God's Word as a means of rel
[ 528/634 ] Derek Prince — Judgment Must Begin At God’s House → ['Intercessory Prayer', 'Fasting and Prayer', 'History of Revival']
         SUGGEST: ["God's Sovereignty and Providence", "Answered Prayer and God's Faithfulness"] — The document contains two significant theological themes not covered by existing
[ 529/634 ] Derek Prince — Sin, Righteousness, Judgment → ['Biblical Exposition', 'Gospel', 'Repentance']
         SUGGEST: ["God's Judgment", 'Conviction of Sin'] — The document's central theme is the interconnection between sin, righteousness, 
[ 530/634 ] Derek Prince — Self-Humbling Through Fasting → ['Fasting and Prayer', 'Humility', 'Spiritual Disciplines']
         SUGGEST: ['Soul, Spirit, and Body', 'Subduing the Flesh'] — The document extensively explores the theological concept of the tripartite natu
[ 531/634 ] Derek Prince — The Bride Prepares Herself → ['Great Commission', 'Evangelism', 'Divine Healing', 'Marriage']
         SUGGEST: ['Power Evangelism', 'Supernatural Signs and Wonders'] — The document describes multiple supernatural manifestations central to Derek Pri
[ 532/634 ] Derek Prince — A Vision Of Holiness → ['Holiness', 'Vision and Mission', 'Spiritual Maturity']
         SUGGEST: ['Revelation and Spiritual Vision', 'Discipline and Self-Denial'] — The document emphasizes revelation as essential for understanding Scripture and 
[ 533/634 ] Derek Prince — Four Truths for Life → ['Faith', 'Friendship', 'Community and Fellowship']
         SUGGEST: ['Faithfulness', 'Loyalty'] — The document contains extensive theological discussion of faith reframed as loya
[ 534/634 ] Derek Prince — Do You Realize How Valuable You Are? → ['Identity in Christ', 'Character Formation', 'Humility']
         SUGGEST: ['Self-Worth and Value in God', 'Pride and Its Dangers'] — The document's central theme is understanding one's value and dignity in God's s
[ 535/634 ] Derek Prince — What It Means To Be A Man Of God → ['Scripture and Authority', 'Foundations of Christian Doctrine', 'Character Formation']
         SUGGEST: ['Biblical Gender and Sexuality', 'Hermeneutical Abuse and False Doctrine'] — The document addresses two significant theological topics not represented in the
[ 536/634 ] Derek Prince — Father God → ['Deep Intimacy with God', 'Knowing God', 'Spiritual Sonship', 'Encounter with God']
         SUGGEST: ['Father God / Fatherhood of God', 'Experiential Knowledge of God'] — The document's central theme is the distinction between doctrinal knowledge of G
[ 537/634 ] Derek Prince — Why Israel? → ['Israel and the Church', 'Biblical Exposition', 'Interpreting Scripture']
         SUGGEST: ['Jewish Identity of Jesus', "God's Covenant with Israel"] — The document emphasizes Jesus's eternal identification as 'the Lion of the tribe
[ 538/634 ] Derek Prince — Glimpses Of The End → ['End Times', 'Eschatology', 'Faith for Healing', 'Overcoming Sin', 'Spiritual Warfare', 'Culture of Honor']
         SUGGEST: ["Declaring God's Word", 'Proclamation and Confession'] — The document centers on a powerful proclamation exercise using Psalm 118:17 as a
[ 539/634 ] Derek Prince — Orphans, Widows, the Poor and Oppressed → ['Biblical Exposition', 'Kingdom of God']
         SUGGEST: ['Social Justice and Compassion', 'Practical Righteousness and Works'] — The document's central theological focus is on righteousness as demonstrated thr
[ 540/634 ] Derek Prince — The Lord’s Treasure - The Fear of the Lord → ['How to Study the Bible', 'Holiness', 'Spiritual Disciplines']
         SUGGEST: ['Reverence and Fear of God', "Satan's Schemes and Deception"] — The document's central theme is 'The Fear of the Lord' as a spiritual treasure a
[ 541/634 ] Derek Prince — Overcoming Guilt, Shame and Rejection → ['Encounter with God', 'The Cross', 'Healing Testimony', 'Faith for Healing']
         SUGGEST: ['Overcoming Rejection', 'Overcoming Shame and Guilt', 'Personal Encounter Testimony'] — The document's central theme is 'Overcoming Guilt, Shame and Rejection' - this i
[ 542/634 ] Derek Prince — Being A Servant → ['Servant Leadership', 'Character Formation', 'Identity in Christ']
         SUGGEST: ['Humility', 'Dying to Self'] — The document heavily emphasizes humility as a core spiritual virtue and the nece
[ 543/634 ] Derek Prince — The Resurrection → ['Resurrection', 'Biblical Exposition', 'Salvation', 'Foundations of Christian Doctrine']
         SUGGEST: ['Second Coming', 'Eschatology'] — The document extensively discusses the three phases of resurrection (Jesus as fi
[ 544/634 ] Derek Prince — War In Heaven → ['Spiritual Warfare', 'Principalities and Powers', 'Character Formation', 'Integrity in Leadership']
         SUGGEST: ['Pride and Humility', 'Rebellion Against God'] — The document extensively explores the origin and nature of Satan's rebellion thr
[ 545/634 ] Derek Prince — War on Earth → ['Deliverance Ministry', 'Spiritual Warfare', 'Healing Ministry']
         SUGGEST: ['Demonic Possession and Demonization', 'Authority Over Demons'] — The document extensively discusses the theological distinction between 'demon-po
[ 546/634 ] Derek Prince — Commanded to Love → ['Community and Fellowship', 'Gospel', 'Great Commission', 'Lordship of Christ']
         SUGGEST: ['Obedience', 'Witness and Testimony'] — The document emphasizes obedience as a central theme—Jesus's command to love is 
[ 547/634 ] Derek Prince — Prophecy - God’s Time Map → ['Prophecy', 'Eschatology', 'End Times', "God's Will and Guidance", 'Biblical Exposition']
         SUGGEST: ['Personal Testimony and Witness', 'Interpretation of Scripture'] — The document heavily emphasizes Derek Prince's personal testimony from WWII Nort
[ 548/634 ] John Bevere — Don’t Fall For This Trick. → ['Biblical Exposition', 'Eschatology', 'Perseverance', 'Lordship of Christ', 'Discerning Times and Seasons']
         SUGGEST: ['Testing and Trials of Faith', 'Authority and the Keys of the Kingdom'] — The document centrally addresses two important theological themes not adequately
[ 549/634 ] John Bevere — How to Know If You're a TRUE Child of God → ['Biblical Exposition', 'Character Formation', 'Discipleship', 'Eschatology']
         SUGGEST: ["God's Discipline and Correction", 'Conditional Sonship and Legitimacy'] — The document's central theological theme is God's discipline of believers as evi
[ 550/634 ] John Bevere — How to Know If You’re Actually Lukewarm → ['Character Formation', 'Integrity in Leadership', 'Holiness', 'Repentance']
         SUGGEST: ['Hypocrisy and Self-Deception', 'Pastoral Vulnerability and Authenticity'] — The document's central theme is the danger of self-deception and hypocrisy—parti
[ 551/634 ] John Bevere — The Brain Block That’s Killing Your Prayer Life → ['Power of Prayer', "Hearing God's Voice", 'Intimacy with God', 'Spiritual Disciplines']
         SUGGEST: ['Attention and Presence with God', "Distraction and Technology's Impact on Prayer"] — The document emphasizes a critical and underexplored theological concern: the ro
[ 552/634 ] John Bevere — The Devil's Latest Plan Is Digital. → ['Overcoming Offense', 'Forgiveness and Reconciliation', 'Spiritual Warfare']
         SUGGEST: ['Social Media and Faith', 'Spiritual Blindness'] — The document emphasizes how social media, algorithms, and media manipulation are
[ 553/634 ] John Bevere — The Greatest Lie About Christianity in America → ['Biblical Exposition', 'End Times', 'Holiness', 'Repentance']
         SUGGEST: ['Courage and Boldness in Witness', 'Spiritual Complacency and Lukewarmness'] — The document emphasizes the urgent call for believers to boldly proclaim truth w
[ 554/634 ] John Bevere — We Need to Talk About This → ['Overcoming Offense', 'Character Formation', 'Purpose and Calling', 'Unity in the Church']
         SUGGEST: ['Courage and Conviction', 'Speaking Truth in Love', 'Political Engagement and Faith'] — The document emphasizes courageous conviction rooted in the fear of God (not fea
[ 555/634 ] John Bevere — What Happens RIGHT Before The Anti-Christ Shows Up → ['Spiritual Warfare', 'End Times', 'Overcoming Sin', 'Scripture and Authority']
         SUGGEST: ['Apostasy and Falling Away', "Satan's Schemes and Deception"] — The document's central focus is on the 'secret power of lawlessness' and the fal
[ 556/634 ] John Bevere — Why Some Christians Will Miss the Rapture → ['Discerning Times and Seasons', 'End Times', 'Eschatology', 'Spiritual Warfare']
         SUGGEST: ['Deception and False Teaching', 'Spiritual Complacency and Lukewarmness'] — The document extensively addresses two critical theological themes not captured 
[ 557/634 ] Derek Prince — How To Be A Father → SKIPPED (no valid tags)
[ 558/634 ] John Bevere — Experience God's Awe → ['Biblical Exposition', 'Discipleship', 'Anointing', 'Character Formation', 'Holiness']
         SUGGEST: ['Fear of the Lord', 'Righteousness and Sin'] — The document centers heavily on the theological concept of 'fear of the Lord' as
[ 559/634 ] John Bevere — God Has Made Your Calling beyond Your Natural Abil → ['Grace', 'Dependence on God', 'Spiritual Growth']
         SUGGEST: ['Faith', 'Sanctification'] — The document emphasizes FAITH as a critical mechanism for accessing God's grace 
[ 560/634 ] John Bevere — How to Know If You’re Following the Real Jesus → ['Gospel', 'Scripture and Authority', 'Interpreting Scripture', 'End Times']
         SUGGEST: ['Deception and False Doctrine', 'Obedience and Discipleship'] — The document's central theme is distinguishing the true Jesus from false/counter
[ 561/634 ] John Bevere — How to Maintain a Clear Conscience → ["Hearing God's Voice", 'New Covenant', 'Sanctification']
         SUGGEST: ['Conscience and Obedience', 'Sensitivity to the Holy Spirit'] — The document's central theme is protecting one's conscience as the critical cond
[ 562/634 ] John Bevere — It's Never Too Late → ['Recognizing Your Ministry Gift', 'Purpose and Calling', 'Biblical Stewardship', 'Activating Spiritual Gifts']
         SUGGEST: ['Stewardship of Talents and Resources', 'Motivation and Intention in Ministry'] — While the document is tagged with 'Biblical Stewardship,' the teaching goes sign
[ 563/634 ] John Bevere — Obey Even If It’s Painful → ['Scripture and Authority', 'Character Formation', 'Lordship of Christ']
         SUGGEST: ['Obedience to God', 'Persecution and Faithfulness'] — The document centers on two major theological themes not adequately represented 
[ 564/634 ] John Bevere — Obey God to Completion → ['Character Formation', 'Spiritual Maturity', "God's Will and Guidance", 'Lordship of Christ']
         SUGGEST: ['Obedience to God', 'Fear of the Lord'] — The document's central themes are complete obedience to God and reverence/fear o
[ 565/634 ] John Bevere — Pursue Jesus as Much as He Pursues You → ['Deep Intimacy with God', 'Knowing God', 'Seeking God', 'Spiritual Warfare', "God's Will and Guidance"]
         SUGGEST: ['Fear of the Lord', "God's Character and Nature"] — The document centers on the fear of the Lord as foundational to knowing God inti
[ 566/634 ] John Bevere — The Power of Your Yes → ['Character Formation', 'Biblical Exposition', "Hearing God's Voice", 'Spiritual Maturity']
         SUGGEST: ['Obedience to God', 'Fear of the Lord'] — The document centers on two core theological themes that are not adequately capt
[ 567/634 ] John Bevere — Addressing the Tolerance of Unholy Behavior in You → ['Character Formation', 'Overcoming Sin', 'Holiness']
         SUGGEST: ['Fear of God', 'Entitlement and Pride'] — The document's central theme is the danger of entitlement in Christian leadershi
[ 568/634 ] John Bevere — Breaking the Chains: Stop Tolerating Sin Today → ['Overcoming Sin', 'Moral Failure and Restoration', 'Character Formation', 'Repentance', 'Lordship of Christ']
         SUGGEST: ['Fear of God', 'Wisdom and Discernment'] — The document centers heavily on the fear of God as a critical spiritual force th
[ 569/634 ] John Bevere — Come Close to God, and He Will Come Close to You → ['Deep Intimacy with God', 'Knowing God']
         SUGGEST: ['Fear of God', 'Obedience'] — The document centers on the concept of 'holy fear' as the distinguishing factor 
[ 570/634 ] John Bevere — Desire and Power: A Journey to Intimacy with God → ['Grace', 'Spiritual Growth', 'Sanctification']
         SUGGEST: ['Fear of the Lord', "God's Power and Enablement"] — The document's central theological focus is on the relationship between the fear
[ 571/634 ] John Bevere — Discover the Secret to Experiencing God's Presence → ["God's Presence", 'Intimacy with God', 'Holiness']
         SUGGEST: ['Fear of God', 'Reverence and Awe'] — The document emphasizes 'holy fear,' 'reverence,' and 'awe' as essential prerequ
[ 572/634 ] John Bevere — Discover the True Desires of Your Heart → ['Character Formation', 'Biblical Exposition', 'Integrity in Leadership']
         SUGGEST: ['Fear of God', 'Hypocrisy and Deception'] — The document centers on Jesus's teaching about hypocrisy (Luke 12:1-2) as a prim
[ 573/634 ] John Bevere — Discover Your True Value to God → ['Identity in Christ', 'Knowing God', 'Redemption']
         SUGGEST: ['Self-Worth and Identity', "God's Love and Affection"] — The document's central theme explores an individual's intrinsic value and worth 
[ 574/634 ] John Bevere — Do You Want to Be Close to Jesus? → ['Deep Intimacy with God', 'Friendship', 'Character Formation']
         SUGGEST: ['Holy Fear of God', 'Trustworthiness and Faithfulness'] — The document emphasizes 'holy fear' as a central theological concept—God maintai
[ 575/634 ] John Bevere — Embrace Your Unique Talents and Flourish → ['Recognizing Your Ministry Gift', 'Activating Spiritual Gifts', 'Character Formation']
         SUGGEST: ['Calling and Destiny', "Timing and God's Season"] — The document extensively explores two themes not adequately represented in curre
[ 576/634 ] John Bevere — Escaping the TRAP of "Casual Christianity" → ['Discipleship', 'Renewing the Mind', 'Spiritual Growth', 'Perseverance']
         SUGGEST: ['Moral Failure and Restoration', 'Witness and Example', 'Opposition and Persecution'] — The document emphasizes resisting worldly pressure and maintaining Christian wit
[ 577/634 ] John Bevere — Evidence That Someone Is in Relationship with Jesu → ['Intimacy with God', 'Foundations of Christian Doctrine', 'New Creation']
         SUGGEST: ['Obedience and Submission to God', 'Fear of God'] — The document centrally addresses the fear of God (reverential awe and terror of 
[ 578/634 ] John Bevere — Getting Wisdom Is the Best Thing We Can Do → ['Biblical Exposition', 'Overcoming Temptation', 'Spiritual Maturity']
         SUGGEST: ['Fear of God', 'Wisdom and Divine Knowledge'] — The document centers fundamentally on the fear of the Lord as the foundation and
[ 579/634 ] John Bevere — God’s Approval or Man’s Approval: The Ultimate Cho → ['Character Formation', 'Lordship of Christ', 'Holiness', 'Servant Leadership']
         SUGGEST: ['Fear of God', 'Motives and Intentions'] — The document centers on the fear of God as the foundational motivation that over
[ 580/634 ] John Bevere — Hidden from Parents, Not from God → ['Early Church', "God's Presence", 'Repentance']
         SUGGEST: ['Fear of the Lord', 'Motives and Integrity'] — The document centers heavily on the fear of the Lord as a spiritual discipline t
[ 581/634 ] John Bevere — How Are You Interpreting Scripture? → ['Faith', "God's Will and Guidance", 'Power of Prayer', 'Spiritual Warfare']
         SUGGEST: ["Appropriating God's Promises", 'Authority in Prayer and Declaration'] — The document emphasizes two critical theological concepts not well-represented i
[ 582/634 ] John Bevere — How to Discover Your Supernatural Gifts → ['Gifts of the Spirit', 'Building the Church', 'Activating Spiritual Gifts', 'Spiritual Authority']
         SUGGEST: ['Purpose and Calling', 'Recognizing Your Destiny in Your Workplace'] — The document heavily emphasizes how God has given each person a specific calling
[ 583/634 ] John Bevere — How to Embrace Biblical Stewardship for a Fulfilli → ['Biblical Stewardship', 'Gifts of the Spirit', 'Accountability in Ministry', 'Purpose and Calling']
         SUGGEST: ['Stewardship and Responsibility', 'Obedience and Accountability'] — While 'Biblical Stewardship' is assigned, the document goes significantly deeper
[ 584/634 ] John Bevere — I Didn’t Want to Talk About This… → ['End Times', 'Eschatology', 'Spiritual Warfare', 'Biblical Typology and Symbolism']
         SUGGEST: ['Nephilim and Giants', 'Demonic Deception and Delusion'] — The document extensively discusses the Nephilim and giants as central theologica
[ 585/634 ] John Bevere — In What Areas of Life Do You Battle Fear? → ['Spiritual Authority', 'Trusting God in Hardship', 'End Times', 'Lordship of Christ']
         SUGGEST: ['Fear of God', "Submission to God's Authority"] — The document centers heavily on the 'Fear of the Lord' as a central theological 
[ 586/634 ] John Bevere — Indicators of Your Calling → ['Recognizing Your Ministry Gift', 'Discovering Your Destiny', 'Spiritual Fathers and Mothers', 'Seeking God']
         SUGGEST: ['Activating Spiritual Gifts', 'Parental Influence and Calling'] — The document heavily emphasizes the practical activation and development of spir
[ 587/634 ] John Bevere — Is God's Will Really Your First Priority? → ["God's Will and Guidance", 'Biblical Exposition', 'Lordship of Christ']
         SUGGEST: ['Obedience to God', 'Cost of Discipleship'] — The document's central theme is the critical distinction between being 'called' 
[ 588/634 ] John Bevere — Jesus: The Greatest of All Time → ['Knowing God', 'Character Formation', 'Parenting']
         SUGGEST: ['Awe of God', 'Worldly Values vs Kingdom Priorities'] — The document's central theme is cultivating reverence and awe of God by understa
[ 589/634 ] John Bevere — Living a Life of Fear and Trembling → ['Spiritual Maturity', 'Intimacy with God', 'Discipleship']
         SUGGEST: ['Fear of the Lord', 'Transactional vs. Transformational Relationship with God'] — The document's central theological focus is on how believers craft their relatio
[ 590/634 ] John Bevere — Millions of Christians Are LEAVING Their Faith! Wh → ['Discipleship', 'Great Commission', 'How to Study the Bible', 'Spiritual Growth', 'Word of God']
         SUGGEST: ['Biblical Literacy and Bible Reading', 'Apostasy and Falling Away'] — The document's central concern is the alarming statistic that 30 million America
[ 591/634 ] John Bevere — Multiply the Gifts in Your Life with John Bevere → ['Gifts of the Spirit', 'Recognizing Your Ministry Gift', 'Releasing Your Potential', 'Spiritual Growth', 'Grace']
         SUGGEST: ['Empowerment Through Grace', 'Spiritual Authority and Power'] — The document's central theological emphasis is on grace as divine empowerment (n
[ 592/634 ] John Bevere — One Aspect of Living Well Is Finishing Well → ['Encounter with God', 'Perseverance', 'Character in Leadership', 'Moral Failure and Restoration', "Hearing God's Voice"]
         SUGGEST: ['Fear of the Lord', 'Finishing Well'] — The document centers on two major theological themes that are not adequately rep
[ 593/634 ] John Bevere — Only ONE Thing Will Keep You Ready for His Return → ['Second Coming', 'Sanctification', 'Baptism in the Holy Spirit', 'Spirit-Filled Life', 'Spiritual Maturity', 'Character Formation']
         SUGGEST: ['Obedience to God', 'Readiness and Preparedness'] — The document emphasizes two major theological themes not adequately covered by e
[ 594/634 ] John Bevere — Realizing How Awesome God Is → ['Encounter with God', "God's Presence", 'Knowing God']
         SUGGEST: ['Majesty and Holiness of God', 'Reverence and Fear of God'] — The document's central theological focus is on God's awesome majesty, holiness, 
[ 595/634 ] John Bevere — Successful Living → ['Biblical Exposition', 'Character Formation', 'Spiritual Growth', 'Divine Favor', 'Financial Wisdom']
         SUGGEST: ['Humility', 'Proverbs and Wisdom Literature'] — The document centers on Proverbs 22:4 and its three promises (riches, honor, lon
[ 596/634 ] John Bevere — Take Your Mind Back! (and here's how) → ['Seasons of Wilderness', 'Character Formation', 'Great Commission', 'Discipleship', 'Spiritual Growth', 'Leadership Development']
         SUGGEST: ['Fatherhood', 'Spiritual Authority'] — The document centers on the speaker's personal testimony of developing a 'dad he
[ 597/634 ] John Bevere — The DANGER of Neglecting Your Gifts → ['Biblical Stewardship', 'Gifts of the Spirit', 'Recognizing Your Ministry Gift', 'Spiritual Maturity']
         SUGGEST: ['Accountability in Ministry'] — The document extensively emphasizes the concept of stewardship as accountability
[ 598/634 ] John Bevere — The End of The World Won’t Look How You Think It W → ['End Times', 'Eschatology', 'Discerning Times and Seasons', 'Second Coming']
         SUGGEST: ['Spiritual Deception and False Peace', 'Signs of the Times'] — The document extensively explores how spiritual deception will characterize the 
[ 599/634 ] John Bevere — The End Times Timeline Nobody Taught You → ['Eschatology', 'Second Coming', 'Discerning Times and Seasons', 'Spiritual Maturity']
         SUGGEST: ["Readiness for Christ's Return", 'Christian Responsibility and Accountability'] — The document emphasizes that believers must actively prepare themselves and live
[ 600/634 ] John Bevere — The Fear of the Lord Is My Treasure → ['Manifestations of the Spirit', 'Fruit of the Spirit', 'Baptism in the Holy Spirit']
         SUGGEST: ['Fear of God', 'Blessings and Promises'] — The document's central theme is the fear of God as a manifestation of the Holy S
[ 601/634 ] John Bevere — The Greatest Compliment a Human Can Receive → ['Deep Intimacy with God', 'Friendship', 'Abiding in Christ', 'Knowing God']
         SUGGEST: ['Obedience', "God's Presence"] — The document emphasizes obedience as a foundational element for building trust a
[ 602/634 ] John Bevere — The Keys to Finishing Well in Life → ['Faith', 'Word of God', "God's Will and Guidance"]
         SUGGEST: ["Declaring God's Word", 'Appropriating Promises of God'] — The document emphasizes two major theological themes not currently represented: 
[ 603/634 ] John Bevere — The Lie You’ve Been Sold About Prosperity. → ['Financial Wisdom', 'Purpose and Calling', 'Moral Failure and Restoration']
         SUGGEST: ['Prosperity Gospel', 'Spiritual Calling and Obedience'] — The document centrally addresses the theology and controversy surrounding the pr
[ 604/634 ] John Bevere — The Most Powerful Scripture for Believers → ['Grace', 'Purpose and Calling', 'Spiritual Growth']
         SUGGEST: ['Faith and Works', 'Manifestation of Grace'] — The document's central theological argument—that grace encompasses not just salv
[ 605/634 ] John Bevere — The One Thing That Cuts You Off From Hearing God → ['Abiding in Christ', "Hearing God's Voice", 'Yielding to the Holy Spirit', 'Spirit-Filled Life']
         SUGGEST: ['Testing and Discernment of the Spirit', 'Resistance to the Holy Spirit'] — The document emphasizes two important theological themes not captured by existin
[ 606/634 ] John Bevere — The Paradox of Faith: Fear and Obedience to God → ["God's Will and Guidance", 'Faith', 'Biblical Exposition', "Hearing God's Voice", 'Scripture and Authority']
         SUGGEST: ['Obedience to God', "God's Wisdom vs Human Reason"] — The document's central theme is the tension between obeying God's commands that 
[ 607/634 ] John Bevere — The Power of Developing Your Gift with John Bevere → ['Recognizing Your Ministry Gift', 'Activating Spiritual Gifts', 'Spiritual Disciplines', 'Spiritual Growth']
         SUGGEST: ['Deliberate Practice and Mastery', 'Excellence and Diligence'] — The document emphasizes the critical importance of intentional, deliberate pract
[ 608/634 ] John Bevere — The Process of Sanctification → ['Sanctification', 'Holiness', 'Justification', 'Character Formation']
         SUGGEST: ['Fear of God', 'Behavioral Change and Obedience'] — The document emphasizes the fear of God as central to sanctification and behavio
[ 609/634 ] John Bevere — The Secret to Elevating Your Thoughts, Intentions, → ['Holiness', 'Sanctification', 'Overcoming Sin', 'Knowing God', 'Repentance']
         SUGGEST: ['Fear of God', "God's Presence"] — The document heavily emphasizes 'fear of the Lord' as central to pursuing holine
[ 610/634 ] John Bevere — The SECRET to Knowing Jesus Deeper → ['Grace', 'Spiritual Growth', 'Intimacy with God', 'Knowing God']
         SUGGEST: ['Deepening Faith', 'Maturity in Christ'] — The document's central theme is the progression from initial salvation to deepen
[ 611/634 ] John Bevere — The Ultimate Test: Can You Obey Regardless of Circ → ['Walking in the Spirit', "God's Will and Guidance", 'Overcoming Temptation', 'Faith', 'Spiritual Maturity']
         SUGGEST: ['Obedience to God', "God's Presence and Absence"] — The document centers on obedience to God's word as a core theological theme, emp
[ 612/634 ] John Bevere — This Is What Happens If You Don’t Fear the Lord → ["God's Presence", 'Holiness', 'Biblical Exposition']
         SUGGEST: ['Fear of the Lord', 'Divine Judgment'] — The document heavily emphasizes the fear of the Lord as a critical spiritual res
[ 613/634 ] John Bevere — Understanding Life's True Value → ['Eschatology', 'Spiritual Maturity', 'Biblical Exposition']
         SUGGEST: ['Eternal Rewards', 'Judgment Seat of Christ'] — The document's central theological focus is on eternal rewards and the believer'
[ 614/634 ] John Bevere — Unforgettable Encounter with God: Frozen in Awe → ["God's Presence", 'Encounter with God', 'Intimacy with God']
         SUGGEST: ['Fear of God', 'Reverence and Awe'] — The document centers heavily on the concept of 'holy fear' and 'reverence' as pr
[ 615/634 ] John Bevere — Unmasking Deception: The Key to Living in Truth → ['Identity in Christ', 'Character Formation', 'Integrity in Leadership', 'Lordship of Christ', 'Renewing the Mind']
         SUGGEST: ['Authenticity and Hypocrisy', 'Fear of the Lord'] — The document's central theme revolves around the tension between authentic livin
[ 616/634 ] John Bevere — What A Fallen Pastor Taught Me About Fame and Infl → ['Spiritual Growth', 'Apostolic Ministry', 'Fivefold Ministry', 'Character in Leadership', 'Biblical Exposition']
         SUGGEST: ['Moral Failure and Restoration', 'Spiritual Hunger'] — The document discusses a pastor who fell morally despite having massive platform
[ 617/634 ] John Bevere — What Do You Want Your Legacy to Be? → ['Biblical Stewardship', 'Character Formation', 'Integrity in Leadership']
         SUGGEST: ['Accountability at the Judgment Seat', 'Motives and Heart Attitudes'] — The document's central theme is accountability before God's judgment seat and th
[ 618/634 ] John Bevere — What You Do Now Impacts Your Children → ['Generational Blessing', 'Spiritual Disciplines', 'Family Prayer']
         SUGGEST: ['Generational Curses', 'Fear of the Lord'] — The document extensively contrasts generational blessing with generational curse
[ 619/634 ] John Bevere — Why Does God HATE Sin? Watch This. → ['Anointing', 'Sanctification', 'Character Formation', 'Spiritual Maturity']
         SUGGEST: ['Obedience to God', 'Hating Sin'] — The document's central theological emphasis is on the critical connection betwee
[ 620/634 ] John Bevere — Why You Are Not Experiencing the Presence of God → ["God's Presence", 'Holiness', 'Encounter with God', 'Sanctification']
         SUGGEST: ['Apostasy and Falling Away', 'Renewing the Mind'] — The document addresses two significant theological themes not currently captured
[ 621/634 ] John Bevere — Why You Can't Stop Sinning (and how to stop) → ['Grace', 'Dependence on God', 'Biblical Exposition']
         SUGGEST: ['Empowerment Through Grace', 'Faith and Belief'] — The document's central theme is that Grace is fundamentally God's empowering pow
[ 622/634 ] John Bevere — Would You like to Be a Friend of God? → ['Deep Intimacy with God', 'Friendship', 'Knowing God']
         SUGGEST: ['Fear of God', 'Obedience'] — The document heavily emphasizes the fear of God as the foundational prerequisite
[ 623/634 ] John Bevere — You’ll Wish Someone Told You This Sooner... → ['Forgiveness and Reconciliation', 'Overcoming Offense', 'Spiritual Warfare', 'Sanctification']
         SUGGEST: ['Sin and Repentance', "God's Character and Nature"] — The document heavily emphasizes the seriousness of specific sins (unforgiveness,
[ 624/634 ] John Bevere — You’re Being Set Up... → ['Overcoming Offense', 'Character Formation', 'Submission in Marriage', 'Spiritual Authority']
         SUGGEST: ["Unjust Suffering and God's Sovereignty", 'Responding to Unfair Treatment'] — The document's core theological concern is how believers should respond when tre
[ 625/634 ] Jack Deere — Being Filled with the Spirit → ['Baptism in the Holy Spirit', 'Cessationism vs Continuationism', 'Biblical Hermeneutics', 'Gifts of the Spirit', 'Healing Ministry', 'Spirit-Filled Life']
         SUGGEST: ['Sanctification', 'Spiritual Maturity'] — The document extensively discusses the nature of spiritual growth and Christian 
[ 626/634 ] Michael Brown — Dr. Brown Responds to Phil Johnson's Strange Fire  → ['Cessationism vs Continuationism', 'Charismatic Renewal', 'History of Revival', 'Pitfalls of the Prophetic']
         SUGGEST: ['Discernment and False Prophecy', 'Brownsville Revival'] — The document extensively discusses the tension between evaluating genuine moves 
[ 627/634 ] Jack Deere — Dr Jack Deere Shares About Encountering the Power, → ['Healing Testimony', 'Overcoming Rejection', 'Emotional Healing', 'Finding Purpose in Pain']
         SUGGEST: ['Encounter with God', 'Salvation'] — The document contains two significant theological themes not adequately represen
[ 628/634 ] Jack Deere — Healing and Prophecy: An Interview with Jack Deere → ['Healing Ministry', 'Divine Healing', 'Gifts of Healing', 'Cessationism vs Continuationism', "Hearing God's Voice", 'Spiritual Fathers and Mothers']
         SUGGEST: ['Trauma and Healing', 'Fatherhood Wound and Redemption'] — The document centers on the speaker's personal journey of healing from severe ch
[ 629/634 ] Jack Deere — Jack Deere -- Hearing God's Voice → ['Personal Prophecy', 'Healing Ministry', 'Word of Knowledge', 'Prophetic Dreams and Visions']
         SUGGEST: ['Testing Prophecy', 'Encounter with God'] — The document contains significant discussion of how to evaluate and validate pro
[ 630/634 ] Jack Deere — Jack Deere -- Responding to Common Questions About → ['Divine Healing', 'Faith', 'Healing Ministry']
         SUGGEST: ["When Healing Doesn't Come", 'Trusting God Through Illness'] — The document extensively addresses the tension between praying for miraculous he
[ 631/634 ] Jack Deere — Jack Deere -- Why God Heals → ['Eschatology', 'End Times', 'Spiritual Warfare', 'Purity and Sexuality']
         SUGGEST: ['Cultural Decline and Moral Decay', 'Demonic Influence in Culture'] — The document heavily emphasizes the deterioration of cultural morality over 60 y
[ 632/634 ] Jack Deere — Prophecy and Healing - Dr Jack Deere → ['Divine Healing', 'Faith', 'Theology of Healing', 'Cessationism vs Continuationism', 'Biblical Exposition']
         SUGGEST: ['Suffering and Sovereignty', 'Trusting God Through Illness'] — The document extensively addresses the theological tension between divine healin
[ 633/634 ] Jack Deere — Q&A with Jack Deere and Michael Miller → ['Word of Knowledge', 'Healing Ministry', 'Intercessory Prayer']
         SUGGEST: ['Remote Prayer', 'Prayer for the Absent'] — The document contains a substantive discussion about praying for people who are 
[ 634/634 ] Michael Brown — What is the baptism of the Holy Spirit (with Dr. M → ['Baptism in the Holy Spirit', 'Gifts of the Spirit', 'Spirit-Filled Life']

================================================================
SUMMARY
================================================================
  Total processed: 634
  Updated:         633
  Skipped:         1
  Failed:          0
  Suggestions:     632
  Suggestions file: /Users/alexwhitley/Desktop/rhemata/sources/tag_suggestions.jsonl
