========================================
  Step 1/4: Scrape YouTube transcripts
========================================
/Users/alexwhitley/Library/Python/3.9/lib/python/site-packages/urllib3/__init__.py:35: NotOpenSSLWarning: urllib3 v2 only supports OpenSSL 1.1.1+, currently the 'ssl' module is compiled with 'LibreSSL 2.8.3'. See: https://github.com/urllib3/urllib3/issues/3020
  warnings.warn(
/Users/alexwhitley/Library/Python/3.9/lib/python/site-packages/whisper/transcribe.py:126: UserWarning: FP16 is not supported on CPU; using FP32 instead
  warnings.warn("FP16 is not supported on CPU; using FP32 instead")
/Users/alexwhitley/Library/Python/3.9/lib/python/site-packages/whisper/transcribe.py:126: UserWarning: FP16 is not supported on CPU; using FP32 instead
  warnings.warn("FP16 is not supported on CPU; using FP32 instead")
/Users/alexwhitley/Library/Python/3.9/lib/python/site-packages/whisper/transcribe.py:126: UserWarning: FP16 is not supported on CPU; using FP32 instead
  warnings.warn("FP16 is not supported on CPU; using FP32 instead")
/Users/alexwhitley/Library/Python/3.9/lib/python/site-packages/whisper/transcribe.py:126: UserWarning: FP16 is not supported on CPU; using FP32 instead
  warnings.warn("FP16 is not supported on CPU; using FP32 instead")
/Users/alexwhitley/Library/Python/3.9/lib/python/site-packages/whisper/transcribe.py:126: UserWarning: FP16 is not supported on CPU; using FP32 instead
  warnings.warn("FP16 is not supported on CPU; using FP32 instead")
/Users/alexwhitley/Library/Python/3.9/lib/python/site-packages/whisper/transcribe.py:126: UserWarning: FP16 is not supported on CPU; using FP32 instead
  warnings.warn("FP16 is not supported on CPU; using FP32 instead")
/Users/alexwhitley/Library/Python/3.9/lib/python/site-packages/whisper/transcribe.py:126: UserWarning: FP16 is not supported on CPU; using FP32 instead
  warnings.warn("FP16 is not supported on CPU; using FP32 instead")
/Users/alexwhitley/Library/Python/3.9/lib/python/site-packages/whisper/transcribe.py:126: UserWarning: FP16 is not supported on CPU; using FP32 instead
  warnings.warn("FP16 is not supported on CPU; using FP32 instead")
/Users/alexwhitley/Library/Python/3.9/lib/python/site-packages/whisper/transcribe.py:126: UserWarning: FP16 is not supported on CPU; using FP32 instead
  warnings.warn("FP16 is not supported on CPU; using FP32 instead")
/Users/alexwhitley/Library/Python/3.9/lib/python/site-packages/whisper/transcribe.py:126: UserWarning: FP16 is not supported on CPU; using FP32 instead
  warnings.warn("FP16 is not supported on CPU; using FP32 instead")
Loading Whisper model 'base'...
Whisper:  base model loaded
yt-dlp:   /Users/alexwhitley/Library/Python/3.9/bin/yt-dlp
Cookies:  /Users/alexwhitley/Desktop/rhemata/scripts/youtube_cookies.txt ✓
Output:   /Users/alexwhitley/Desktop/rhemata/sources/youtube/raw
Tracker:  /Users/alexwhitley/Desktop/rhemata/sources/youtube/youtube_tracker.xlsx

1 active channel(s) | 125 already scraped | max transcripts: 10

════════════════════════════════════════════════════════════════
  John Bevere TV (@johnbeveretv)
  390 video(s) in playlist

  ⏭  Is God Promoting You? (or are you promoting yourself?) — title filtered
  ⏭  Promotion Comes When You Do THIS — title filtered
  → Unmasking Deception: The Key to Living in Truth [0/10 saved]
     Downloading audio...
     Transcribing with Whisper...
     ✓  NA_johnbeveretv_unmasking_deception_the_key_to_living_in_truth.txt (667 words)
  → Discover the True Desires of Your Heart [1/10 saved]
     Downloading audio...
     Transcribing with Whisper...
     ✓  NA_johnbeveretv_discover_the_true_desires_of_your_heart.txt (761 words)
  → Living a Life of Fear and Trembling [2/10 saved]
     Downloading audio...
     Transcribing with Whisper...
     ✓  NA_johnbeveretv_living_a_life_of_fear_and_trembling.txt (750 words)
  → Hidden from Parents, Not from God [3/10 saved]
     Downloading audio...
     Transcribing with Whisper...
     ✓  NA_johnbeveretv_hidden_from_parents_not_from_god.txt (778 words)
  → This Is What Happens If You Don’t Fear the Lord [4/10 saved]
     Downloading audio...
     Transcribing with Whisper...
     ✓  NA_johnbeveretv_this_is_what_happens_if_you_dont_fear_the_lord.txt (776 words)
  → Discover Your True Value to God [5/10 saved]
     Downloading audio...
     Transcribing with Whisper...
     ✓  NA_johnbeveretv_discover_your_true_value_to_god.txt (787 words)
  → Realizing How Awesome God Is [6/10 saved]
     Downloading audio...
     Transcribing with Whisper...
     ✓  NA_johnbeveretv_realizing_how_awesome_god_is.txt (908 words)
  → Jesus: The Greatest of All Time [7/10 saved]
     Downloading audio...
     Transcribing with Whisper...
     ✓  NA_johnbeveretv_jesus_the_greatest_of_all_time.txt (962 words)
  → Unforgettable Encounter with God: Frozen in Awe [8/10 saved]
     Downloading audio...
     Transcribing with Whisper...
     ✓  NA_johnbeveretv_unforgettable_encounter_with_god_frozen_in_awe.txt (612 words)
  → Discover the Secret to Experiencing God's Presence [9/10 saved]
     Downloading audio...
     Transcribing with Whisper...
     ✓  NA_johnbeveretv_discover_the_secret_to_experiencing_gods_presence.txt (575 words)

  Reached 10 transcripts — stopping.

════════════════════════════════════════════════════════════════
Done.
  ✓ New transcripts   : 10
  ⏭  Skipped          : 127
  ⏭  Already in DB    : 0
  ✗ Errors            : 0
  Output: /Users/alexwhitley/Desktop/rhemata/sources/youtube/raw

========================================
  Step 2/4: Clean transcripts via Groq
========================================
Found 10 file(s) to process.

File                                                 Original    Cleaned  Reduction
------------------------------------------------------------------------------------
NA_johnbeveretv_discover_the_secret_to_experiencing_gods_presence.txt        575        518      -9.9%
NA_johnbeveretv_discover_the_true_desires_of_your_heart.txt        761        617     -18.9%
NA_johnbeveretv_discover_your_true_value_to_god.txt        787        748      -5.0%
NA_johnbeveretv_hidden_from_parents_not_from_god.txt        778        650     -16.5%
NA_johnbeveretv_jesus_the_greatest_of_all_time.txt        962        960      -0.2%
NA_johnbeveretv_living_a_life_of_fear_and_trembling.txt        750        749      -0.1%
NA_johnbeveretv_realizing_how_awesome_god_is.txt          908        778     -14.3%
NA_johnbeveretv_this_is_what_happens_if_you_dont_fear_the_lord.txt        776        746      -3.9%
NA_johnbeveretv_unforgettable_encounter_with_god_frozen_in_awe.txt        612        612      -0.0%
NA_johnbeveretv_unmasking_deception_the_key_to_living_in_truth.txt        667        528     -20.8%

Done.

========================================
  Step 3/4: Whisper transcribe (no_captions queue)
========================================
/Users/alexwhitley/Library/Python/3.9/lib/python/site-packages/urllib3/__init__.py:35: NotOpenSSLWarning: urllib3 v2 only supports OpenSSL 1.1.1+, currently the 'ssl' module is compiled with 'LibreSSL 2.8.3'. See: https://github.com/urllib3/urllib3/issues/3020
  warnings.warn(
Deprecated Feature: Support for Python version 3.9 has been deprecated. Please update to Python 3.10 or above
[youtube] Extracting URL: https://www.youtube.com/watch?v=4TFt9JkZDT0
[youtube] 4TFt9JkZDT0: Downloading webpage
[youtube] 4TFt9JkZDT0: Downloading tv client config
[youtube] 4TFt9JkZDT0: Downloading tv player API JSON
[youtube] 4TFt9JkZDT0: Downloading web safari player API JSON
WARNING: [youtube] 4TFt9JkZDT0: Some web client https formats have been skipped as they are missing a url. YouTube is forcing SABR streaming for this client. See  https://github.com/yt-dlp/yt-dlp/issues/12482  for more details
[info] 4TFt9JkZDT0: Downloading 1 format(s): 18
[download] Sleeping 5.00 seconds as required by the site...
ERROR: unable to download video data: HTTP Error 403: Forbidden
/Users/alexwhitley/Library/Python/3.9/lib/python/site-packages/urllib3/__init__.py:35: NotOpenSSLWarning: urllib3 v2 only supports OpenSSL 1.1.1+, currently the 'ssl' module is compiled with 'LibreSSL 2.8.3'. See: https://github.com/urllib3/urllib3/issues/3020
  warnings.warn(
Deprecated Feature: Support for Python version 3.9 has been deprecated. Please update to Python 3.10 or above
[youtube] Extracting URL: https://www.youtube.com/watch?v=ZjQGOHgjA7g
[youtube] ZjQGOHgjA7g: Downloading webpage
[youtube] ZjQGOHgjA7g: Downloading tv client config
[youtube] ZjQGOHgjA7g: Downloading tv player API JSON
[youtube] ZjQGOHgjA7g: Downloading web safari player API JSON
WARNING: [youtube] ZjQGOHgjA7g: Some web client https formats have been skipped as they are missing a url. YouTube is forcing SABR streaming for this client. See  https://github.com/yt-dlp/yt-dlp/issues/12482  for more details
[info] ZjQGOHgjA7g: Downloading 1 format(s): 18
[download] Sleeping 5.00 seconds as required by the site...
ERROR: unable to download video data: HTTP Error 403: Forbidden
/Users/alexwhitley/Library/Python/3.9/lib/python/site-packages/urllib3/__init__.py:35: NotOpenSSLWarning: urllib3 v2 only supports OpenSSL 1.1.1+, currently the 'ssl' module is compiled with 'LibreSSL 2.8.3'. See: https://github.com/urllib3/urllib3/issues/3020
  warnings.warn(
Deprecated Feature: Support for Python version 3.9 has been deprecated. Please update to Python 3.10 or above
[youtube] Extracting URL: https://www.youtube.com/watch?v=1Bp5yjB-EnM
[youtube] 1Bp5yjB-EnM: Downloading webpage
[youtube] 1Bp5yjB-EnM: Downloading tv client config
[youtube] 1Bp5yjB-EnM: Downloading tv player API JSON
[youtube] 1Bp5yjB-EnM: Downloading web safari player API JSON
WARNING: [youtube] 1Bp5yjB-EnM: Some web client https formats have been skipped as they are missing a url. YouTube is forcing SABR streaming for this client. See  https://github.com/yt-dlp/yt-dlp/issues/12482  for more details
[info] 1Bp5yjB-EnM: Downloading 1 format(s): 18
[download] Sleeping 5.00 seconds as required by the site...
ERROR: unable to download video data: HTTP Error 403: Forbidden
/Users/alexwhitley/Library/Python/3.9/lib/python/site-packages/urllib3/__init__.py:35: NotOpenSSLWarning: urllib3 v2 only supports OpenSSL 1.1.1+, currently the 'ssl' module is compiled with 'LibreSSL 2.8.3'. See: https://github.com/urllib3/urllib3/issues/3020
  warnings.warn(
Deprecated Feature: Support for Python version 3.9 has been deprecated. Please update to Python 3.10 or above
[youtube] Extracting URL: https://www.youtube.com/watch?v=EikstJrB6SQ
[youtube] EikstJrB6SQ: Downloading webpage
[youtube] EikstJrB6SQ: Downloading tv client config
[youtube] EikstJrB6SQ: Downloading tv player API JSON
[youtube] EikstJrB6SQ: Downloading web safari player API JSON
WARNING: [youtube] EikstJrB6SQ: Some web client https formats have been skipped as they are missing a url. YouTube is forcing SABR streaming for this client. See  https://github.com/yt-dlp/yt-dlp/issues/12482  for more details
[info] EikstJrB6SQ: Downloading 1 format(s): 18
[download] Sleeping 6.00 seconds as required by the site...
ERROR: unable to download video data: HTTP Error 403: Forbidden
/Users/alexwhitley/Library/Python/3.9/lib/python/site-packages/urllib3/__init__.py:35: NotOpenSSLWarning: urllib3 v2 only supports OpenSSL 1.1.1+, currently the 'ssl' module is compiled with 'LibreSSL 2.8.3'. See: https://github.com/urllib3/urllib3/issues/3020
  warnings.warn(
Deprecated Feature: Support for Python version 3.9 has been deprecated. Please update to Python 3.10 or above
[youtube] Extracting URL: https://www.youtube.com/watch?v=yyZXXOo5QoY
[youtube] yyZXXOo5QoY: Downloading webpage
[youtube] yyZXXOo5QoY: Downloading tv client config
[youtube] yyZXXOo5QoY: Downloading tv player API JSON
[youtube] yyZXXOo5QoY: Downloading web safari player API JSON
WARNING: [youtube] yyZXXOo5QoY: Some web client https formats have been skipped as they are missing a url. YouTube is forcing SABR streaming for this client. See  https://github.com/yt-dlp/yt-dlp/issues/12482  for more details
[info] yyZXXOo5QoY: Downloading 1 format(s): 18
[download] Sleeping 6.00 seconds as required by the site...
ERROR: unable to download video data: HTTP Error 403: Forbidden
/Users/alexwhitley/Library/Python/3.9/lib/python/site-packages/urllib3/__init__.py:35: NotOpenSSLWarning: urllib3 v2 only supports OpenSSL 1.1.1+, currently the 'ssl' module is compiled with 'LibreSSL 2.8.3'. See: https://github.com/urllib3/urllib3/issues/3020
  warnings.warn(
Deprecated Feature: Support for Python version 3.9 has been deprecated. Please update to Python 3.10 or above
[youtube] Extracting URL: https://www.youtube.com/watch?v=4zpLVFsmh5A
[youtube] 4zpLVFsmh5A: Downloading webpage
[youtube] 4zpLVFsmh5A: Downloading tv client config
[youtube] 4zpLVFsmh5A: Downloading tv player API JSON
[youtube] 4zpLVFsmh5A: Downloading web safari player API JSON
WARNING: [youtube] 4zpLVFsmh5A: Some web client https formats have been skipped as they are missing a url. YouTube is forcing SABR streaming for this client. See  https://github.com/yt-dlp/yt-dlp/issues/12482  for more details
[info] 4zpLVFsmh5A: Downloading 1 format(s): 18
[download] Sleeping 5.00 seconds as required by the site...
ERROR: unable to download video data: HTTP Error 403: Forbidden
/Users/alexwhitley/Library/Python/3.9/lib/python/site-packages/urllib3/__init__.py:35: NotOpenSSLWarning: urllib3 v2 only supports OpenSSL 1.1.1+, currently the 'ssl' module is compiled with 'LibreSSL 2.8.3'. See: https://github.com/urllib3/urllib3/issues/3020
  warnings.warn(
Deprecated Feature: Support for Python version 3.9 has been deprecated. Please update to Python 3.10 or above
[youtube] Extracting URL: https://www.youtube.com/watch?v=3F9mjaQ7EoE
[youtube] 3F9mjaQ7EoE: Downloading webpage
[youtube] 3F9mjaQ7EoE: Downloading tv client config
[youtube] 3F9mjaQ7EoE: Downloading tv player API JSON
[youtube] 3F9mjaQ7EoE: Downloading web safari player API JSON
WARNING: [youtube] 3F9mjaQ7EoE: Some web client https formats have been skipped as they are missing a url. YouTube is forcing SABR streaming for this client. See  https://github.com/yt-dlp/yt-dlp/issues/12482  for more details
[info] 3F9mjaQ7EoE: Downloading 1 format(s): 18
[download] Sleeping 5.00 seconds as required by the site...
ERROR: unable to download video data: HTTP Error 403: Forbidden
/Users/alexwhitley/Library/Python/3.9/lib/python/site-packages/urllib3/__init__.py:35: NotOpenSSLWarning: urllib3 v2 only supports OpenSSL 1.1.1+, currently the 'ssl' module is compiled with 'LibreSSL 2.8.3'. See: https://github.com/urllib3/urllib3/issues/3020
  warnings.warn(
Deprecated Feature: Support for Python version 3.9 has been deprecated. Please update to Python 3.10 or above
[youtube] Extracting URL: https://www.youtube.com/watch?v=UHqGH9NH68c
[youtube] UHqGH9NH68c: Downloading webpage
[youtube] UHqGH9NH68c: Downloading tv client config
[youtube] UHqGH9NH68c: Downloading tv player API JSON
[youtube] UHqGH9NH68c: Downloading web safari player API JSON
WARNING: [youtube] UHqGH9NH68c: Some web client https formats have been skipped as they are missing a url. YouTube is forcing SABR streaming for this client. See  https://github.com/yt-dlp/yt-dlp/issues/12482  for more details
[info] UHqGH9NH68c: Downloading 1 format(s): 18
[download] Sleeping 5.00 seconds as required by the site...
ERROR: unable to download video data: HTTP Error 403: Forbidden
/Users/alexwhitley/Library/Python/3.9/lib/python/site-packages/urllib3/__init__.py:35: NotOpenSSLWarning: urllib3 v2 only supports OpenSSL 1.1.1+, currently the 'ssl' module is compiled with 'LibreSSL 2.8.3'. See: https://github.com/urllib3/urllib3/issues/3020
  warnings.warn(
Deprecated Feature: Support for Python version 3.9 has been deprecated. Please update to Python 3.10 or above
[youtube] Extracting URL: https://www.youtube.com/watch?v=Q2p2aD7xe6M
[youtube] Q2p2aD7xe6M: Downloading webpage
[youtube] Q2p2aD7xe6M: Downloading tv client config
[youtube] Q2p2aD7xe6M: Downloading tv player API JSON
[youtube] Q2p2aD7xe6M: Downloading web safari player API JSON
WARNING: [youtube] Q2p2aD7xe6M: Some web client https formats have been skipped as they are missing a url. YouTube is forcing SABR streaming for this client. See  https://github.com/yt-dlp/yt-dlp/issues/12482  for more details
[info] Q2p2aD7xe6M: Downloading 1 format(s): 18
[download] Sleeping 6.00 seconds as required by the site...
ERROR: unable to download video data: HTTP Error 403: Forbidden
/Users/alexwhitley/Library/Python/3.9/lib/python/site-packages/urllib3/__init__.py:35: NotOpenSSLWarning: urllib3 v2 only supports OpenSSL 1.1.1+, currently the 'ssl' module is compiled with 'LibreSSL 2.8.3'. See: https://github.com/urllib3/urllib3/issues/3020
  warnings.warn(
Deprecated Feature: Support for Python version 3.9 has been deprecated. Please update to Python 3.10 or above
[youtube] Extracting URL: https://www.youtube.com/watch?v=ZzNUDx3b4bU
[youtube] ZzNUDx3b4bU: Downloading webpage
[youtube] ZzNUDx3b4bU: Downloading tv client config
[youtube] ZzNUDx3b4bU: Downloading tv player API JSON
[youtube] ZzNUDx3b4bU: Downloading web safari player API JSON
WARNING: [youtube] ZzNUDx3b4bU: Some web client https formats have been skipped as they are missing a url. YouTube is forcing SABR streaming for this client. See  https://github.com/yt-dlp/yt-dlp/issues/12482  for more details
[info] ZzNUDx3b4bU: Downloading 1 format(s): 18
[download] Sleeping 5.00 seconds as required by the site...
ERROR: unable to download video data: HTTP Error 403: Forbidden
/Users/alexwhitley/Library/Python/3.9/lib/python/site-packages/urllib3/__init__.py:35: NotOpenSSLWarning: urllib3 v2 only supports OpenSSL 1.1.1+, currently the 'ssl' module is compiled with 'LibreSSL 2.8.3'. See: https://github.com/urllib3/urllib3/issues/3020
  warnings.warn(
Deprecated Feature: Support for Python version 3.9 has been deprecated. Please update to Python 3.10 or above
[youtube] Extracting URL: https://www.youtube.com/watch?v=UZqbB_DDvec
[youtube] UZqbB_DDvec: Downloading webpage
[youtube] UZqbB_DDvec: Downloading tv client config
[youtube] UZqbB_DDvec: Downloading tv player API JSON
[youtube] UZqbB_DDvec: Downloading web safari player API JSON
WARNING: [youtube] UZqbB_DDvec: Some web client https formats have been skipped as they are missing a url. YouTube is forcing SABR streaming for this client. See  https://github.com/yt-dlp/yt-dlp/issues/12482  for more details
[info] UZqbB_DDvec: Downloading 1 format(s): 18
[download] Sleeping 6.00 seconds as required by the site...
ERROR: unable to download video data: HTTP Error 403: Forbidden
Found 38 stub(s) to process


============================================================
[1/38] John Bevere Sermon_johnbeveretv_experience_gods_awe.txt
============================================================
URL:      https://www.youtube.com/watch?v=4TFt9JkZDT0
Title:    Experience God's Awe
Speaker:  John Bevere
Channel:  John Bevere TV
Output:   /Users/alexwhitley/Desktop/rhemata/sources/youtube/cleaned/experience_gods_awe.txt

Downloading audio...
  ✗ Failed: Command '['/Library/Developer/CommandLineTools/usr/bin/python3', '-m', 'yt_dlp', '-x', '--audio-format', 'mp3', '-o', '/var/folders/j0/wf6n6p851ss3mh0ywd3z4jcc0000gn/T/tmpwzql0n1e/audio.%(ext)s', 'https://www.youtube.com/watch?v=4TFt9JkZDT0']' returned non-zero exit status 1.

============================================================
[2/38] John Bevere_johnbeveretv_god_has_made_your_calling_beyond_your_natural_ability.txt
============================================================
URL:      https://www.youtube.com/watch?v=ZjQGOHgjA7g
Title:    God Has Made Your Calling beyond Your Natural Ability
Speaker:  John Bevere
Channel:  John Bevere TV
Output:   /Users/alexwhitley/Desktop/rhemata/sources/youtube/cleaned/god_has_made_your_calling_beyond_your_natural_ability.txt

Downloading audio...
  ✗ Failed: Command '['/Library/Developer/CommandLineTools/usr/bin/python3', '-m', 'yt_dlp', '-x', '--audio-format', 'mp3', '-o', '/var/folders/j0/wf6n6p851ss3mh0ywd3z4jcc0000gn/T/tmpgyylmrem/audio.%(ext)s', 'https://www.youtube.com/watch?v=ZjQGOHgjA7g']' returned non-zero exit status 1.

============================================================
[3/38] John Bevere_johnbeveretv_its_never_too_late.txt
============================================================
URL:      https://www.youtube.com/watch?v=1Bp5yjB-EnM
Title:    It's Never Too Late
Speaker:  John Bevere
Channel:  John Bevere TV
Output:   /Users/alexwhitley/Desktop/rhemata/sources/youtube/cleaned/its_never_too_late.txt

Downloading audio...
  ✗ Failed: Command '['/Library/Developer/CommandLineTools/usr/bin/python3', '-m', 'yt_dlp', '-x', '--audio-format', 'mp3', '-o', '/var/folders/j0/wf6n6p851ss3mh0ywd3z4jcc0000gn/T/tmp7ouq6tyx/audio.%(ext)s', 'https://www.youtube.com/watch?v=1Bp5yjB-EnM']' returned non-zero exit status 1.

============================================================
[4/38] NA_johnbeveretv_do_you_want_to_multiply_your_blessings.txt
============================================================
URL:      https://www.youtube.com/watch?v=EikstJrB6SQ
Title:    Do You Want to Multiply Your Blessings??
Speaker:  John Bevere
Channel:  John Bevere TV
Output:   /Users/alexwhitley/Desktop/rhemata/sources/youtube/cleaned/do_you_want_to_multiply_your_blessings.txt

Downloading audio...
  ✗ Failed: Command '['/Library/Developer/CommandLineTools/usr/bin/python3', '-m', 'yt_dlp', '-x', '--audio-format', 'mp3', '-o', '/var/folders/j0/wf6n6p851ss3mh0ywd3z4jcc0000gn/T/tmpblyqqdch/audio.%(ext)s', 'https://www.youtube.com/watch?v=EikstJrB6SQ']' returned non-zero exit status 1.

============================================================
[5/38] NA_johnbeveretv_embrace_your_unique_talents_and_flourish.txt
============================================================
URL:      https://www.youtube.com/watch?v=yyZXXOo5QoY
Title:    Embrace Your Unique Talents and Flourish
Speaker:  John Bevere
Channel:  John Bevere TV
Output:   /Users/alexwhitley/Desktop/rhemata/sources/youtube/cleaned/embrace_your_unique_talents_and_flourish.txt

Downloading audio...
  ✗ Failed: Command '['/Library/Developer/CommandLineTools/usr/bin/python3', '-m', 'yt_dlp', '-x', '--audio-format', 'mp3', '-o', '/var/folders/j0/wf6n6p851ss3mh0ywd3z4jcc0000gn/T/tmpuolmxxpd/audio.%(ext)s', 'https://www.youtube.com/watch?v=yyZXXOo5QoY']' returned non-zero exit status 1.

============================================================
[6/38] NA_johnbeveretv_escaping_the_trap_of_casual_christianity.txt
============================================================
URL:      https://www.youtube.com/watch?v=4zpLVFsmh5A
Title:    Escaping the TRAP of "Casual Christianity"
Speaker:  John Bevere
Channel:  John Bevere TV
Output:   /Users/alexwhitley/Desktop/rhemata/sources/youtube/cleaned/escaping_the_trap_of_casual_christianity.txt

Downloading audio...
  ✗ Failed: Command '['/Library/Developer/CommandLineTools/usr/bin/python3', '-m', 'yt_dlp', '-x', '--audio-format', 'mp3', '-o', '/var/folders/j0/wf6n6p851ss3mh0ywd3z4jcc0000gn/T/tmprrefc94m/audio.%(ext)s', 'https://www.youtube.com/watch?v=4zpLVFsmh5A']' returned non-zero exit status 1.

============================================================
[7/38] NA_johnbeveretv_fearful_of_the_2024_solar_eclipse_watch_this.txt
============================================================
URL:      https://www.youtube.com/watch?v=3F9mjaQ7EoE
Title:    Fearful of the 2024 Solar Eclipse? WATCH THIS!!
Speaker:  John Bevere
Channel:  John Bevere TV
Output:   /Users/alexwhitley/Desktop/rhemata/sources/youtube/cleaned/fearful_of_the_2024_solar_eclipse_watch_this.txt

Downloading audio...
  ✗ Failed: Command '['/Library/Developer/CommandLineTools/usr/bin/python3', '-m', 'yt_dlp', '-x', '--audio-format', 'mp3', '-o', '/var/folders/j0/wf6n6p851ss3mh0ywd3z4jcc0000gn/T/tmpd32g6i0e/audio.%(ext)s', 'https://www.youtube.com/watch?v=3F9mjaQ7EoE']' returned non-zero exit status 1.

============================================================
[8/38] NA_johnbeveretv_getting_wisdom_is_the_best_thing_we_can_do.txt
============================================================
URL:      https://www.youtube.com/watch?v=UHqGH9NH68c
Title:    Getting Wisdom Is the Best Thing We Can Do
Speaker:  John Bevere
Channel:  John Bevere TV
Output:   /Users/alexwhitley/Desktop/rhemata/sources/youtube/cleaned/getting_wisdom_is_the_best_thing_we_can_do.txt

Downloading audio...
  ✗ Failed: Command '['/Library/Developer/CommandLineTools/usr/bin/python3', '-m', 'yt_dlp', '-x', '--audio-format', 'mp3', '-o', '/var/folders/j0/wf6n6p851ss3mh0ywd3z4jcc0000gn/T/tmp_dgb1amy/audio.%(ext)s', 'https://www.youtube.com/watch?v=UHqGH9NH68c']' returned non-zero exit status 1.

============================================================
[9/38] NA_johnbeveretv_god_rewards_those_who_multiply.txt
============================================================
URL:      https://www.youtube.com/watch?v=Q2p2aD7xe6M
Title:    God Rewards Those Who Multiply
Speaker:  John Bevere
Channel:  John Bevere TV
Output:   /Users/alexwhitley/Desktop/rhemata/sources/youtube/cleaned/god_rewards_those_who_multiply.txt

Downloading audio...
  ✗ Failed: Command '['/Library/Developer/CommandLineTools/usr/bin/python3', '-m', 'yt_dlp', '-x', '--audio-format', 'mp3', '-o', '/var/folders/j0/wf6n6p851ss3mh0ywd3z4jcc0000gn/T/tmp4oslim03/audio.%(ext)s', 'https://www.youtube.com/watch?v=Q2p2aD7xe6M']' returned non-zero exit status 1.

============================================================
[10/38] NA_johnbeveretv_holiness_is_a_doorway_to_intimacy_with_god.txt
============================================================
URL:      https://www.youtube.com/watch?v=ZzNUDx3b4bU
Title:    Holiness Is a Doorway to Intimacy with God
Speaker:  John Bevere
Channel:  John Bevere TV
Output:   /Users/alexwhitley/Desktop/rhemata/sources/youtube/cleaned/holiness_is_a_doorway_to_intimacy_with_god.txt

Downloading audio...
  ✗ Failed: Command '['/Library/Developer/CommandLineTools/usr/bin/python3', '-m', 'yt_dlp', '-x', '--audio-format', 'mp3', '-o', '/var/folders/j0/wf6n6p851ss3mh0ywd3z4jcc0000gn/T/tmprrru4vcz/audio.%(ext)s', 'https://www.youtube.com/watch?v=ZzNUDx3b4bU']' returned non-zero exit status 1.

============================================================
[11/38] NA_johnbeveretv_how_to_discover_your_supernatural_gifts.txt
============================================================
URL:      https://www.youtube.com/watch?v=UZqbB_DDvec
Title:    How to Discover Your Supernatural Gifts
Speaker:  John Bevere
Channel:  John Bevere TV
Output:   /Users/alexwhitley/Desktop/rhemata/sources/youtube/cleaned/how_to_discover_your_supernatural_gifts.txt

Downloading audio...
/Users/alexwhitley/Library/Python/3.9/lib/python/site-packages/urllib3/__init__.py:35: NotOpenSSLWarning: urllib3 v2 only supports OpenSSL 1.1.1+, currently the 'ssl' module is compiled with 'LibreSSL 2.8.3'. See: https://github.com/urllib3/urllib3/issues/3020
  warnings.warn(
Deprecated Feature: Support for Python version 3.9 has been deprecated. Please update to Python 3.10 or above
[youtube] Extracting URL: https://www.youtube.com/watch?v=i_zPoW6R4os
[youtube] i_zPoW6R4os: Downloading webpage
[youtube] i_zPoW6R4os: Downloading tv client config
[youtube] i_zPoW6R4os: Downloading tv player API JSON
[youtube] i_zPoW6R4os: Downloading web safari player API JSON
WARNING: [youtube] i_zPoW6R4os: Some web client https formats have been skipped as they are missing a url. YouTube is forcing SABR streaming for this client. See  https://github.com/yt-dlp/yt-dlp/issues/12482  for more details
[info] i_zPoW6R4os: Downloading 1 format(s): 18
[download] Sleeping 5.00 seconds as required by the site...
ERROR: unable to download video data: HTTP Error 403: Forbidden
/Users/alexwhitley/Library/Python/3.9/lib/python/site-packages/urllib3/__init__.py:35: NotOpenSSLWarning: urllib3 v2 only supports OpenSSL 1.1.1+, currently the 'ssl' module is compiled with 'LibreSSL 2.8.3'. See: https://github.com/urllib3/urllib3/issues/3020
  warnings.warn(
Deprecated Feature: Support for Python version 3.9 has been deprecated. Please update to Python 3.10 or above
[youtube] Extracting URL: https://www.youtube.com/watch?v=FlbMfXV-ImE
[youtube] FlbMfXV-ImE: Downloading webpage
[youtube] FlbMfXV-ImE: Downloading tv client config
[youtube] FlbMfXV-ImE: Downloading tv player API JSON
[youtube] FlbMfXV-ImE: Downloading web safari player API JSON
WARNING: [youtube] FlbMfXV-ImE: Some web client https formats have been skipped as they are missing a url. YouTube is forcing SABR streaming for this client. See  https://github.com/yt-dlp/yt-dlp/issues/12482  for more details
[info] FlbMfXV-ImE: Downloading 1 format(s): 18
[download] Sleeping 5.00 seconds as required by the site...
ERROR: unable to download video data: HTTP Error 403: Forbidden
/Users/alexwhitley/Library/Python/3.9/lib/python/site-packages/urllib3/__init__.py:35: NotOpenSSLWarning: urllib3 v2 only supports OpenSSL 1.1.1+, currently the 'ssl' module is compiled with 'LibreSSL 2.8.3'. See: https://github.com/urllib3/urllib3/issues/3020
  warnings.warn(
Deprecated Feature: Support for Python version 3.9 has been deprecated. Please update to Python 3.10 or above
[youtube] Extracting URL: https://www.youtube.com/watch?v=ji5qkK_pbHs
[youtube] ji5qkK_pbHs: Downloading webpage
[youtube] ji5qkK_pbHs: Downloading tv client config
[youtube] ji5qkK_pbHs: Downloading tv player API JSON
[youtube] ji5qkK_pbHs: Downloading web safari player API JSON
WARNING: [youtube] ji5qkK_pbHs: Some web client https formats have been skipped as they are missing a url. YouTube is forcing SABR streaming for this client. See  https://github.com/yt-dlp/yt-dlp/issues/12482  for more details
[info] ji5qkK_pbHs: Downloading 1 format(s): 18
[download] Sleeping 5.00 seconds as required by the site...
ERROR: unable to download video data: HTTP Error 403: Forbidden
/Users/alexwhitley/Library/Python/3.9/lib/python/site-packages/urllib3/__init__.py:35: NotOpenSSLWarning: urllib3 v2 only supports OpenSSL 1.1.1+, currently the 'ssl' module is compiled with 'LibreSSL 2.8.3'. See: https://github.com/urllib3/urllib3/issues/3020
  warnings.warn(
Deprecated Feature: Support for Python version 3.9 has been deprecated. Please update to Python 3.10 or above
[youtube] Extracting URL: https://www.youtube.com/watch?v=8h64Edr_o44
[youtube] 8h64Edr_o44: Downloading webpage
[youtube] 8h64Edr_o44: Downloading tv client config
[youtube] 8h64Edr_o44: Downloading tv player API JSON
[youtube] 8h64Edr_o44: Downloading web safari player API JSON
WARNING: [youtube] 8h64Edr_o44: Some web client https formats have been skipped as they are missing a url. YouTube is forcing SABR streaming for this client. See  https://github.com/yt-dlp/yt-dlp/issues/12482  for more details
[info] 8h64Edr_o44: Downloading 1 format(s): 18
[download] Sleeping 5.00 seconds as required by the site...
ERROR: unable to download video data: HTTP Error 403: Forbidden
/Users/alexwhitley/Library/Python/3.9/lib/python/site-packages/urllib3/__init__.py:35: NotOpenSSLWarning: urllib3 v2 only supports OpenSSL 1.1.1+, currently the 'ssl' module is compiled with 'LibreSSL 2.8.3'. See: https://github.com/urllib3/urllib3/issues/3020
  warnings.warn(
Deprecated Feature: Support for Python version 3.9 has been deprecated. Please update to Python 3.10 or above
[youtube] Extracting URL: https://www.youtube.com/watch?v=ETcL5pqgqM4
[youtube] ETcL5pqgqM4: Downloading webpage
[youtube] ETcL5pqgqM4: Downloading tv client config
[youtube] ETcL5pqgqM4: Downloading tv player API JSON
[youtube] ETcL5pqgqM4: Downloading web safari player API JSON
WARNING: [youtube] ETcL5pqgqM4: Some web client https formats have been skipped as they are missing a url. YouTube is forcing SABR streaming for this client. See  https://github.com/yt-dlp/yt-dlp/issues/12482  for more details
[info] ETcL5pqgqM4: Downloading 1 format(s): 18
[download] Sleeping 5.00 seconds as required by the site...
ERROR: unable to download video data: HTTP Error 403: Forbidden
/Users/alexwhitley/Library/Python/3.9/lib/python/site-packages/urllib3/__init__.py:35: NotOpenSSLWarning: urllib3 v2 only supports OpenSSL 1.1.1+, currently the 'ssl' module is compiled with 'LibreSSL 2.8.3'. See: https://github.com/urllib3/urllib3/issues/3020
  warnings.warn(
Deprecated Feature: Support for Python version 3.9 has been deprecated. Please update to Python 3.10 or above
[youtube] Extracting URL: https://www.youtube.com/watch?v=zoeRRhcUHTw
[youtube] zoeRRhcUHTw: Downloading webpage
[youtube] zoeRRhcUHTw: Downloading tv client config
[youtube] zoeRRhcUHTw: Downloading tv player API JSON
[youtube] zoeRRhcUHTw: Downloading web safari player API JSON
WARNING: [youtube] zoeRRhcUHTw: Some web client https formats have been skipped as they are missing a url. YouTube is forcing SABR streaming for this client. See  https://github.com/yt-dlp/yt-dlp/issues/12482  for more details
[info] zoeRRhcUHTw: Downloading 1 format(s): 18
[download] Sleeping 5.00 seconds as required by the site...
ERROR: unable to download video data: HTTP Error 403: Forbidden
/Users/alexwhitley/Library/Python/3.9/lib/python/site-packages/urllib3/__init__.py:35: NotOpenSSLWarning: urllib3 v2 only supports OpenSSL 1.1.1+, currently the 'ssl' module is compiled with 'LibreSSL 2.8.3'. See: https://github.com/urllib3/urllib3/issues/3020
  warnings.warn(
Deprecated Feature: Support for Python version 3.9 has been deprecated. Please update to Python 3.10 or above
[youtube] Extracting URL: https://www.youtube.com/watch?v=T_-jHs-FLA8
[youtube] T_-jHs-FLA8: Downloading webpage
[youtube] T_-jHs-FLA8: Downloading tv client config
[youtube] T_-jHs-FLA8: Downloading tv player API JSON
[youtube] T_-jHs-FLA8: Downloading web safari player API JSON
WARNING: [youtube] T_-jHs-FLA8: Some web client https formats have been skipped as they are missing a url. YouTube is forcing SABR streaming for this client. See  https://github.com/yt-dlp/yt-dlp/issues/12482  for more details
[info] T_-jHs-FLA8: Downloading 1 format(s): 18
[download] Sleeping 6.00 seconds as required by the site...
ERROR: unable to download video data: HTTP Error 403: Forbidden
/Users/alexwhitley/Library/Python/3.9/lib/python/site-packages/urllib3/__init__.py:35: NotOpenSSLWarning: urllib3 v2 only supports OpenSSL 1.1.1+, currently the 'ssl' module is compiled with 'LibreSSL 2.8.3'. See: https://github.com/urllib3/urllib3/issues/3020
  warnings.warn(
Deprecated Feature: Support for Python version 3.9 has been deprecated. Please update to Python 3.10 or above
[youtube] Extracting URL: https://www.youtube.com/watch?v=FYQsc-bhYi4
[youtube] FYQsc-bhYi4: Downloading webpage
[youtube] FYQsc-bhYi4: Downloading tv client config
[youtube] FYQsc-bhYi4: Downloading tv player API JSON
[youtube] FYQsc-bhYi4: Downloading web safari player API JSON
WARNING: [youtube] FYQsc-bhYi4: Some web client https formats have been skipped as they are missing a url. YouTube is forcing SABR streaming for this client. See  https://github.com/yt-dlp/yt-dlp/issues/12482  for more details
[info] FYQsc-bhYi4: Downloading 1 format(s): 18
[download] Sleeping 5.00 seconds as required by the site...
ERROR: unable to download video data: HTTP Error 403: Forbidden
/Users/alexwhitley/Library/Python/3.9/lib/python/site-packages/urllib3/__init__.py:35: NotOpenSSLWarning: urllib3 v2 only supports OpenSSL 1.1.1+, currently the 'ssl' module is compiled with 'LibreSSL 2.8.3'. See: https://github.com/urllib3/urllib3/issues/3020
  warnings.warn(
Deprecated Feature: Support for Python version 3.9 has been deprecated. Please update to Python 3.10 or above
[youtube] Extracting URL: https://www.youtube.com/watch?v=fJrpamDKDRo
[youtube] fJrpamDKDRo: Downloading webpage
[youtube] fJrpamDKDRo: Downloading tv client config
[youtube] fJrpamDKDRo: Downloading tv player API JSON
[youtube] fJrpamDKDRo: Downloading web safari player API JSON
WARNING: [youtube] fJrpamDKDRo: Some web client https formats have been skipped as they are missing a url. YouTube is forcing SABR streaming for this client. See  https://github.com/yt-dlp/yt-dlp/issues/12482  for more details
[info] fJrpamDKDRo: Downloading 1 format(s): 18
[download] Sleeping 6.00 seconds as required by the site...
ERROR: unable to download video data: HTTP Error 403: Forbidden
/Users/alexwhitley/Library/Python/3.9/lib/python/site-packages/urllib3/__init__.py:35: NotOpenSSLWarning: urllib3 v2 only supports OpenSSL 1.1.1+, currently the 'ssl' module is compiled with 'LibreSSL 2.8.3'. See: https://github.com/urllib3/urllib3/issues/3020
  warnings.warn(
Deprecated Feature: Support for Python version 3.9 has been deprecated. Please update to Python 3.10 or above
[youtube] Extracting URL: https://www.youtube.com/watch?v=1j_zWBKUSA0
[youtube] 1j_zWBKUSA0: Downloading webpage
[youtube] 1j_zWBKUSA0: Downloading tv client config
[youtube] 1j_zWBKUSA0: Downloading tv player API JSON
[youtube] 1j_zWBKUSA0: Downloading web safari player API JSON
WARNING: [youtube] 1j_zWBKUSA0: Some web client https formats have been skipped as they are missing a url. YouTube is forcing SABR streaming for this client. See  https://github.com/yt-dlp/yt-dlp/issues/12482  for more details
[info] 1j_zWBKUSA0: Downloading 1 format(s): 18
[download] Sleeping 6.00 seconds as required by the site...
ERROR: unable to download video data: HTTP Error 403: Forbidden
  ✗ Failed: Command '['/Library/Developer/CommandLineTools/usr/bin/python3', '-m', 'yt_dlp', '-x', '--audio-format', 'mp3', '-o', '/var/folders/j0/wf6n6p851ss3mh0ywd3z4jcc0000gn/T/tmpca5gv7_c/audio.%(ext)s', 'https://www.youtube.com/watch?v=UZqbB_DDvec']' returned non-zero exit status 1.

============================================================
[12/38] NA_johnbeveretv_how_to_embrace_biblical_stewardship_for_a_fulfilling_life.txt
============================================================
URL:      https://www.youtube.com/watch?v=i_zPoW6R4os
Title:    How to Embrace Biblical Stewardship for a Fulfilling Life
Speaker:  John Bevere
Channel:  John Bevere TV
Output:   /Users/alexwhitley/Desktop/rhemata/sources/youtube/cleaned/how_to_embrace_biblical_stewardship_for_a_fulfilling_life.txt

Downloading audio...
  ✗ Failed: Command '['/Library/Developer/CommandLineTools/usr/bin/python3', '-m', 'yt_dlp', '-x', '--audio-format', 'mp3', '-o', '/var/folders/j0/wf6n6p851ss3mh0ywd3z4jcc0000gn/T/tmp2ft5uxd5/audio.%(ext)s', 'https://www.youtube.com/watch?v=i_zPoW6R4os']' returned non-zero exit status 1.

============================================================
[13/38] NA_johnbeveretv_i_am_starting_a_new_podcast_because_of_this_scary_stat.txt
============================================================
URL:      https://www.youtube.com/watch?v=FlbMfXV-ImE
Title:    I Am Starting a New Podcast Because of THIS Scary Stat
Speaker:  John Bevere
Channel:  John Bevere TV
Output:   /Users/alexwhitley/Desktop/rhemata/sources/youtube/cleaned/i_am_starting_a_new_podcast_because_of_this_scary_stat.txt

Downloading audio...
  ✗ Failed: Command '['/Library/Developer/CommandLineTools/usr/bin/python3', '-m', 'yt_dlp', '-x', '--audio-format', 'mp3', '-o', '/var/folders/j0/wf6n6p851ss3mh0ywd3z4jcc0000gn/T/tmpo9cq999b/audio.%(ext)s', 'https://www.youtube.com/watch?v=FlbMfXV-ImE']' returned non-zero exit status 1.

============================================================
[14/38] NA_johnbeveretv_indicators_of_your_calling.txt
============================================================
URL:      https://www.youtube.com/watch?v=ji5qkK_pbHs
Title:    Indicators of Your Calling
Speaker:  John Bevere
Channel:  John Bevere TV
Output:   /Users/alexwhitley/Desktop/rhemata/sources/youtube/cleaned/indicators_of_your_calling.txt

Downloading audio...
  ✗ Failed: Command '['/Library/Developer/CommandLineTools/usr/bin/python3', '-m', 'yt_dlp', '-x', '--audio-format', 'mp3', '-o', '/var/folders/j0/wf6n6p851ss3mh0ywd3z4jcc0000gn/T/tmpimgeksrc/audio.%(ext)s', 'https://www.youtube.com/watch?v=ji5qkK_pbHs']' returned non-zero exit status 1.

============================================================
[15/38] NA_johnbeveretv_millions_of_christians_are_leaving_their_faith_why.txt
============================================================
URL:      https://www.youtube.com/watch?v=8h64Edr_o44
Title:    Millions of Christians Are LEAVING Their Faith! Why?
Speaker:  John Bevere
Channel:  John Bevere TV
Output:   /Users/alexwhitley/Desktop/rhemata/sources/youtube/cleaned/millions_of_christians_are_leaving_their_faith_why.txt

Downloading audio...
  ✗ Failed: Command '['/Library/Developer/CommandLineTools/usr/bin/python3', '-m', 'yt_dlp', '-x', '--audio-format', 'mp3', '-o', '/var/folders/j0/wf6n6p851ss3mh0ywd3z4jcc0000gn/T/tmp1zyxzczt/audio.%(ext)s', 'https://www.youtube.com/watch?v=8h64Edr_o44']' returned non-zero exit status 1.

============================================================
[16/38] NA_johnbeveretv_multiply_the_gifts_in_your_life_with_john_bevere.txt
============================================================
URL:      https://www.youtube.com/watch?v=ETcL5pqgqM4
Title:    Multiply the Gifts in Your Life with John Bevere
Speaker:  John Bevere
Channel:  John Bevere TV
Output:   /Users/alexwhitley/Desktop/rhemata/sources/youtube/cleaned/multiply_the_gifts_in_your_life_with_john_bevere.txt

Downloading audio...
  ✗ Failed: Command '['/Library/Developer/CommandLineTools/usr/bin/python3', '-m', 'yt_dlp', '-x', '--audio-format', 'mp3', '-o', '/var/folders/j0/wf6n6p851ss3mh0ywd3z4jcc0000gn/T/tmplp0e3id6/audio.%(ext)s', 'https://www.youtube.com/watch?v=ETcL5pqgqM4']' returned non-zero exit status 1.

============================================================
[17/38] NA_johnbeveretv_seek_to_serve_not_to_be_served.txt
============================================================
URL:      https://www.youtube.com/watch?v=zoeRRhcUHTw
Title:    Seek to Serve, Not to Be Served
Speaker:  John Bevere
Channel:  John Bevere TV
Output:   /Users/alexwhitley/Desktop/rhemata/sources/youtube/cleaned/seek_to_serve_not_to_be_served.txt

Downloading audio...
  ✗ Failed: Command '['/Library/Developer/CommandLineTools/usr/bin/python3', '-m', 'yt_dlp', '-x', '--audio-format', 'mp3', '-o', '/var/folders/j0/wf6n6p851ss3mh0ywd3z4jcc0000gn/T/tmpllaw5uo0/audio.%(ext)s', 'https://www.youtube.com/watch?v=zoeRRhcUHTw']' returned non-zero exit status 1.

============================================================
[18/38] NA_johnbeveretv_seeking_breakthrough_watch_this.txt
============================================================
URL:      https://www.youtube.com/watch?v=T_-jHs-FLA8
Title:    Seeking Breakthrough? Watch This!
Speaker:  John Bevere
Channel:  John Bevere TV
Output:   /Users/alexwhitley/Desktop/rhemata/sources/youtube/cleaned/seeking_breakthrough_watch_this.txt

Downloading audio...
  ✗ Failed: Command '['/Library/Developer/CommandLineTools/usr/bin/python3', '-m', 'yt_dlp', '-x', '--audio-format', 'mp3', '-o', '/var/folders/j0/wf6n6p851ss3mh0ywd3z4jcc0000gn/T/tmp0gfxwxdk/audio.%(ext)s', 'https://www.youtube.com/watch?v=T_-jHs-FLA8']' returned non-zero exit status 1.

============================================================
[19/38] NA_johnbeveretv_strategic_ideas_that_will_help_you_multiply_the_blessings_in.txt
============================================================
URL:      https://www.youtube.com/watch?v=FYQsc-bhYi4
Title:    Strategic Ideas That Will Help You Multiply the Blessings in Your Life
Speaker:  John Bevere
Channel:  John Bevere TV
Output:   /Users/alexwhitley/Desktop/rhemata/sources/youtube/cleaned/strategic_ideas_that_will_help_you_multiply_the_blessings_in.txt

Downloading audio...
  ✗ Failed: Command '['/Library/Developer/CommandLineTools/usr/bin/python3', '-m', 'yt_dlp', '-x', '--audio-format', 'mp3', '-o', '/var/folders/j0/wf6n6p851ss3mh0ywd3z4jcc0000gn/T/tmpq56qgxnm/audio.%(ext)s', 'https://www.youtube.com/watch?v=FYQsc-bhYi4']' returned non-zero exit status 1.

============================================================
[20/38] NA_johnbeveretv_successful_living.txt
============================================================
URL:      https://www.youtube.com/watch?v=fJrpamDKDRo
Title:    Successful Living
Speaker:  John Bevere
Channel:  John Bevere TV
Output:   /Users/alexwhitley/Desktop/rhemata/sources/youtube/cleaned/successful_living.txt

Downloading audio...
  ✗ Failed: Command '['/Library/Developer/CommandLineTools/usr/bin/python3', '-m', 'yt_dlp', '-x', '--audio-format', 'mp3', '-o', '/var/folders/j0/wf6n6p851ss3mh0ywd3z4jcc0000gn/T/tmptzj07rig/audio.%(ext)s', 'https://www.youtube.com/watch?v=fJrpamDKDRo']' returned non-zero exit status 1.

============================================================
[21/38] NA_johnbeveretv_take_your_mind_back_and_heres_how.txt
============================================================
URL:      https://www.youtube.com/watch?v=1j_zWBKUSA0
Title:    Take Your Mind Back! (and here's how)
Speaker:  John Bevere
Channel:  John Bevere TV
Output:   /Users/alexwhitley/Desktop/rhemata/sources/youtube/cleaned/take_your_mind_back_and_heres_how.txt

Downloading audio...
  ✗ Failed: Command '['/Library/Developer/CommandLineTools/usr/bin/python3', '-m', 'yt_dlp', '-x', '--audio-format', 'mp3', '-o', '/var/folders/j0/wf6n6p851ss3mh0ywd3z4jcc0000gn/T/tmpjq17h5k3/audio.%(ext)s', 'https://www.youtube.com/watch?v=1j_zWBKUSA0']' returned non-zero exit status 1.

============================================================
[22/38] NA_johnbeveretv_the_danger_of_neglecting_your_gifts.txt
/Users/alexwhitley/Library/Python/3.9/lib/python/site-packages/urllib3/__init__.py:35: NotOpenSSLWarning: urllib3 v2 only supports OpenSSL 1.1.1+, currently the 'ssl' module is compiled with 'LibreSSL 2.8.3'. See: https://github.com/urllib3/urllib3/issues/3020
  warnings.warn(
Deprecated Feature: Support for Python version 3.9 has been deprecated. Please update to Python 3.10 or above
[youtube] Extracting URL: https://www.youtube.com/watch?v=I6IOctaXD2Y
[youtube] I6IOctaXD2Y: Downloading webpage
[youtube] I6IOctaXD2Y: Downloading tv client config
[youtube] I6IOctaXD2Y: Downloading tv player API JSON
[youtube] I6IOctaXD2Y: Downloading web safari player API JSON
WARNING: [youtube] I6IOctaXD2Y: Some web client https formats have been skipped as they are missing a url. YouTube is forcing SABR streaming for this client. See  https://github.com/yt-dlp/yt-dlp/issues/12482  for more details
[info] I6IOctaXD2Y: Downloading 1 format(s): 18
[download] Sleeping 6.00 seconds as required by the site...
ERROR: unable to download video data: HTTP Error 403: Forbidden
/Users/alexwhitley/Library/Python/3.9/lib/python/site-packages/urllib3/__init__.py:35: NotOpenSSLWarning: urllib3 v2 only supports OpenSSL 1.1.1+, currently the 'ssl' module is compiled with 'LibreSSL 2.8.3'. See: https://github.com/urllib3/urllib3/issues/3020
  warnings.warn(
Deprecated Feature: Support for Python version 3.9 has been deprecated. Please update to Python 3.10 or above
[youtube] Extracting URL: https://www.youtube.com/watch?v=JQDfjLQ2RqI
[youtube] JQDfjLQ2RqI: Downloading webpage
[youtube] JQDfjLQ2RqI: Downloading tv client config
[youtube] JQDfjLQ2RqI: Downloading tv player API JSON
[youtube] JQDfjLQ2RqI: Downloading web safari player API JSON
WARNING: [youtube] JQDfjLQ2RqI: Some web client https formats have been skipped as they are missing a url. YouTube is forcing SABR streaming for this client. See  https://github.com/yt-dlp/yt-dlp/issues/12482  for more details
[info] JQDfjLQ2RqI: Downloading 1 format(s): 18
[download] Sleeping 6.00 seconds as required by the site...
ERROR: unable to download video data: HTTP Error 403: Forbidden
/Users/alexwhitley/Library/Python/3.9/lib/python/site-packages/urllib3/__init__.py:35: NotOpenSSLWarning: urllib3 v2 only supports OpenSSL 1.1.1+, currently the 'ssl' module is compiled with 'LibreSSL 2.8.3'. See: https://github.com/urllib3/urllib3/issues/3020
  warnings.warn(
Deprecated Feature: Support for Python version 3.9 has been deprecated. Please update to Python 3.10 or above
[youtube] Extracting URL: https://www.youtube.com/watch?v=f98xiY_2YBk
[youtube] f98xiY_2YBk: Downloading webpage
[youtube] f98xiY_2YBk: Downloading tv client config
[youtube] f98xiY_2YBk: Downloading tv player API JSON
[youtube] f98xiY_2YBk: Downloading web safari player API JSON
WARNING: [youtube] f98xiY_2YBk: Some web client https formats have been skipped as they are missing a url. YouTube is forcing SABR streaming for this client. See  https://github.com/yt-dlp/yt-dlp/issues/12482  for more details
[info] f98xiY_2YBk: Downloading 1 format(s): 18
[download] Sleeping 5.00 seconds as required by the site...
ERROR: unable to download video data: HTTP Error 403: Forbidden
/Users/alexwhitley/Library/Python/3.9/lib/python/site-packages/urllib3/__init__.py:35: NotOpenSSLWarning: urllib3 v2 only supports OpenSSL 1.1.1+, currently the 'ssl' module is compiled with 'LibreSSL 2.8.3'. See: https://github.com/urllib3/urllib3/issues/3020
  warnings.warn(
Deprecated Feature: Support for Python version 3.9 has been deprecated. Please update to Python 3.10 or above
[youtube] Extracting URL: https://www.youtube.com/watch?v=h0IPx2Nh4es
[youtube] h0IPx2Nh4es: Downloading webpage
[youtube] h0IPx2Nh4es: Downloading tv client config
[youtube] h0IPx2Nh4es: Downloading tv player API JSON
[youtube] h0IPx2Nh4es: Downloading web safari player API JSON
WARNING: [youtube] h0IPx2Nh4es: Some web client https formats have been skipped as they are missing a url. YouTube is forcing SABR streaming for this client. See  https://github.com/yt-dlp/yt-dlp/issues/12482  for more details
[info] h0IPx2Nh4es: Downloading 1 format(s): 18
[download] Sleeping 6.00 seconds as required by the site...
ERROR: unable to download video data: HTTP Error 403: Forbidden
/Users/alexwhitley/Library/Python/3.9/lib/python/site-packages/urllib3/__init__.py:35: NotOpenSSLWarning: urllib3 v2 only supports OpenSSL 1.1.1+, currently the 'ssl' module is compiled with 'LibreSSL 2.8.3'. See: https://github.com/urllib3/urllib3/issues/3020
  warnings.warn(
Deprecated Feature: Support for Python version 3.9 has been deprecated. Please update to Python 3.10 or above
[youtube] Extracting URL: https://www.youtube.com/watch?v=AIdt-HGeKkw
[youtube] AIdt-HGeKkw: Downloading webpage
[youtube] AIdt-HGeKkw: Downloading tv client config
[youtube] AIdt-HGeKkw: Downloading tv player API JSON
[youtube] AIdt-HGeKkw: Downloading web safari player API JSON
WARNING: [youtube] AIdt-HGeKkw: Some web client https formats have been skipped as they are missing a url. YouTube is forcing SABR streaming for this client. See  https://github.com/yt-dlp/yt-dlp/issues/12482  for more details
[info] AIdt-HGeKkw: Downloading 1 format(s): 18
[download] Sleeping 5.00 seconds as required by the site...
ERROR: unable to download video data: HTTP Error 403: Forbidden
/Users/alexwhitley/Library/Python/3.9/lib/python/site-packages/urllib3/__init__.py:35: NotOpenSSLWarning: urllib3 v2 only supports OpenSSL 1.1.1+, currently the 'ssl' module is compiled with 'LibreSSL 2.8.3'. See: https://github.com/urllib3/urllib3/issues/3020
  warnings.warn(
Deprecated Feature: Support for Python version 3.9 has been deprecated. Please update to Python 3.10 or above
[youtube] Extracting URL: https://www.youtube.com/watch?v=E__HGnmseyM
[youtube] E__HGnmseyM: Downloading webpage
[youtube] E__HGnmseyM: Downloading tv client config
[youtube] E__HGnmseyM: Downloading tv player API JSON
[youtube] E__HGnmseyM: Downloading web safari player API JSON
WARNING: [youtube] E__HGnmseyM: Some web client https formats have been skipped as they are missing a url. YouTube is forcing SABR streaming for this client. See  https://github.com/yt-dlp/yt-dlp/issues/12482  for more details
[info] E__HGnmseyM: Downloading 1 format(s): 18
[download] Sleeping 6.00 seconds as required by the site...
ERROR: unable to download video data: HTTP Error 403: Forbidden
/Users/alexwhitley/Library/Python/3.9/lib/python/site-packages/urllib3/__init__.py:35: NotOpenSSLWarning: urllib3 v2 only supports OpenSSL 1.1.1+, currently the 'ssl' module is compiled with 'LibreSSL 2.8.3'. See: https://github.com/urllib3/urllib3/issues/3020
  warnings.warn(
Deprecated Feature: Support for Python version 3.9 has been deprecated. Please update to Python 3.10 or above
[youtube] Extracting URL: https://www.youtube.com/watch?v=jN4V8xkCyAU
[youtube] jN4V8xkCyAU: Downloading webpage
[youtube] jN4V8xkCyAU: Downloading tv client config
[youtube] jN4V8xkCyAU: Downloading tv player API JSON
[youtube] jN4V8xkCyAU: Downloading web safari player API JSON
WARNING: [youtube] jN4V8xkCyAU: Some web client https formats have been skipped as they are missing a url. YouTube is forcing SABR streaming for this client. See  https://github.com/yt-dlp/yt-dlp/issues/12482  for more details
[info] jN4V8xkCyAU: Downloading 1 format(s): 18
[download] Sleeping 5.00 seconds as required by the site...
ERROR: unable to download video data: HTTP Error 403: Forbidden
/Users/alexwhitley/Library/Python/3.9/lib/python/site-packages/urllib3/__init__.py:35: NotOpenSSLWarning: urllib3 v2 only supports OpenSSL 1.1.1+, currently the 'ssl' module is compiled with 'LibreSSL 2.8.3'. See: https://github.com/urllib3/urllib3/issues/3020
  warnings.warn(
Deprecated Feature: Support for Python version 3.9 has been deprecated. Please update to Python 3.10 or above
[youtube] Extracting URL: https://www.youtube.com/watch?v=qjj4nfOF3eU
[youtube] qjj4nfOF3eU: Downloading webpage
[youtube] qjj4nfOF3eU: Downloading tv client config
[youtube] qjj4nfOF3eU: Downloading tv player API JSON
[youtube] qjj4nfOF3eU: Downloading web safari player API JSON
WARNING: [youtube] qjj4nfOF3eU: Some web client https formats have been skipped as they are missing a url. YouTube is forcing SABR streaming for this client. See  https://github.com/yt-dlp/yt-dlp/issues/12482  for more details
[info] qjj4nfOF3eU: Downloading 1 format(s): 18
[download] Sleeping 5.00 seconds as required by the site...
ERROR: unable to download video data: HTTP Error 403: Forbidden
/Users/alexwhitley/Library/Python/3.9/lib/python/site-packages/urllib3/__init__.py:35: NotOpenSSLWarning: urllib3 v2 only supports OpenSSL 1.1.1+, currently the 'ssl' module is compiled with 'LibreSSL 2.8.3'. See: https://github.com/urllib3/urllib3/issues/3020
  warnings.warn(
Deprecated Feature: Support for Python version 3.9 has been deprecated. Please update to Python 3.10 or above
[youtube] Extracting URL: https://www.youtube.com/watch?v=GqnAFSpFFJo
[youtube] GqnAFSpFFJo: Downloading webpage
[youtube] GqnAFSpFFJo: Downloading tv client config
[youtube] GqnAFSpFFJo: Downloading tv player API JSON
[youtube] GqnAFSpFFJo: Downloading web safari player API JSON
WARNING: [youtube] GqnAFSpFFJo: Some web client https formats have been skipped as they are missing a url. YouTube is forcing SABR streaming for this client. See  https://github.com/yt-dlp/yt-dlp/issues/12482  for more details
[info] GqnAFSpFFJo: Downloading 1 format(s): 18
[download] Sleeping 5.00 seconds as required by the site...
ERROR: unable to download video data: HTTP Error 403: Forbidden
/Users/alexwhitley/Library/Python/3.9/lib/python/site-packages/urllib3/__init__.py:35: NotOpenSSLWarning: urllib3 v2 only supports OpenSSL 1.1.1+, currently the 'ssl' module is compiled with 'LibreSSL 2.8.3'. See: https://github.com/urllib3/urllib3/issues/3020
  warnings.warn(
Deprecated Feature: Support for Python version 3.9 has been deprecated. Please update to Python 3.10 or above
[youtube] Extracting URL: https://www.youtube.com/watch?v=3zpxM6l3ozw
[youtube] 3zpxM6l3ozw: Downloading webpage
[youtube] 3zpxM6l3ozw: Downloading tv client config
[youtube] 3zpxM6l3ozw: Downloading tv player API JSON
[youtube] 3zpxM6l3ozw: Downloading web safari player API JSON
WARNING: [youtube] 3zpxM6l3ozw: Some web client https formats have been skipped as they are missing a url. YouTube is forcing SABR streaming for this client. See  https://github.com/yt-dlp/yt-dlp/issues/12482  for more details
[info] 3zpxM6l3ozw: Downloading 1 format(s): 18
[download] Sleeping 5.00 seconds as required by the site...
ERROR: unable to download video data: HTTP Error 403: Forbidden
/Users/alexwhitley/Library/Python/3.9/lib/python/site-packages/urllib3/__init__.py:35: NotOpenSSLWarning: urllib3 v2 only supports OpenSSL 1.1.1+, currently the 'ssl' module is compiled with 'LibreSSL 2.8.3'. See: https://github.com/urllib3/urllib3/issues/3020
  warnings.warn(
Deprecated Feature: Support for Python version 3.9 has been deprecated. Please update to Python 3.10 or above
[youtube] Extracting URL: https://www.youtube.com/watch?v=671zP0p2SwU
[youtube] 671zP0p2SwU: Downloading webpage
[youtube] 671zP0p2SwU: Downloading tv client config
[youtube] 671zP0p2SwU: Downloading tv player API JSON
[youtube] 671zP0p2SwU: Downloading web safari player API JSON
WARNING: [youtube] 671zP0p2SwU: Some web client https formats have been skipped as they are missing a url. YouTube is forcing SABR streaming for this client. See  https://github.com/yt-dlp/yt-dlp/issues/12482  for more details
[info] 671zP0p2SwU: Downloading 1 format(s): 18
[download] Sleeping 6.00 seconds as required by the site...
ERROR: unable to download video data: HTTP Error 403: Forbidden
============================================================
URL:      https://www.youtube.com/watch?v=I6IOctaXD2Y
Title:    The DANGER of Neglecting Your Gifts
Speaker:  John Bevere
Channel:  John Bevere TV
Output:   /Users/alexwhitley/Desktop/rhemata/sources/youtube/cleaned/the_danger_of_neglecting_your_gifts.txt

Downloading audio...
  ✗ Failed: Command '['/Library/Developer/CommandLineTools/usr/bin/python3', '-m', 'yt_dlp', '-x', '--audio-format', 'mp3', '-o', '/var/folders/j0/wf6n6p851ss3mh0ywd3z4jcc0000gn/T/tmp_cd5vah8/audio.%(ext)s', 'https://www.youtube.com/watch?v=I6IOctaXD2Y']' returned non-zero exit status 1.

============================================================
[23/38] NA_johnbeveretv_the_fear_of_the_lord_is_my_treasure.txt
============================================================
URL:      https://www.youtube.com/watch?v=JQDfjLQ2RqI
Title:    The Fear of the Lord Is My Treasure
Speaker:  John Bevere
Channel:  John Bevere TV
Output:   /Users/alexwhitley/Desktop/rhemata/sources/youtube/cleaned/the_fear_of_the_lord_is_my_treasure.txt

Downloading audio...
  ✗ Failed: Command '['/Library/Developer/CommandLineTools/usr/bin/python3', '-m', 'yt_dlp', '-x', '--audio-format', 'mp3', '-o', '/var/folders/j0/wf6n6p851ss3mh0ywd3z4jcc0000gn/T/tmpa6bao8xw/audio.%(ext)s', 'https://www.youtube.com/watch?v=JQDfjLQ2RqI']' returned non-zero exit status 1.

============================================================
[24/38] NA_johnbeveretv_the_keys_to_finishing_well_in_life.txt
============================================================
URL:      https://www.youtube.com/watch?v=f98xiY_2YBk
Title:    The Keys to Finishing Well in Life
Speaker:  John Bevere
Channel:  John Bevere TV
Output:   /Users/alexwhitley/Desktop/rhemata/sources/youtube/cleaned/the_keys_to_finishing_well_in_life.txt

Downloading audio...
  ✗ Failed: Command '['/Library/Developer/CommandLineTools/usr/bin/python3', '-m', 'yt_dlp', '-x', '--audio-format', 'mp3', '-o', '/var/folders/j0/wf6n6p851ss3mh0ywd3z4jcc0000gn/T/tmpis9jrrw4/audio.%(ext)s', 'https://www.youtube.com/watch?v=f98xiY_2YBk']' returned non-zero exit status 1.

============================================================
[25/38] NA_johnbeveretv_the_most_powerful_scripture_for_believers.txt
============================================================
URL:      https://www.youtube.com/watch?v=h0IPx2Nh4es
Title:    The Most Powerful Scripture for Believers
Speaker:  John Bevere
Channel:  John Bevere TV
Output:   /Users/alexwhitley/Desktop/rhemata/sources/youtube/cleaned/the_most_powerful_scripture_for_believers.txt

Downloading audio...
  ✗ Failed: Command '['/Library/Developer/CommandLineTools/usr/bin/python3', '-m', 'yt_dlp', '-x', '--audio-format', 'mp3', '-o', '/var/folders/j0/wf6n6p851ss3mh0ywd3z4jcc0000gn/T/tmpcvs9q9eq/audio.%(ext)s', 'https://www.youtube.com/watch?v=h0IPx2Nh4es']' returned non-zero exit status 1.

============================================================
[26/38] NA_johnbeveretv_the_power_of_developing_your_gift_with_john_bevere.txt
============================================================
URL:      https://www.youtube.com/watch?v=AIdt-HGeKkw
Title:    The Power of Developing Your Gift with John Bevere
Speaker:  John Bevere
Channel:  John Bevere TV
Output:   /Users/alexwhitley/Desktop/rhemata/sources/youtube/cleaned/the_power_of_developing_your_gift_with_john_bevere.txt

Downloading audio...
  ✗ Failed: Command '['/Library/Developer/CommandLineTools/usr/bin/python3', '-m', 'yt_dlp', '-x', '--audio-format', 'mp3', '-o', '/var/folders/j0/wf6n6p851ss3mh0ywd3z4jcc0000gn/T/tmp01j_qt4u/audio.%(ext)s', 'https://www.youtube.com/watch?v=AIdt-HGeKkw']' returned non-zero exit status 1.

============================================================
[27/38] NA_johnbeveretv_the_real_reason_many_have_abandoned_their_faith.txt
============================================================
URL:      https://www.youtube.com/watch?v=E__HGnmseyM
Title:    The REAL Reason Many Have Abandoned Their Faith
Speaker:  John Bevere
Channel:  John Bevere TV
Output:   /Users/alexwhitley/Desktop/rhemata/sources/youtube/cleaned/the_real_reason_many_have_abandoned_their_faith.txt

Downloading audio...
  ✗ Failed: Command '['/Library/Developer/CommandLineTools/usr/bin/python3', '-m', 'yt_dlp', '-x', '--audio-format', 'mp3', '-o', '/var/folders/j0/wf6n6p851ss3mh0ywd3z4jcc0000gn/T/tmppj_gpjrw/audio.%(ext)s', 'https://www.youtube.com/watch?v=E__HGnmseyM']' returned non-zero exit status 1.

============================================================
[28/38] NA_johnbeveretv_the_secret_to_knowing_jesus_deeper.txt
============================================================
URL:      https://www.youtube.com/watch?v=jN4V8xkCyAU
Title:    The SECRET to Knowing Jesus Deeper
Speaker:  John Bevere
Channel:  John Bevere TV
Output:   /Users/alexwhitley/Desktop/rhemata/sources/youtube/cleaned/the_secret_to_knowing_jesus_deeper.txt

Downloading audio...
  ✗ Failed: Command '['/Library/Developer/CommandLineTools/usr/bin/python3', '-m', 'yt_dlp', '-x', '--audio-format', 'mp3', '-o', '/var/folders/j0/wf6n6p851ss3mh0ywd3z4jcc0000gn/T/tmp2mpxsyur/audio.%(ext)s', 'https://www.youtube.com/watch?v=jN4V8xkCyAU']' returned non-zero exit status 1.

============================================================
[29/38] NA_johnbeveretv_this_is_how_to_push_through_resistance.txt
============================================================
URL:      https://www.youtube.com/watch?v=qjj4nfOF3eU
Title:    This Is How to Push through Resistance
Speaker:  John Bevere
Channel:  John Bevere TV
Output:   /Users/alexwhitley/Desktop/rhemata/sources/youtube/cleaned/this_is_how_to_push_through_resistance.txt

Downloading audio...
  ✗ Failed: Command '['/Library/Developer/CommandLineTools/usr/bin/python3', '-m', 'yt_dlp', '-x', '--audio-format', 'mp3', '-o', '/var/folders/j0/wf6n6p851ss3mh0ywd3z4jcc0000gn/T/tmp_ovptn9j/audio.%(ext)s', 'https://www.youtube.com/watch?v=qjj4nfOF3eU']' returned non-zero exit status 1.

============================================================
[30/38] NA_johnbeveretv_this_is_required_to_be_a_steward.txt
============================================================
URL:      https://www.youtube.com/watch?v=GqnAFSpFFJo
Title:    This Is REQUIRED to Be a Steward
Speaker:  John Bevere
Channel:  John Bevere TV
Output:   /Users/alexwhitley/Desktop/rhemata/sources/youtube/cleaned/this_is_required_to_be_a_steward.txt

Downloading audio...
  ✗ Failed: Command '['/Library/Developer/CommandLineTools/usr/bin/python3', '-m', 'yt_dlp', '-x', '--audio-format', 'mp3', '-o', '/var/folders/j0/wf6n6p851ss3mh0ywd3z4jcc0000gn/T/tmpnx410jv9/audio.%(ext)s', 'https://www.youtube.com/watch?v=GqnAFSpFFJo']' returned non-zero exit status 1.

============================================================
[31/38] NA_johnbeveretv_understanding_gods_love.txt
============================================================
URL:      https://www.youtube.com/watch?v=3zpxM6l3ozw
Title:    Understanding God's Love
Speaker:  John Bevere
Channel:  John Bevere TV
Output:   /Users/alexwhitley/Desktop/rhemata/sources/youtube/cleaned/understanding_gods_love.txt

Downloading audio...
  ✗ Failed: Command '['/Library/Developer/CommandLineTools/usr/bin/python3', '-m', 'yt_dlp', '-x', '--audio-format', 'mp3', '-o', '/var/folders/j0/wf6n6p851ss3mh0ywd3z4jcc0000gn/T/tmp1kfa9a7d/audio.%(ext)s', 'https://www.youtube.com/watch?v=3zpxM6l3ozw']' returned non-zero exit status 1.

============================================================
[32/38] NA_johnbeveretv_we_must_resist_this_temptation.txt
============================================================
URL:      https://www.youtube.com/watch?v=671zP0p2SwU
Title:    We Must Resist THIS Temptation
Speaker:  John Bevere
Channel:  John Bevere TV
Output:   /Users/alexwhitley/Desktop/rhemata/sources/youtube/cleaned/we_must_resist_this_temptation.txt

Downloading audio...
/Users/alexwhitley/Library/Python/3.9/lib/python/site-packages/urllib3/__init__.py:35: NotOpenSSLWarning: urllib3 v2 only supports OpenSSL 1.1.1+, currently the 'ssl' module is compiled with 'LibreSSL 2.8.3'. See: https://github.com/urllib3/urllib3/issues/3020
  warnings.warn(
Deprecated Feature: Support for Python version 3.9 has been deprecated. Please update to Python 3.10 or above
[youtube] Extracting URL: https://www.youtube.com/watch?v=IJND-7LBMaA
[youtube] IJND-7LBMaA: Downloading webpage
[youtube] IJND-7LBMaA: Downloading tv client config
[youtube] IJND-7LBMaA: Downloading tv player API JSON
[youtube] IJND-7LBMaA: Downloading web safari player API JSON
WARNING: [youtube] IJND-7LBMaA: Some web client https formats have been skipped as they are missing a url. YouTube is forcing SABR streaming for this client. See  https://github.com/yt-dlp/yt-dlp/issues/12482  for more details
[info] IJND-7LBMaA: Downloading 1 format(s): 18
[download] Sleeping 5.00 seconds as required by the site...
ERROR: unable to download video data: HTTP Error 403: Forbidden
/Users/alexwhitley/Library/Python/3.9/lib/python/site-packages/urllib3/__init__.py:35: NotOpenSSLWarning: urllib3 v2 only supports OpenSSL 1.1.1+, currently the 'ssl' module is compiled with 'LibreSSL 2.8.3'. See: https://github.com/urllib3/urllib3/issues/3020
  warnings.warn(
Deprecated Feature: Support for Python version 3.9 has been deprecated. Please update to Python 3.10 or above
[youtube] Extracting URL: https://www.youtube.com/watch?v=M5M61ontbFc
[youtube] M5M61ontbFc: Downloading webpage
[youtube] M5M61ontbFc: Downloading tv client config
[youtube] M5M61ontbFc: Downloading tv player API JSON
[youtube] M5M61ontbFc: Downloading web safari player API JSON
WARNING: [youtube] M5M61ontbFc: Some web client https formats have been skipped as they are missing a url. YouTube is forcing SABR streaming for this client. See  https://github.com/yt-dlp/yt-dlp/issues/12482  for more details
[info] M5M61ontbFc: Downloading 1 format(s): 18
[download] Sleeping 5.00 seconds as required by the site...
ERROR: unable to download video data: HTTP Error 403: Forbidden
/Users/alexwhitley/Library/Python/3.9/lib/python/site-packages/urllib3/__init__.py:35: NotOpenSSLWarning: urllib3 v2 only supports OpenSSL 1.1.1+, currently the 'ssl' module is compiled with 'LibreSSL 2.8.3'. See: https://github.com/urllib3/urllib3/issues/3020
  warnings.warn(
Deprecated Feature: Support for Python version 3.9 has been deprecated. Please update to Python 3.10 or above
[youtube] Extracting URL: https://www.youtube.com/watch?v=5jNG4goiYas
[youtube] 5jNG4goiYas: Downloading webpage
[youtube] 5jNG4goiYas: Downloading tv client config
[youtube] 5jNG4goiYas: Downloading tv player API JSON
[youtube] 5jNG4goiYas: Downloading web safari player API JSON
WARNING: [youtube] 5jNG4goiYas: Some web client https formats have been skipped as they are missing a url. YouTube is forcing SABR streaming for this client. See  https://github.com/yt-dlp/yt-dlp/issues/12482  for more details
[info] 5jNG4goiYas: Downloading 1 format(s): 18
[download] Sleeping 5.00 seconds as required by the site...
ERROR: unable to download video data: HTTP Error 403: Forbidden
/Users/alexwhitley/Library/Python/3.9/lib/python/site-packages/urllib3/__init__.py:35: NotOpenSSLWarning: urllib3 v2 only supports OpenSSL 1.1.1+, currently the 'ssl' module is compiled with 'LibreSSL 2.8.3'. See: https://github.com/urllib3/urllib3/issues/3020
  warnings.warn(
Deprecated Feature: Support for Python version 3.9 has been deprecated. Please update to Python 3.10 or above
[youtube] Extracting URL: https://www.youtube.com/watch?v=biAYkJCcYH4
[youtube] biAYkJCcYH4: Downloading webpage
[youtube] biAYkJCcYH4: Downloading tv client config
[youtube] biAYkJCcYH4: Downloading tv player API JSON
[youtube] biAYkJCcYH4: Downloading web safari player API JSON
WARNING: [youtube] biAYkJCcYH4: Some web client https formats have been skipped as they are missing a url. YouTube is forcing SABR streaming for this client. See  https://github.com/yt-dlp/yt-dlp/issues/12482  for more details
[info] biAYkJCcYH4: Downloading 1 format(s): 18
[download] Sleeping 5.00 seconds as required by the site...
ERROR: unable to download video data: HTTP Error 403: Forbidden
/Users/alexwhitley/Library/Python/3.9/lib/python/site-packages/urllib3/__init__.py:35: NotOpenSSLWarning: urllib3 v2 only supports OpenSSL 1.1.1+, currently the 'ssl' module is compiled with 'LibreSSL 2.8.3'. See: https://github.com/urllib3/urllib3/issues/3020
  warnings.warn(
Deprecated Feature: Support for Python version 3.9 has been deprecated. Please update to Python 3.10 or above
[youtube] Extracting URL: https://www.youtube.com/watch?v=RvQrMi9rDmw
[youtube] RvQrMi9rDmw: Downloading webpage
[youtube] RvQrMi9rDmw: Downloading tv client config
[youtube] RvQrMi9rDmw: Downloading tv player API JSON
[youtube] RvQrMi9rDmw: Downloading web safari player API JSON
WARNING: [youtube] RvQrMi9rDmw: Some web client https formats have been skipped as they are missing a url. YouTube is forcing SABR streaming for this client. See  https://github.com/yt-dlp/yt-dlp/issues/12482  for more details
[info] RvQrMi9rDmw: Downloading 1 format(s): 18
[download] Sleeping 5.00 seconds as required by the site...
ERROR: unable to download video data: HTTP Error 403: Forbidden
/Users/alexwhitley/Library/Python/3.9/lib/python/site-packages/urllib3/__init__.py:35: NotOpenSSLWarning: urllib3 v2 only supports OpenSSL 1.1.1+, currently the 'ssl' module is compiled with 'LibreSSL 2.8.3'. See: https://github.com/urllib3/urllib3/issues/3020
  warnings.warn(
Deprecated Feature: Support for Python version 3.9 has been deprecated. Please update to Python 3.10 or above
[youtube] Extracting URL: https://www.youtube.com/watch?v=LUVlx7C2qso
[youtube] LUVlx7C2qso: Downloading webpage
[youtube] LUVlx7C2qso: Downloading tv client config
[youtube] LUVlx7C2qso: Downloading tv player API JSON
[youtube] LUVlx7C2qso: Downloading web safari player API JSON
WARNING: [youtube] LUVlx7C2qso: Some web client https formats have been skipped as they are missing a url. YouTube is forcing SABR streaming for this client. See  https://github.com/yt-dlp/yt-dlp/issues/12482  for more details
[info] LUVlx7C2qso: Downloading 1 format(s): 18
[download] Sleeping 5.00 seconds as required by the site...
ERROR: unable to download video data: HTTP Error 403: Forbidden
  ✗ Failed: Command '['/Library/Developer/CommandLineTools/usr/bin/python3', '-m', 'yt_dlp', '-x', '--audio-format', 'mp3', '-o', '/var/folders/j0/wf6n6p851ss3mh0ywd3z4jcc0000gn/T/tmp_apxw26k/audio.%(ext)s', 'https://www.youtube.com/watch?v=671zP0p2SwU']' returned non-zero exit status 1.

============================================================
[33/38] NA_johnbeveretv_what_a_fallen_pastor_taught_me_about_fame_and_influence.txt
============================================================
URL:      https://www.youtube.com/watch?v=IJND-7LBMaA
Title:    What A Fallen Pastor Taught Me About Fame and Influence...
Speaker:  John Bevere
Channel:  John Bevere TV
Output:   /Users/alexwhitley/Desktop/rhemata/sources/youtube/cleaned/what_a_fallen_pastor_taught_me_about_fame_and_influence.txt

Downloading audio...
  ✗ Failed: Command '['/Library/Developer/CommandLineTools/usr/bin/python3', '-m', 'yt_dlp', '-x', '--audio-format', 'mp3', '-o', '/var/folders/j0/wf6n6p851ss3mh0ywd3z4jcc0000gn/T/tmpwq_67s6u/audio.%(ext)s', 'https://www.youtube.com/watch?v=IJND-7LBMaA']' returned non-zero exit status 1.

============================================================
[34/38] NA_johnbeveretv_what_do_you_want_your_legacy_to_be.txt
============================================================
URL:      https://www.youtube.com/watch?v=M5M61ontbFc
Title:    What Do You Want Your Legacy to Be?
Speaker:  John Bevere
Channel:  John Bevere TV
Output:   /Users/alexwhitley/Desktop/rhemata/sources/youtube/cleaned/what_do_you_want_your_legacy_to_be.txt

Downloading audio...
  ✗ Failed: Command '['/Library/Developer/CommandLineTools/usr/bin/python3', '-m', 'yt_dlp', '-x', '--audio-format', 'mp3', '-o', '/var/folders/j0/wf6n6p851ss3mh0ywd3z4jcc0000gn/T/tmp7_wjc_z6/audio.%(ext)s', 'https://www.youtube.com/watch?v=M5M61ontbFc']' returned non-zero exit status 1.

============================================================
[35/38] NA_johnbeveretv_what_you_do_now_impacts_your_children.txt
============================================================
URL:      https://www.youtube.com/watch?v=5jNG4goiYas
Title:    What You Do Now Impacts Your Children
Speaker:  John Bevere
Channel:  John Bevere TV
Output:   /Users/alexwhitley/Desktop/rhemata/sources/youtube/cleaned/what_you_do_now_impacts_your_children.txt

Downloading audio...
  ✗ Failed: Command '['/Library/Developer/CommandLineTools/usr/bin/python3', '-m', 'yt_dlp', '-x', '--audio-format', 'mp3', '-o', '/var/folders/j0/wf6n6p851ss3mh0ywd3z4jcc0000gn/T/tmpwkgps4u6/audio.%(ext)s', 'https://www.youtube.com/watch?v=5jNG4goiYas']' returned non-zero exit status 1.

============================================================
[36/38] NA_johnbeveretv_why_does_god_hate_sin_watch_this.txt
============================================================
URL:      https://www.youtube.com/watch?v=biAYkJCcYH4
Title:    Why Does God HATE Sin? Watch This.
Speaker:  John Bevere
Channel:  John Bevere TV
Output:   /Users/alexwhitley/Desktop/rhemata/sources/youtube/cleaned/why_does_god_hate_sin_watch_this.txt

Downloading audio...
  ✗ Failed: Command '['/Library/Developer/CommandLineTools/usr/bin/python3', '-m', 'yt_dlp', '-x', '--audio-format', 'mp3', '-o', '/var/folders/j0/wf6n6p851ss3mh0ywd3z4jcc0000gn/T/tmp9_gcbsi6/audio.%(ext)s', 'https://www.youtube.com/watch?v=biAYkJCcYH4']' returned non-zero exit status 1.

============================================================
[37/38] NA_johnbeveretv_why_you_are_not_experiencing_the_presence_of_god.txt
============================================================
URL:      https://www.youtube.com/watch?v=RvQrMi9rDmw
Title:    Why You Are Not Experiencing the Presence of God
Speaker:  John Bevere
Channel:  John Bevere TV
Output:   /Users/alexwhitley/Desktop/rhemata/sources/youtube/cleaned/why_you_are_not_experiencing_the_presence_of_god.txt

Downloading audio...
  ✗ Failed: Command '['/Library/Developer/CommandLineTools/usr/bin/python3', '-m', 'yt_dlp', '-x', '--audio-format', 'mp3', '-o', '/var/folders/j0/wf6n6p851ss3mh0ywd3z4jcc0000gn/T/tmpys35dv8q/audio.%(ext)s', 'https://www.youtube.com/watch?v=RvQrMi9rDmw']' returned non-zero exit status 1.

============================================================
[38/38] NA_johnbeveretv_why_you_cant_stop_sinning_and_how_to_stop.txt
============================================================
URL:      https://www.youtube.com/watch?v=LUVlx7C2qso
Title:    Why You Can't Stop Sinning (and how to stop)
Speaker:  John Bevere
Channel:  John Bevere TV
Output:   /Users/alexwhitley/Desktop/rhemata/sources/youtube/cleaned/why_you_cant_stop_sinning_and_how_to_stop.txt

Downloading audio...
  ✗ Failed: Command '['/Library/Developer/CommandLineTools/usr/bin/python3', '-m', 'yt_dlp', '-x', '--audio-format', 'mp3', '-o', '/var/folders/j0/wf6n6p851ss3mh0ywd3z4jcc0000gn/T/tmp559zl7_4/audio.%(ext)s', 'https://www.youtube.com/watch?v=LUVlx7C2qso']' returned non-zero exit status 1.

============================================================
Done. 0 processed, 38 failed.

========================================
  Step 4/4: Ingest into Supabase
========================================
/Users/alexwhitley/Library/Python/3.9/lib/python/site-packages/urllib3/__init__.py:35: NotOpenSSLWarning: urllib3 v2 only supports OpenSSL 1.1.1+, currently the 'ssl' module is compiled with 'LibreSSL 2.8.3'. See: https://github.com/urllib3/urllib3/issues/3020
  warnings.warn(
Found 67 file(s) to process

============================================================
Processing: John Bevere Sermon_johnbeveretv_experience_gods_awe.txt [COPYRIGHTED]
============================================================
Extracting text (.txt)...
  Parsed headers: {'TITLE': "Experience God's Awe", 'SPEAKER': 'John Bevere', 'CHANNEL': 'John Bevere TV', 'URL': 'https://www.youtube.com/watch?v=4TFt9JkZDT0', 'SOURCE_URL': 'https://www.youtube.com/watch?v=4TFt9JkZDT0', 'PUBLISHED': 'John Bevere Sermon', 'DURATION_MIN': '0.0', 'SOURCE_TYPE': 'sermon'}
  1 pages extracted
Detecting metadata via Groq...
  Title:   Experience God's Awe
  Author:  John Bevere
  Year:    None
  Source:  John Bevere TV
  Tags:    ['intimacy with God', 'fear of the Lord', 'discipleship', 'Holy Spirit', 'kingdom of God']
Chunking...
  19 chunks created
Extracting Bible references...
  14 reference(s): Isaiah 33:6, Exodus 20:20, Hebrews 1, Hebrews 1:9, Psalm 89:7 ... (+9)
Inserting document record...
  Document ID: 6083b57c-2fab-4ece-b754-b215b06e882b
Embedding and inserting 19 chunks...
  Embedding chunk 1/19...
  Embedding chunk 2/19...
  Embedding chunk 3/19...
  Embedding chunk 4/19...
  Embedding chunk 5/19...
  Embedding chunk 6/19...
  Embedding chunk 7/19...
  Embedding chunk 8/19...
  Embedding chunk 9/19...
  Embedding chunk 10/19...
  Embedding chunk 11/19...
  Embedding chunk 12/19...
  Embedding chunk 13/19...
  Embedding chunk 14/19...
  Embedding chunk 15/19...
  Embedding chunk 16/19...
  Embedding chunk 17/19...
  Embedding chunk 18/19...
  Embedding chunk 19/19...
Tagging document...
  Removed invalid tags: ['Fear of the Lord']
  Tags: ['Intimacy with Jesus', 'Discipleship and Mentoring', 'Holiness and Sanctification']
Done: John Bevere Sermon_johnbeveretv_experience_gods_awe.txt
  Moved to: /Users/alexwhitley/Desktop/rhemata/sources/youtube/ingested/John Bevere Sermon_johnbeveretv_experience_gods_awe.txt

============================================================
Processing: John Bevere_johnbeveretv_god_has_made_your_calling_beyond_your_natural_ability.txt [COPYRIGHTED]
============================================================
Extracting text (.txt)...
  Parsed headers: {'TITLE': 'God Has Made Your Calling beyond Your Natural Ability', 'SPEAKER': 'John Bevere', 'CHANNEL': 'John Bevere TV', 'URL': 'https://www.youtube.com/watch?v=ZjQGOHgjA7g', 'SOURCE_URL': 'https://www.youtube.com/watch?v=ZjQGOHgjA7g', 'PUBLISHED': 'John Bevere', 'DURATION_MIN': '0.0', 'SOURCE_TYPE': 'sermon'}
  1 pages extracted
Detecting metadata via Groq...
  Title:   God Has Made Your Calling beyond Your Natural Ability
  Author:  John Bevere
  Year:    None
  Source:  John Bevere TV
  Tags:    ['Grace', 'Empowerment', 'Spiritual Growth', 'Christian Living']
Chunking...
  6 chunks created
Extracting Bible references...
  7 reference(s): 2 Corinthians 12:9, Acts 11, Romans 5, 1 Corinthians 15:10, Isaiah 48:11 ... (+2)
Inserting document record...
  Document ID: 8f7db156-ae46-4f4c-978e-3c949c05f413
Embedding and inserting 6 chunks...
  Embedding chunk 1/6...
  Embedding chunk 2/6...
  Embedding chunk 3/6...
  Embedding chunk 4/6...
  Embedding chunk 5/6...
  Embedding chunk 6/6...
Tagging document...
  Tagging failed: No valid JSON found: line 1 column 1 (char 0)
  Raw response: {"topic_tags": ["Grace and Mercy", "Empowering Presence of God", "God's Comfort" is not accurate, instead use "The concept is closely related to"] 
is not a tag, instead use  "Power for Service", "The concept of God's grace is closely related to"] 
is not a tag, instead use  "Grace and Mercy" is the main theme and "Power for Service" is also a main theme] 
Therefore: 
{"topic_tags": ["Grace and Mercy", "Power for Service"]}
  No valid tags assigned
Done: John Bevere_johnbeveretv_god_has_made_your_calling_beyond_your_natural_ability.txt
  Moved to: /Users/alexwhitley/Desktop/rhemata/sources/youtube/ingested/John Bevere_johnbeveretv_god_has_made_your_calling_beyond_your_natural_ability.txt

============================================================
Processing: John Bevere_johnbeveretv_how_to_know_if_youre_following_the_real_jesus.txt [COPYRIGHTED]
============================================================
Extracting text (.txt)...
  Parsed headers: {'TITLE': 'How to Know If You’re Following the Real Jesus', 'SPEAKER': 'John Bevere', 'CHANNEL': 'John Bevere TV', 'URL': 'https://www.youtube.com/watch?v=2T4QEIDEttA', 'SOURCE_URL': 'https://www.youtube.com/watch?v=2T4QEIDEttA', 'PUBLISHED': 'John Bevere', 'DURATION_MIN': '0.0', 'SOURCE_TYPE': 'sermon'}
  1 pages extracted
Detecting metadata via Groq...
  Title:   How to Know If You’re Following the Real Jesus
  Author:  John Bevere
  Year:    None
  Source:  John Bevere TV
  Tags:    ['Jesus', 'deception', 'obedience', 'false idols']
Chunking...
  2 chunks created
Extracting Bible references...
  No Bible references found
Inserting document record...
  Document ID: 2d6c6ddd-13f1-4d74-b539-5875fd7cfb60
Embedding and inserting 2 chunks...
  Embedding chunk 1/2...
  Embedding chunk 2/2...
Tagging document...
  Tags: ['Biblical Authority', 'The Lordship of Christ', 'Discerning of Spirits', 'Biblical Leadership']
Done: John Bevere_johnbeveretv_how_to_know_if_youre_following_the_real_jesus.txt
  Moved to: /Users/alexwhitley/Desktop/rhemata/sources/youtube/ingested/John Bevere_johnbeveretv_how_to_know_if_youre_following_the_real_jesus.txt

============================================================
Processing: John Bevere_johnbeveretv_how_to_maintain_a_clear_conscience.txt [COPYRIGHTED]
============================================================
Extracting text (.txt)...
  Parsed headers: {'TITLE': 'How to Maintain a Clear Conscience', 'SPEAKER': 'John Bevere', 'CHANNEL': 'John Bevere TV', 'URL': 'https://www.youtube.com/watch?v=wtyIy2RZ1vQ', 'SOURCE_URL': 'https://www.youtube.com/watch?v=wtyIy2RZ1vQ', 'PUBLISHED': 'John Bevere', 'DURATION_MIN': '0.0', 'SOURCE_TYPE': 'sermon'}
  1 pages extracted
Detecting metadata via Groq...
  Title:   How to Maintain a Clear Conscience
  Author:  John Bevere
  Year:    None
  Source:  johnbeveretv
  Tags:    ['Conscience', 'Spirituality', 'Christian Living', 'Faith']
Chunking...
  2 chunks created
Extracting Bible references...
  1 reference(s): 1 Timothy 1:19
Inserting document record...
  Document ID: c581c7bc-cf0c-43a3-b5a6-a3268c832ddc
Embedding and inserting 2 chunks...
  Embedding chunk 1/2...
  Embedding chunk 2/2...
Tagging document...
  Removed invalid tags: ["Holy Spirit not explicitly but related to 'Spirit' so instead use", "Conscience related to 'Holiness and Sanctification'", "Relationship with God through 'conscience' related to 'Intimacy with Jesus'"]
  Tags: ['Accountability in Christ', 'Protecting Your Mind']
Done: John Bevere_johnbeveretv_how_to_maintain_a_clear_conscience.txt
  Moved to: /Users/alexwhitley/Desktop/rhemata/sources/youtube/ingested/John Bevere_johnbeveretv_how_to_maintain_a_clear_conscience.txt

============================================================
Processing: John Bevere_johnbeveretv_its_never_too_late.txt [COPYRIGHTED]
============================================================
Extracting text (.txt)...
  Parsed headers: {'TITLE': "It's Never Too Late", 'SPEAKER': 'John Bevere', 'CHANNEL': 'John Bevere TV', 'URL': 'https://www.youtube.com/watch?v=1Bp5yjB-EnM', 'SOURCE_URL': 'https://www.youtube.com/watch?v=1Bp5yjB-EnM', 'PUBLISHED': 'John Bevere', 'DURATION_MIN': '0.0', 'SOURCE_TYPE': 'sermon'}
  1 pages extracted
Detecting metadata via Groq...
  Title:   It's Never Too Late
  Author:  John Bevere
  Year:    None
  Source:  John Bevere TV
  Tags:    ['Spiritual Gifts', 'Kingdom of God', 'Stewardship', 'Faith']
Chunking...
  8 chunks created
Extracting Bible references...
  11 reference(s): Romans 12, Ephesians 2:8-9, Ephesians 2:10, Ephesians 4:1, 1 Corinthians 1:26 ... (+6)
Inserting document record...
  Document ID: 619e71a6-ae75-4619-8656-afb59f0e73e5
Embedding and inserting 8 chunks...
  Embedding chunk 1/8...
  Embedding chunk 2/8...
  Embedding chunk 3/8...
  Embedding chunk 4/8...
  Embedding chunk 5/8...
  Embedding chunk 6/8...
  Embedding chunk 7/8...
  Embedding chunk 8/8...
Tagging document...
  Removed invalid tags: ['Gifts of the Spirit']
  Tags: ['Stewardship and Finances', 'Kingdom of God', 'Stirring Up Gifts']
Done: John Bevere_johnbeveretv_its_never_too_late.txt
  Moved to: /Users/alexwhitley/Desktop/rhemata/sources/youtube/ingested/John Bevere_johnbeveretv_its_never_too_late.txt

============================================================
Processing: John Bevere_johnbeveretv_obey_even_if_its_painful.txt [COPYRIGHTED]
============================================================
Extracting text (.txt)...
  Parsed headers: {'TITLE': 'Obey Even If It’s Painful', 'SPEAKER': 'John Bevere', 'CHANNEL': 'John Bevere TV', 'URL': 'https://www.youtube.com/watch?v=e9DVU1c_KKI', 'SOURCE_URL': 'https://www.youtube.com/watch?v=e9DVU1c_KKI', 'PUBLISHED': 'John Bevere', 'DURATION_MIN': '0.0', 'SOURCE_TYPE': 'sermon'}
  1 pages extracted
Detecting metadata via Groq...
  Title:   Obey Even If It’s Painful
  Author:  John Bevere
  Year:    None
  Source:  John Bevere TV
  Tags:    ['Obedience', 'Faith', 'Persecution', "God's Word", 'Christian Living']
Chunking...
  2 chunks created
Extracting Bible references...
  No Bible references found
Inserting document record...
  Document ID: bcc55a4e-9d8c-44ca-8564-ea0893bb018e
Embedding and inserting 2 chunks...
  Embedding chunk 1/2...
  Embedding chunk 2/2...
Tagging document...
  Removed invalid tags: ['Obeying God']
  Tags: ['Accountability in Christ', 'Authority of the Believer', 'Biblical Authority']
Done: John Bevere_johnbeveretv_obey_even_if_its_painful.txt
  Moved to: /Users/alexwhitley/Desktop/rhemata/sources/youtube/ingested/John Bevere_johnbeveretv_obey_even_if_its_painful.txt

============================================================
Processing: John Bevere_johnbeveretv_obey_god_to_completion.txt [COPYRIGHTED]
============================================================
Extracting text (.txt)...
  Parsed headers: {'TITLE': 'Obey God to Completion', 'SPEAKER': 'John Bevere', 'CHANNEL': 'John Bevere TV', 'URL': 'https://www.youtube.com/watch?v=blBwL-MUbcU', 'SOURCE_URL': 'https://www.youtube.com/watch?v=blBwL-MUbcU', 'PUBLISHED': 'John Bevere', 'DURATION_MIN': '0.0', 'SOURCE_TYPE': 'sermon'}
  1 pages extracted
Detecting metadata via Groq...
  Title:   Obey God to Completion
  Author:  John Bevere
  Year:    None
  Source:  John Bevere TV
  Tags:    ['Obedience', 'Holy Fear', 'Faithfulness', 'Disobedience', "God's Will"]
Chunking...
  2 chunks created
Extracting Bible references...
  1 reference(s): Luke 17:10
Inserting document record...
  Document ID: ec9699d8-0c4e-4c7d-8dd5-aebd20b9332b
Embedding and inserting 2 chunks...
  Embedding chunk 1/2...
  Embedding chunk 2/2...
Tagging document...
  Removed invalid tags: ["Obeying God's Will", "No direct match, but closest is 'Honoring Biblical Authority'", "No direct match, but closest is 'Led by the Spirit'"]
  Tags: ['Accountability in Christ', 'Authority of the Believer']
Done: John Bevere_johnbeveretv_obey_god_to_completion.txt
  Moved to: /Users/alexwhitley/Desktop/rhemata/sources/youtube/ingested/John Bevere_johnbeveretv_obey_god_to_completion.txt

============================================================
Processing: John Bevere_johnbeveretv_pursue_jesus_as_much_as_he_pursues_you.txt [COPYRIGHTED]
============================================================
Extracting text (.txt)...
  Parsed headers: {'TITLE': 'Pursue Jesus as Much as He Pursues You', 'SPEAKER': 'John Bevere', 'CHANNEL': 'John Bevere TV', 'URL': 'https://www.youtube.com/watch?v=wMCOnYpCqLU', 'SOURCE_URL': 'https://www.youtube.com/watch?v=wMCOnYpCqLU', 'PUBLISHED': 'John Bevere', 'DURATION_MIN': '0.0', 'SOURCE_TYPE': 'sermon'}
  1 pages extracted
Detecting metadata via Groq...
  Title:   Pursue Jesus as Much as He Pursues You
  Author:  John Bevere
  Year:    None
  Source:  John Bevere TV
  Tags:    ['Intimacy with God', 'Fear of the Lord', 'Knowing God', 'Christian Living', 'Spiritual Growth']
Chunking...
  3 chunks created
Extracting Bible references...
  4 reference(s): Proverbs 2:5, Exodus 33:12-13, Genesis 4:1, Psalm 139
Inserting document record...
  Document ID: b150cbfe-53b9-4824-9132-901646b72f37
Embedding and inserting 3 chunks...
  Embedding chunk 1/3...
  Embedding chunk 2/3...
  Embedding chunk 3/3...
Tagging document...
  Removed invalid tags: ['Fear of the Lord']
  Tags: ['Intimacy with Jesus', "Knowing God's Heart", "Knowing God's Will"]
Done: John Bevere_johnbeveretv_pursue_jesus_as_much_as_he_pursues_you.txt
  Moved to: /Users/alexwhitley/Desktop/rhemata/sources/youtube/ingested/John Bevere_johnbeveretv_pursue_jesus_as_much_as_he_pursues_you.txt

============================================================
Processing: John Bevere_johnbeveretv_the_power_of_your_yes.txt [COPYRIGHTED]
============================================================
Extracting text (.txt)...
  Parsed headers: {'TITLE': 'The Power of Your Yes', 'SPEAKER': 'John Bevere', 'CHANNEL': 'John Bevere TV', 'URL': 'https://www.youtube.com/watch?v=0Cct3PkKkvk', 'SOURCE_URL': 'https://www.youtube.com/watch?v=0Cct3PkKkvk', 'PUBLISHED': 'John Bevere', 'DURATION_MIN': '0.0', 'SOURCE_TYPE': 'sermon'}
  1 pages extracted
Detecting metadata via Groq...
  Title:   The Power of Your Yes
  Author:  John Bevere
  Year:    None
  Source:  John Bevere TV
  Tags:    ['obedience', 'faith', 'trust', 'fearing God']
Chunking...
  2 chunks created
Extracting Bible references...
  No Bible references found
Inserting document record...
  Document ID: 16b7511e-9c6c-4b18-a12c-2b17b9241010
Embedding and inserting 2 chunks...
  Embedding chunk 1/2...
  Embedding chunk 2/2...
Tagging document...
  Removed invalid tags: ["Obeying God's Will"]
  Tags: ['Authority of the Believer', 'Biblical Authority', 'Faith and Perseverance', 'Victory in Christ']
Done: John Bevere_johnbeveretv_the_power_of_your_yes.txt
  Moved to: /Users/alexwhitley/Desktop/rhemata/sources/youtube/ingested/John Bevere_johnbeveretv_the_power_of_your_yes.txt

============================================================
Processing: NA_johnbeveretv_addressing_the_tolerance_of_unholy_behavior_in_your_life.txt [COPYRIGHTED]
============================================================
Extracting text (.txt)...
  Parsed headers: {'TITLE': 'Addressing the Tolerance of Unholy Behavior in Your Life', 'SPEAKER': 'John Bevere', 'CHANNEL': 'John Bevere TV', 'URL': 'https://www.youtube.com/watch?v=hUEdLEDo21w', 'SOURCE_URL': 'https://www.youtube.com/watch?v=hUEdLEDo21w', 'PUBLISHED': 'NA', 'DURATION_MIN': '0.0', 'SOURCE_TYPE': 'sermon'}
  1 pages extracted
Detecting metadata via Groq...
  Title:   Addressing the Tolerance of Unholy Behavior in Your Life
  Author:  John Bevere
  Year:    None
  Source:  None
  Tags:    ['Christian Living', 'Spiritual Growth', 'Entitlement', 'Reverent Fear', 'Servant Attitude']
Chunking...
  2 chunks created
Extracting Bible references...
  1 reference(s): 1 Peter 1:14-17
Inserting document record...
  Document ID: 6b49e701-22e7-40db-929a-7bbb5ddbe883
Embedding and inserting 2 chunks...
  Embedding chunk 1/2...
  Embedding chunk 2/2...
Tagging document...
  Tags: ['Accountability in Christ', 'Authority of the Believer', 'Holiness and Sanctification', 'Led by the Spirit']
Done: NA_johnbeveretv_addressing_the_tolerance_of_unholy_behavior_in_your_life.txt
  Moved to: /Users/alexwhitley/Desktop/rhemata/sources/youtube/ingested/NA_johnbeveretv_addressing_the_tolerance_of_unholy_behavior_in_your_life.txt

============================================================
Processing: NA_johnbeveretv_breaking_the_chains_stop_tolerating_sin_today.txt [COPYRIGHTED]
============================================================
Extracting text (.txt)...
  Parsed headers: {'TITLE': 'Breaking the Chains: Stop Tolerating Sin Today', 'SPEAKER': 'John Bevere', 'CHANNEL': 'John Bevere TV', 'URL': 'https://www.youtube.com/watch?v=h4IScjpezzo', 'SOURCE_URL': 'https://www.youtube.com/watch?v=h4IScjpezzo', 'PUBLISHED': 'NA', 'DURATION_MIN': '0.0', 'SOURCE_TYPE': 'sermon'}
  1 pages extracted
Detecting metadata via Groq...
  Title:   Breaking the Chains: Stop Tolerating Sin Today
  Author:  John Bevere
  Year:    None
  Source:  None
  Tags:    ['Fear of God', 'Love of God', 'Sin', 'Christian Living', 'Spiritual Growth']
Chunking...
  2 chunks created
Extracting Bible references...
  1 reference(s): Proverbs 16:6
Inserting document record...
  Document ID: f867f20b-9eee-45d5-bb53-c66caab97919
Embedding and inserting 2 chunks...
  Embedding chunk 1/2...
  Embedding chunk 2/2...
Tagging document...
  Removed invalid tags: ['Fear of God']
  Tags: ['Authority of the Believer', 'Holiness and Sanctification', 'Love and Sacrifice', 'The Lordship of Christ']
Done: NA_johnbeveretv_breaking_the_chains_stop_tolerating_sin_today.txt
  Moved to: /Users/alexwhitley/Desktop/rhemata/sources/youtube/ingested/NA_johnbeveretv_breaking_the_chains_stop_tolerating_sin_today.txt

============================================================
Processing: NA_johnbeveretv_come_close_to_god_and_he_will_come_close_to_you.txt [COPYRIGHTED]
============================================================
Extracting text (.txt)...
  Parsed headers: {'TITLE': 'Come Close to God, and He Will Come Close to You', 'SPEAKER': 'John Bevere', 'CHANNEL': 'John Bevere TV', 'URL': 'https://www.youtube.com/watch?v=Nqp-D32Rq94', 'SOURCE_URL': 'https://www.youtube.com/watch?v=Nqp-D32Rq94', 'PUBLISHED': 'NA', 'DURATION_MIN': '0.0', 'SOURCE_TYPE': 'sermon'}
  1 pages extracted
Detecting metadata via Groq...
  Title:   Come Close to God, and He Will Come Close to You
  Author:  John Bevere
  Year:    None
  Source:  None
  Tags:    ['Friendship with God', 'Righteousness', 'Spiritual Awareness', 'Faith', 'Obedience']
Chunking...
  3 chunks created
Extracting Bible references...
  No Bible references found
Inserting document record...
  Document ID: 93e754e8-7581-442f-bd37-dd91e3344be5
Embedding and inserting 3 chunks...
  Embedding chunk 1/3...
  Embedding chunk 2/3...
  Embedding chunk 3/3...
Tagging document...
  Tags: ['Friendship in Christ', 'Intimacy with Jesus', "Knowing God's Heart", 'Relationship Restoration']
Done: NA_johnbeveretv_come_close_to_god_and_he_will_come_close_to_you.txt
  Moved to: /Users/alexwhitley/Desktop/rhemata/sources/youtube/ingested/NA_johnbeveretv_come_close_to_god_and_he_will_come_close_to_you.txt

============================================================
Processing: NA_johnbeveretv_desire_and_power_a_journey_to_intimacy_with_god.txt [COPYRIGHTED]
============================================================
Extracting text (.txt)...
  Parsed headers: {'TITLE': 'Desire and Power: A Journey to Intimacy with God', 'SPEAKER': 'John Bevere', 'CHANNEL': 'John Bevere TV', 'URL': 'https://www.youtube.com/watch?v=zf7n-UobhI0', 'SOURCE_URL': 'https://www.youtube.com/watch?v=zf7n-UobhI0', 'PUBLISHED': 'NA', 'DURATION_MIN': '0.0', 'SOURCE_TYPE': 'sermon'}
  1 pages extracted
Detecting metadata via Groq...
  Title:   Desire and Power: A Journey to Intimacy with God
  Author:  John Bevere
  Year:    None
  Source:  None
  Tags:    ['Intimacy with God', 'Fear of the Lord', 'Grace of God', 'Spiritual Growth']
Chunking...
  1 chunks created
Extracting Bible references...
  3 reference(s): 2 Corinthians 12:9, 2 Peter 1, Ephesians 3:20
Inserting document record...
  Document ID: d3c193c3-0bd5-4414-a22a-8c7eaadefef6
Embedding and inserting 1 chunks...
  Embedding chunk 1/1...
Tagging document...
  Removed invalid tags: ['Fear and Trembling', 'The Fear of the Lord']
  Tags: ['Grace and Mercy', 'Faith and Perseverance', 'Power for Service']
Done: NA_johnbeveretv_desire_and_power_a_journey_to_intimacy_with_god.txt
  Moved to: /Users/alexwhitley/Desktop/rhemata/sources/youtube/ingested/NA_johnbeveretv_desire_and_power_a_journey_to_intimacy_with_god.txt

============================================================
Processing: NA_johnbeveretv_discover_the_secret_to_experiencing_gods_presence.txt [COPYRIGHTED]
============================================================
Extracting text (.txt)...
  Parsed headers: {'TITLE': "Discover the Secret to Experiencing God's Presence", 'SPEAKER': 'John Bevere', 'CHANNEL': 'John Bevere TV', 'URL': 'https://www.youtube.com/watch?v=vkUov9Dby9A', 'SOURCE_URL': 'https://www.youtube.com/watch?v=vkUov9Dby9A', 'PUBLISHED': 'NA', 'DURATION_MIN': '0.0', 'SOURCE_TYPE': 'sermon'}
  1 pages extracted
Detecting metadata via Groq...
  Title:   Discover the Secret to Experiencing God's Presence
  Author:  John Bevere
  Year:    None
  Source:  None
  Tags:    ["God's Presence", 'Holy Fear', 'Obedience', 'Worship', 'Spiritual Growth']
Chunking...
  2 chunks created
Extracting Bible references...
  4 reference(s): Leviticus 10:1, Psalm 139, John 14, 2 Corinthians 6
Inserting document record...
  Document ID: 68f22935-56d3-40d5-ab61-c0ae2c1236bc
Embedding and inserting 2 chunks...
  Embedding chunk 1/2...
  Embedding chunk 2/2...
Tagging document...
  Removed invalid tags: ['Holy awe is related to the topic of Holiness and Sanctification']
  Tags: ['Atmosphere of Worship', 'Manifestations of God', 'Intimacy with Jesus']
Done: NA_johnbeveretv_discover_the_secret_to_experiencing_gods_presence.txt
  Moved to: /Users/alexwhitley/Desktop/rhemata/sources/youtube/ingested/NA_johnbeveretv_discover_the_secret_to_experiencing_gods_presence.txt

============================================================
Processing: NA_johnbeveretv_discover_the_true_desires_of_your_heart.txt [COPYRIGHTED]
============================================================
Extracting text (.txt)...
  Parsed headers: {'TITLE': 'Discover the True Desires of Your Heart', 'SPEAKER': 'John Bevere', 'CHANNEL': 'John Bevere TV', 'URL': 'https://www.youtube.com/watch?v=NQnoNDQwcgU', 'SOURCE_URL': 'https://www.youtube.com/watch?v=NQnoNDQwcgU', 'PUBLISHED': 'NA', 'DURATION_MIN': '0.0', 'SOURCE_TYPE': 'sermon'}
  1 pages extracted
Detecting metadata via Groq...
  Title:   Discover the True Desires of Your Heart
  Author:  John Bevere
  Year:    None
  Source:  None
  Tags:    ['Hypocrisy', 'Purity of Heart', 'Fear of God', 'Christian Living']
Chunking...
  2 chunks created
Extracting Bible references...
  2 reference(s): Luke 12:1, Luke 12:2
Inserting document record...
  Document ID: bffcd78f-7f8b-468c-9f79-1b8e0bdf23f3
Embedding and inserting 2 chunks...
  Embedding chunk 1/2...
  Embedding chunk 2/2...
Tagging document...
  Removed invalid tags: ['Fear of God', 'Hypocrisy is not directly a tag, but related to Accountability and Holiness, so removing and choosing a more accurate one: Honoring Biblical Authority']
  Tags: ['Accountability in Christ', 'Character of Christ', 'Holiness and Sanctification']
Done: NA_johnbeveretv_discover_the_true_desires_of_your_heart.txt
  Moved to: /Users/alexwhitley/Desktop/rhemata/sources/youtube/ingested/NA_johnbeveretv_discover_the_true_desires_of_your_heart.txt

============================================================
Processing: NA_johnbeveretv_discover_your_true_value_to_god.txt [COPYRIGHTED]
============================================================
Extracting text (.txt)...
  Parsed headers: {'TITLE': 'Discover Your True Value to God', 'SPEAKER': 'John Bevere', 'CHANNEL': 'John Bevere TV', 'URL': 'https://www.youtube.com/watch?v=AMSFU9ccJso', 'SOURCE_URL': 'https://www.youtube.com/watch?v=AMSFU9ccJso', 'PUBLISHED': 'NA', 'DURATION_MIN': '0.0', 'SOURCE_TYPE': 'sermon'}
  1 pages extracted
Detecting metadata via Groq...
  Title:   Discover Your True Value to God
  Author:  John Bevere
  Year:    None
  Source:  None
  Tags:    ['Self-Worth', 'Salvation', "God's Love", 'Redemption']
Chunking...
  2 chunks created
Extracting Bible references...
  2 reference(s): John 17:20, John 17:23
Inserting document record...
  Document ID: 09de6879-c3ef-4326-ad78-7c096098d432
Embedding and inserting 2 chunks...
  Embedding chunk 1/2...
  Embedding chunk 2/2...
Tagging document...
  Removed invalid tags: ['Value of the Believer', "God's Love", 'Value to God', "Worth in God's Eyes"]
  Only 0 valid tag(s), retrying...
  Tags: ['Authority of the Believer', "God's Comfort", 'Grace and Mercy', 'The Lordship of Christ', "Knowing God's Heart"]
Done: NA_johnbeveretv_discover_your_true_value_to_god.txt
  Moved to: /Users/alexwhitley/Desktop/rhemata/sources/youtube/ingested/NA_johnbeveretv_discover_your_true_value_to_god.txt

============================================================
Processing: NA_johnbeveretv_do_you_want_to_be_close_to_jesus.txt [COPYRIGHTED]
============================================================
Extracting text (.txt)...
  Parsed headers: {'TITLE': 'Do You Want to Be Close to Jesus?', 'SPEAKER': 'John Bevere', 'CHANNEL': 'John Bevere TV', 'URL': 'https://www.youtube.com/watch?v=D5yTzC8Jxlc', 'SOURCE_URL': 'https://www.youtube.com/watch?v=D5yTzC8Jxlc', 'PUBLISHED': 'NA', 'DURATION_MIN': '0.0', 'SOURCE_TYPE': 'sermon'}
  1 pages extracted
Detecting metadata via Groq...
  Title:   Do You Want to Be Close to Jesus?
  Author:  John Bevere
  Year:    None
  Source:  None
  Tags:    ['Christian Living', 'Intimacy with God', 'Holy Fear', 'Friendship with Jesus', 'Spiritual Growth']
Chunking...
  2 chunks created
Extracting Bible references...
  4 reference(s): Galatians 4:1, James 4:5, James 4:8, John 15:14
Inserting document record...
  Document ID: 42e9e042-2e54-4a03-a9b1-de11d201b5c7
Embedding and inserting 2 chunks...
  Embedding chunk 1/2...
  Embedding chunk 2/2...
Tagging document...
  Removed invalid tags: ['Fear of the Lord']
  Tags: ['Intimacy with Jesus', 'Relationship Restoration', 'The Lordship of Christ', 'Holiness and Sanctification', "Knowing God's Heart"]
Done: NA_johnbeveretv_do_you_want_to_be_close_to_jesus.txt
  Moved to: /Users/alexwhitley/Desktop/rhemata/sources/youtube/ingested/NA_johnbeveretv_do_you_want_to_be_close_to_jesus.txt

============================================================
Processing: NA_johnbeveretv_embrace_your_unique_talents_and_flourish.txt [COPYRIGHTED]
============================================================
Extracting text (.txt)...
  Parsed headers: {'TITLE': 'Embrace Your Unique Talents and Flourish', 'SPEAKER': 'John Bevere', 'CHANNEL': 'John Bevere TV', 'URL': 'https://www.youtube.com/watch?v=yyZXXOo5QoY', 'SOURCE_URL': 'https://www.youtube.com/watch?v=yyZXXOo5QoY', 'PUBLISHED': 'NA', 'DURATION_MIN': '0.0', 'SOURCE_TYPE': 'sermon'}
  1 pages extracted
Detecting metadata via Groq...
  Title:   Embrace Your Unique Talents and Flourish
  Author:  John Bevere
  Year:    None
  Source:  None
  Tags:    ['Spiritual Gifts', 'Faith', 'Self-Evaluation', 'Christian Living', 'Ministry']
Chunking...
  11 chunks created
Extracting Bible references...
  3 reference(s): Romans 12:3-6, Romans 12, 1 Corinthians 12:22
Inserting document record...
  Document ID: 031d683a-2f91-4bb9-b190-e90039f6abf7
Embedding and inserting 11 chunks...
  Embedding chunk 1/11...
  Embedding chunk 2/11...
  Embedding chunk 3/11...
  Embedding chunk 4/11...
  Embedding chunk 5/11...
  Embedding chunk 6/11...
  Embedding chunk 7/11...
  Embedding chunk 8/11...
  Embedding chunk 9/11...
  Embedding chunk 10/11...
  Embedding chunk 11/11...
Tagging document...
  Removed invalid tags: ["Honest self-evaluation of one's gifts is closely related to Accountability in Christ"]
  Tags: ['Discerning of Spirits', 'Stirring Up Gifts', 'Spiritual Maturity']
Done: NA_johnbeveretv_embrace_your_unique_talents_and_flourish.txt
  Moved to: /Users/alexwhitley/Desktop/rhemata/sources/youtube/ingested/NA_johnbeveretv_embrace_your_unique_talents_and_flourish.txt

============================================================
Processing: NA_johnbeveretv_escaping_the_trap_of_casual_christianity.txt [COPYRIGHTED]
============================================================
Extracting text (.txt)...
  Parsed headers: {'TITLE': 'Escaping the TRAP of "Casual Christianity"', 'SPEAKER': 'John Bevere', 'CHANNEL': 'John Bevere TV', 'URL': 'https://www.youtube.com/watch?v=4zpLVFsmh5A', 'SOURCE_URL': 'https://www.youtube.com/watch?v=4zpLVFsmh5A', 'PUBLISHED': 'NA', 'DURATION_MIN': '0.0', 'SOURCE_TYPE': 'sermon'}
  1 pages extracted
Detecting metadata via Groq...
  Title:   Escaping the TRAP of "Casual Christianity"
  Author:  John Bevere
  Year:    None
  Source:  None
  Tags:    ['Christian Living', 'Discipleship', 'Spiritual Growth', 'Faith']
Chunking...
  16 chunks created
Extracting Bible references...
  8 reference(s): 2 Peter 1:2, 2 Peter 1:3, 2 Peter 1:5, Proverbs 26:4, Proverbs 26:5 ... (+3)
Inserting document record...
  Document ID: dba1d296-56a5-401b-aafa-0f2d43cec0ec
Embedding and inserting 16 chunks...
  Embedding chunk 1/16...
  Embedding chunk 2/16...
  Embedding chunk 3/16...
  Embedding chunk 4/16...
  Embedding chunk 5/16...
  Embedding chunk 6/16...
  Embedding chunk 7/16...
  Embedding chunk 8/16...
  Embedding chunk 9/16...
  Embedding chunk 10/16...
  Embedding chunk 11/16...
  Embedding chunk 12/16...
  Embedding chunk 13/16...
  Embedding chunk 14/16...
  Embedding chunk 15/16...
  Embedding chunk 16/16...
Tagging document...
  Tags: ['Biblical Authority', 'Discipleship and Mentoring', 'Faith and Perseverance', 'Spiritual Maturity']
Done: NA_johnbeveretv_escaping_the_trap_of_casual_christianity.txt
  Moved to: /Users/alexwhitley/Desktop/rhemata/sources/youtube/ingested/NA_johnbeveretv_escaping_the_trap_of_casual_christianity.txt

============================================================
Processing: NA_johnbeveretv_evidence_that_someone_is_in_relationship_with_jesus.txt [COPYRIGHTED]
============================================================
Extracting text (.txt)...
  Parsed headers: {'TITLE': 'Evidence That Someone Is in Relationship with Jesus', 'SPEAKER': 'John Bevere', 'CHANNEL': 'John Bevere TV', 'URL': 'https://www.youtube.com/watch?v=tqx7qZiLwJU', 'SOURCE_URL': 'https://www.youtube.com/watch?v=tqx7qZiLwJU', 'PUBLISHED': 'NA', 'DURATION_MIN': '0.0', 'SOURCE_TYPE': 'sermon'}
  1 pages extracted
Detecting metadata via Groq...
  Title:   Evidence That Someone Is in Relationship with Jesus
  Author:  John Bevere
  Year:    None
  Source:  None
  Tags:    ['Intimacy with God', 'Obedience', 'Salvation', 'Holy Fear', 'Christian Living']
Chunking...
  2 chunks created
Extracting Bible references...
  No Bible references found
Inserting document record...
  Document ID: 86d402c0-fa03-4f0e-99d4-0f4600a83076
Embedding and inserting 2 chunks...
  Embedding chunk 1/2...
  Embedding chunk 2/2...
Tagging document...
  Removed invalid tags: ['Fear of God', 'Obedience', 'Holy Fear of God']
  Tags: ['Intimacy with Jesus', 'Submission to God']
Done: NA_johnbeveretv_evidence_that_someone_is_in_relationship_with_jesus.txt
  Moved to: /Users/alexwhitley/Desktop/rhemata/sources/youtube/ingested/NA_johnbeveretv_evidence_that_someone_is_in_relationship_with_jesus.txt

============================================================
Processing: NA_johnbeveretv_getting_wisdom_is_the_best_thing_we_can_do.txt [COPYRIGHTED]
============================================================
Extracting text (.txt)...
  Parsed headers: {'TITLE': 'Getting Wisdom Is the Best Thing We Can Do', 'SPEAKER': 'John Bevere', 'CHANNEL': 'John Bevere TV', 'URL': 'https://www.youtube.com/watch?v=UHqGH9NH68c', 'SOURCE_URL': 'https://www.youtube.com/watch?v=UHqGH9NH68c', 'PUBLISHED': 'NA', 'DURATION_MIN': '0.0', 'SOURCE_TYPE': 'sermon'}
  1 pages extracted
Detecting metadata via Groq...
  Title:   Getting Wisdom Is the Best Thing We Can Do
  Author:  John Bevere
  Year:    None
  Source:  None
  Tags:    ['Wisdom', 'Fear of the Lord', 'Biblical Knowledge', 'Spiritual Growth']
Chunking...
  2 chunks created
Extracting Bible references...
  3 reference(s): Isaiah 33:6, Proverbs 14:27, Proverbs 15:33
Inserting document record...
  Document ID: 862ba097-7599-48d2-b3d3-bcd4aa17c700
Embedding and inserting 2 chunks...
  Embedding chunk 1/2...
  Embedding chunk 2/2...
Tagging document...
  Removed invalid tags: ['Fear of the Lord as a foundation for wisdom', 'Wisdom is key to avoiding traps of death', 'The fear of the Lord is the instruction of wisdom']
  Only 1 valid tag(s), retrying...
  Tags: ['Biblical Authority']
Done: NA_johnbeveretv_getting_wisdom_is_the_best_thing_we_can_do.txt
  Moved to: /Users/alexwhitley/Desktop/rhemata/sources/youtube/ingested/NA_johnbeveretv_getting_wisdom_is_the_best_thing_we_can_do.txt

============================================================
Processing: NA_johnbeveretv_gods_approval_or_mans_approval_the_ultimate_choice.txt [COPYRIGHTED]
============================================================
Extracting text (.txt)...
  Parsed headers: {'TITLE': 'God’s Approval or Man’s Approval: The Ultimate Choice!', 'SPEAKER': 'John Bevere', 'CHANNEL': 'John Bevere TV', 'URL': 'https://www.youtube.com/watch?v=epWQJRzzHo0', 'SOURCE_URL': 'https://www.youtube.com/watch?v=epWQJRzzHo0', 'PUBLISHED': 'NA', 'DURATION_MIN': '0.0', 'SOURCE_TYPE': 'sermon'}
  1 pages extracted
Detecting metadata via Groq...
  Title:   God’s Approval or Man’s Approval: The Ultimate Choice!
  Author:  John Bevere
  Year:    None
  Source:  None
  Tags:    ['Fear of God', 'Servanthood', 'Humility', 'Rewards']
Chunking...
  2 chunks created
Extracting Bible references...
  4 reference(s): Galatians 1:10, Philippians 1, Philippians 2, Philippians 3
Inserting document record...
  Document ID: f369d761-d0bf-4c4d-b147-44b2c4ff31d4
Embedding and inserting 2 chunks...
  Embedding chunk 1/2...
  Embedding chunk 2/2...
Tagging document...
  Removed invalid tags: ['Fear of God', 'Motivation to Serve God']
  Tags: ['Servant Leadership', 'The Lordship of Christ']
Done: NA_johnbeveretv_gods_approval_or_mans_approval_the_ultimate_choice.txt
  Moved to: /Users/alexwhitley/Desktop/rhemata/sources/youtube/ingested/NA_johnbeveretv_gods_approval_or_mans_approval_the_ultimate_choice.txt

============================================================
Processing: NA_johnbeveretv_hidden_from_parents_not_from_god.txt [COPYRIGHTED]
============================================================
Extracting text (.txt)...
  Parsed headers: {'TITLE': 'Hidden from Parents, Not from God', 'SPEAKER': 'John Bevere', 'CHANNEL': 'John Bevere TV', 'URL': 'https://www.youtube.com/watch?v=gMgTOu6soBk', 'SOURCE_URL': 'https://www.youtube.com/watch?v=gMgTOu6soBk', 'PUBLISHED': 'NA', 'DURATION_MIN': '0.0', 'SOURCE_TYPE': 'sermon'}
  1 pages extracted
Detecting metadata via Groq...
  Title:   Hidden from Parents, Not from God
  Author:  John Bevere
  Year:    None
  Source:  None
  Tags:    ['Fear of God', 'Holy Spirit', 'Glory of God', 'Church Growth']
Chunking...
  2 chunks created
Extracting Bible references...
  No Bible references found
Inserting document record...
  Document ID: ca8e1893-e7e8-4cc1-b660-08abc32661d0
Embedding and inserting 2 chunks...
  Embedding chunk 1/2...
  Embedding chunk 2/2...
Tagging document...
  Removed invalid tags: ['Fear of the Lord', "The Fear of the Lord is not in the taxonomy list, using 'Accountability in Christ' and 'Holiness and Sanctification' instead"]
  Tags: ['Accountability in Christ', 'Holiness and Sanctification', 'Honoring Biblical Authority']
Done: NA_johnbeveretv_hidden_from_parents_not_from_god.txt
  Moved to: /Users/alexwhitley/Desktop/rhemata/sources/youtube/ingested/NA_johnbeveretv_hidden_from_parents_not_from_god.txt

============================================================
Processing: NA_johnbeveretv_how_are_you_interpreting_scripture.txt [COPYRIGHTED]
============================================================
Extracting text (.txt)...
  Parsed headers: {'TITLE': 'How Are You Interpreting Scripture?', 'SPEAKER': 'John Bevere', 'CHANNEL': 'John Bevere TV', 'URL': 'https://www.youtube.com/watch?v=0F2Zzc4sj_4', 'SOURCE_URL': 'https://www.youtube.com/watch?v=0F2Zzc4sj_4', 'PUBLISHED': 'NA', 'DURATION_MIN': '0.0', 'SOURCE_TYPE': 'sermon'}
  1 pages extracted
Detecting metadata via Groq...
  Title:   How Are You Interpreting Scripture?
  Author:  John Bevere
  Year:    None
  Source:  None
  Tags:    ['Faith', 'Interpreting Scripture', 'Holy Spirit', 'Promises of God', 'Fear of God']
Chunking...
  2 chunks created
Extracting Bible references...
  No Bible references found
Inserting document record...
  Document ID: 2cec6db9-4c28-4162-a26d-ccc8d93b5fd0
Embedding and inserting 2 chunks...
  Embedding chunk 1/2...
  Embedding chunk 2/2...
Tagging document...
  Removed invalid tags: ['Fight of Faith', " Appropriating God's Promises"]
  Tags: ['Faith and Perseverance', 'Word and Spirit', 'Victory in Christ', 'Power for Service']
Done: NA_johnbeveretv_how_are_you_interpreting_scripture.txt
  Moved to: /Users/alexwhitley/Desktop/rhemata/sources/youtube/ingested/NA_johnbeveretv_how_are_you_interpreting_scripture.txt

============================================================
Processing: NA_johnbeveretv_how_to_discover_your_supernatural_gifts.txt [COPYRIGHTED]
============================================================
Extracting text (.txt)...
  Parsed headers: {'TITLE': 'How to Discover Your Supernatural Gifts', 'SPEAKER': 'John Bevere', 'CHANNEL': 'John Bevere TV', 'URL': 'https://www.youtube.com/watch?v=UZqbB_DDvec', 'SOURCE_URL': 'https://www.youtube.com/watch?v=UZqbB_DDvec', 'PUBLISHED': 'NA', 'DURATION_MIN': '0.0', 'SOURCE_TYPE': 'sermon'}
  1 pages extracted
Detecting metadata via Groq...
  Title:   How to Discover Your Supernatural Gifts
  Author:  John Bevere
  Year:    None
  Source:  None
  Tags:    ['Spiritual Gifts', 'Supernatural Calling', 'Christian Ministry', 'Holy Spirit', 'Biblical Teachings']
Chunking...
  11 chunks created
Extracting Bible references...
  10 reference(s): 1 Peter 4:10-11, Exodus 31:1-6, Exodus 32:2-4, Romans 1:11, 1 Samuel 10:6 ... (+5)
Inserting document record...
  Document ID: dbc2ebc6-773f-4cb0-b442-54dd170a78d2
Embedding and inserting 11 chunks...
  Embedding chunk 1/11...
  Embedding chunk 2/11...
  Embedding chunk 3/11...
  Embedding chunk 4/11...
  Embedding chunk 5/11...
  Embedding chunk 6/11...
  Embedding chunk 7/11...
  Embedding chunk 8/11...
  Embedding chunk 9/11...
  Embedding chunk 10/11...
  Embedding chunk 11/11...
Tagging document...
  Removed invalid tags: ['Gifts of the Spirit']
  Tags: ['Equipping the Saints', 'Fivefold Ministry', 'Stirring Up Gifts', 'Supernatural Peace']
Done: NA_johnbeveretv_how_to_discover_your_supernatural_gifts.txt
  Moved to: /Users/alexwhitley/Desktop/rhemata/sources/youtube/ingested/NA_johnbeveretv_how_to_discover_your_supernatural_gifts.txt

============================================================
Processing: NA_johnbeveretv_how_to_embrace_biblical_stewardship_for_a_fulfilling_life.txt [COPYRIGHTED]
============================================================
Extracting text (.txt)...
  Parsed headers: {'TITLE': 'How to Embrace Biblical Stewardship for a Fulfilling Life', 'SPEAKER': 'John Bevere', 'CHANNEL': 'John Bevere TV', 'URL': 'https://www.youtube.com/watch?v=i_zPoW6R4os', 'SOURCE_URL': 'https://www.youtube.com/watch?v=i_zPoW6R4os', 'PUBLISHED': 'NA', 'DURATION_MIN': '0.0', 'SOURCE_TYPE': 'sermon'}
  1 pages extracted
Detecting metadata via Groq...
  Title:   How to Embrace Biblical Stewardship for a Fulfilling Life
  Author:  John Bevere
  Year:    None
  Source:  None
  Tags:    ['Biblical Stewardship', 'Christian Living', 'Spiritual Growth', 'Faith and Finance']
Chunking...
  9 chunks created
Extracting Bible references...
  4 reference(s): 1 Corinthians 4:1, 1 Peter 4:10, 1 Corinthians 9:16-17, Ephesians 2:8-10
Inserting document record...
  Document ID: 5d3757bc-d520-49d2-9bee-03e6b6acf405
Embedding and inserting 9 chunks...
  Embedding chunk 1/9...
  Embedding chunk 2/9...
  Embedding chunk 3/9...
  Embedding chunk 4/9...
  Embedding chunk 5/9...
  Embedding chunk 6/9...
  Embedding chunk 7/9...
  Embedding chunk 8/9...
  Embedding chunk 9/9...
Tagging document...
  Tags: ['Stewardship and Finances', 'Servant Leadership', 'Equipping the Saints', 'Authority of the Believer']
Done: NA_johnbeveretv_how_to_embrace_biblical_stewardship_for_a_fulfilling_life.txt
  Moved to: /Users/alexwhitley/Desktop/rhemata/sources/youtube/ingested/NA_johnbeveretv_how_to_embrace_biblical_stewardship_for_a_fulfilling_life.txt

============================================================
Processing: NA_johnbeveretv_i_didnt_want_to_talk_about_this.txt [COPYRIGHTED]
============================================================
Extracting text (.txt)...
  Parsed headers: {'TITLE': 'I Didn’t Want to Talk About This…', 'SPEAKER': 'John Bevere', 'CHANNEL': 'John Bevere TV', 'URL': 'https://www.youtube.com/watch?v=nQsDTeQg6Yg', 'SOURCE_URL': 'https://www.youtube.com/watch?v=nQsDTeQg6Yg', 'PUBLISHED': 'NA', 'DURATION_MIN': '0.0', 'SOURCE_TYPE': 'sermon'}
  1 pages extracted
Detecting metadata via Groq...
  Title:   I Didn’t Want to Talk About This…
  Author:  John Bevere
  Year:    None
  Source:  None
  Tags:    ['UFOs', 'Angels', 'Eschatology', 'Demonology', 'Biblical Prophecy']
Chunking...
  2 chunks created
Extracting Bible references...
  4 reference(s): 2 Thessalonians 2:1-2, Colossians 1:15-16, Luke 21:11, Ezekiel 1:15-24
Inserting document record...
  Document ID: e33b62bc-d96f-477d-bfbd-750c4324ef7f
Embedding and inserting 2 chunks...
  Embedding chunk 1/2...
  Embedding chunk 2/2...
Tagging document...
  Tags: ['End Times Prophecy', 'The Lordship of Christ', 'Discerning of Spirits', 'Heaven and Eternity', 'Biblical Authority']
Done: NA_johnbeveretv_i_didnt_want_to_talk_about_this.txt
  Moved to: /Users/alexwhitley/Desktop/rhemata/sources/youtube/ingested/NA_johnbeveretv_i_didnt_want_to_talk_about_this.txt

============================================================
Processing: NA_johnbeveretv_in_what_areas_of_life_do_you_battle_fear.txt [COPYRIGHTED]
============================================================
Extracting text (.txt)...
  Parsed headers: {'TITLE': 'In What Areas of Life Do You Battle Fear?', 'SPEAKER': 'John Bevere', 'CHANNEL': 'John Bevere TV', 'URL': 'https://www.youtube.com/watch?v=c8tevmvPGIM', 'SOURCE_URL': 'https://www.youtube.com/watch?v=c8tevmvPGIM', 'PUBLISHED': 'NA', 'DURATION_MIN': '0.0', 'SOURCE_TYPE': 'sermon'}
  1 pages extracted
Detecting metadata via Groq...
  Title:   In What Areas of Life Do You Battle Fear?
  Author:  John Bevere
  Year:    None
  Source:  None
  Tags:    ['Fear', 'Faith', 'Trust in God', 'Spiritual Protection']
Chunking...
  2 chunks created
Extracting Bible references...
  No Bible references found
Inserting document record...
  Document ID: 2c616e7c-36dd-40d5-8388-7ae709273b9f
Embedding and inserting 2 chunks...
  Embedding chunk 1/2...
  Embedding chunk 2/2...
Tagging document...
  Removed invalid tags: ['Fear of God']
  Tags: ['Freedom from Anxiety', 'Overcoming Fear', 'Submission to God']
Done: NA_johnbeveretv_in_what_areas_of_life_do_you_battle_fear.txt
  Moved to: /Users/alexwhitley/Desktop/rhemata/sources/youtube/ingested/NA_johnbeveretv_in_what_areas_of_life_do_you_battle_fear.txt

============================================================
Processing: NA_johnbeveretv_indicators_of_your_calling.txt [COPYRIGHTED]
============================================================
Extracting text (.txt)...
  Parsed headers: {'TITLE': 'Indicators of Your Calling', 'SPEAKER': 'John Bevere', 'CHANNEL': 'John Bevere TV', 'URL': 'https://www.youtube.com/watch?v=ji5qkK_pbHs', 'SOURCE_URL': 'https://www.youtube.com/watch?v=ji5qkK_pbHs', 'PUBLISHED': 'NA', 'DURATION_MIN': '0.0', 'SOURCE_TYPE': 'sermon'}
  1 pages extracted
Detecting metadata via Groq...
  Title:   Indicators of Your Calling
  Author:  John Bevere
  Year:    None
  Source:  None
  Tags:    ['Spiritual Gifts', 'Christian Living', 'Faith', 'Personal Growth', 'Discernment']
Chunking...
  8 chunks created
Extracting Bible references...
  3 reference(s): Galatians 4, Galatians 5, Hebrews 11:6
Inserting document record...
  Document ID: 605dcfe1-1bce-43e4-a131-bf8e40af1c33
Embedding and inserting 8 chunks...
  Embedding chunk 1/8...
  Embedding chunk 2/8...
  Embedding chunk 3/8...
  Embedding chunk 4/8...
  Embedding chunk 5/8...
  Embedding chunk 6/8...
  Embedding chunk 7/8...
  Embedding chunk 8/8...
Tagging document...
  Removed invalid tags: ["Seeking God's Involvement is implied but closest match is"]
  Tags: ['Discerning of Spirits', 'Stirring Up Gifts', 'Led by the Spirit', 'Equipping the Saints']
Done: NA_johnbeveretv_indicators_of_your_calling.txt
  Moved to: /Users/alexwhitley/Desktop/rhemata/sources/youtube/ingested/NA_johnbeveretv_indicators_of_your_calling.txt

============================================================
Processing: NA_johnbeveretv_is_gods_will_really_your_first_priority.txt [COPYRIGHTED]
============================================================
Extracting text (.txt)...
  Parsed headers: {'TITLE': "Is God's Will Really Your First Priority?", 'SPEAKER': 'John Bevere', 'CHANNEL': 'John Bevere TV', 'URL': 'https://www.youtube.com/watch?v=oC7DptbSOTQ', 'SOURCE_URL': 'https://www.youtube.com/watch?v=oC7DptbSOTQ', 'PUBLISHED': 'NA', 'DURATION_MIN': '0.0', 'SOURCE_TYPE': 'sermon'}
  1 pages extracted
Detecting metadata via Groq...
  Title:   Is God's Will Really Your First Priority?
  Author:  John Bevere
  Year:    None
  Source:  None
  Tags:    ['Obedience', 'Faith', 'Priorities', 'Discipleship', 'Spiritual Growth']
Chunking...
  2 chunks created
Extracting Bible references...
  2 reference(s): Luke 9, Luke 10:1
Inserting document record...
  Document ID: d8f1c2ac-f4bc-4240-b68d-5528b188d143
Embedding and inserting 2 chunks...
  Embedding chunk 1/2...
  Embedding chunk 2/2...
Tagging document...
  Tags: ['Accountability in Christ', 'Authority of the Believer', 'Biblical Authority', 'Submission to God']
Done: NA_johnbeveretv_is_gods_will_really_your_first_priority.txt
  Moved to: /Users/alexwhitley/Desktop/rhemata/sources/youtube/ingested/NA_johnbeveretv_is_gods_will_really_your_first_priority.txt

============================================================
Processing: NA_johnbeveretv_jesus_the_greatest_of_all_time.txt [COPYRIGHTED]
============================================================
Extracting text (.txt)...
  Parsed headers: {'TITLE': 'Jesus: The Greatest of All Time', 'SPEAKER': 'John Bevere', 'CHANNEL': 'John Bevere TV', 'URL': 'https://www.youtube.com/watch?v=kP7hXHjfsVo', 'SOURCE_URL': 'https://www.youtube.com/watch?v=kP7hXHjfsVo', 'PUBLISHED': 'NA', 'DURATION_MIN': '0.0', 'SOURCE_TYPE': 'sermon'}
  1 pages extracted
Detecting metadata via Groq...
  Title:   Jesus: The Greatest of All Time
  Author:  John Bevere
  Year:    None
  Source:  None
  Tags:    ["God's Greatness", 'Holy Fear', 'Theology of God', 'Awe of God', 'Christian Living']
Chunking...
  3 chunks created
Extracting Bible references...
  1 reference(s): Psalm 19:1
Inserting document record...
  Document ID: ccfa12e6-1daa-4a3f-9007-d7d48e0d5cc7
Embedding and inserting 3 chunks...
  Embedding chunk 1/3...
  Embedding chunk 2/3...
  Embedding chunk 3/3...
Tagging document...
  Tags: ['Character of Christ', 'Authority of the Believer', 'Holiness and Sanctification', "Knowing God's Heart"]
Done: NA_johnbeveretv_jesus_the_greatest_of_all_time.txt
  Moved to: /Users/alexwhitley/Desktop/rhemata/sources/youtube/ingested/NA_johnbeveretv_jesus_the_greatest_of_all_time.txt

============================================================
Processing: NA_johnbeveretv_living_a_life_of_fear_and_trembling.txt [COPYRIGHTED]
============================================================
Extracting text (.txt)...
  Parsed headers: {'TITLE': 'Living a Life of Fear and Trembling', 'SPEAKER': 'John Bevere', 'CHANNEL': 'John Bevere TV', 'URL': 'https://www.youtube.com/watch?v=72U1wssoXww', 'SOURCE_URL': 'https://www.youtube.com/watch?v=72U1wssoXww', 'PUBLISHED': 'NA', 'DURATION_MIN': '0.0', 'SOURCE_TYPE': 'sermon'}
  1 pages extracted
Detecting metadata via Groq...
  Title:   Living a Life of Fear and Trembling
  Author:  John Bevere
  Year:    None
  Source:  None
  Tags:    ['Salvation', 'Fear of the Lord', 'Relationship with God', 'Spiritual Maturity']
Chunking...
  2 chunks created
Extracting Bible references...
  2 reference(s): Philippians 2:12, Philippians 2:13
Inserting document record...
  Document ID: 25ea9026-3c53-4d68-97fc-88c4d88e05e2
Embedding and inserting 2 chunks...
  Embedding chunk 1/2...
  Embedding chunk 2/2...
Tagging document...
  Removed invalid tags: ['Fear and Trembling']
  Tags: ['Intimacy with Jesus', 'Spiritual Maturity', 'The Lordship of Christ']
Done: NA_johnbeveretv_living_a_life_of_fear_and_trembling.txt
  Moved to: /Users/alexwhitley/Desktop/rhemata/sources/youtube/ingested/NA_johnbeveretv_living_a_life_of_fear_and_trembling.txt

============================================================
Processing: NA_johnbeveretv_millions_of_christians_are_leaving_their_faith_why.txt [COPYRIGHTED]
============================================================
Extracting text (.txt)...
  Parsed headers: {'TITLE': 'Millions of Christians Are LEAVING Their Faith! Why?', 'SPEAKER': 'John Bevere', 'CHANNEL': 'John Bevere TV', 'URL': 'https://www.youtube.com/watch?v=8h64Edr_o44', 'SOURCE_URL': 'https://www.youtube.com/watch?v=8h64Edr_o44', 'PUBLISHED': 'NA', 'DURATION_MIN': '0.0', 'SOURCE_TYPE': 'sermon'}
  1 pages extracted
Detecting metadata via Groq...
  Title:   Millions of Christians Are LEAVING Their Faith! Why?
  Author:  John Bevere
  Year:    2022
  Source:  None
  Tags:    ['apostasy', 'spiritual growth', 'discipleship', 'Christianity in America']
Chunking...
  15 chunks created
Extracting Bible references...
  5 reference(s): Hebrews 2:1, Matthew 28, Ezekiel 3, Hebrews 4:12, Hebrews 4:13
Inserting document record...
  Document ID: 2a1929ba-a554-42f0-8806-01cad9892c29
Embedding and inserting 15 chunks...
  Embedding chunk 1/15...
  Embedding chunk 2/15...
  Embedding chunk 3/15...
  Embedding chunk 4/15...
  Embedding chunk 5/15...
  Embedding chunk 6/15...
  Embedding chunk 7/15...
  Embedding chunk 8/15...
  Embedding chunk 9/15...
  Embedding chunk 10/15...
  Embedding chunk 11/15...
  Embedding chunk 12/15...
  Embedding chunk 13/15...
  Embedding chunk 14/15...
  Embedding chunk 15/15...
Tagging document...
  Removed invalid tags: ['Spiritual Growth']
  Tags: ['Biblical Authority', 'Equipping the Saints', 'Discipleship and Mentoring']
Done: NA_johnbeveretv_millions_of_christians_are_leaving_their_faith_why.txt
  Moved to: /Users/alexwhitley/Desktop/rhemata/sources/youtube/ingested/NA_johnbeveretv_millions_of_christians_are_leaving_their_faith_why.txt

============================================================
Processing: NA_johnbeveretv_multiply_the_gifts_in_your_life_with_john_bevere.txt [COPYRIGHTED]
============================================================
Extracting text (.txt)...
  Parsed headers: {'TITLE': 'Multiply the Gifts in Your Life with John Bevere', 'SPEAKER': 'John Bevere', 'CHANNEL': 'John Bevere TV', 'URL': 'https://www.youtube.com/watch?v=ETcL5pqgqM4', 'SOURCE_URL': 'https://www.youtube.com/watch?v=ETcL5pqgqM4', 'PUBLISHED': 'NA', 'DURATION_MIN': '0.0', 'SOURCE_TYPE': 'sermon'}
  1 pages extracted
Detecting metadata via Groq...
  Title:   Multiply the Gifts in Your Life with John Bevere
  Author:  John Bevere
  Year:    None
  Source:  None
  Tags:    ['Spiritual Growth', 'Faith', 'Discipleship', 'Kingdom of God']
Chunking...
  8 chunks created
Extracting Bible references...
  5 reference(s): Romans 12:6, 2 Corinthians 12:9, Acts 11, 2 Peter 1, Romans 5
Inserting document record...
  Document ID: fa73c89f-e207-49ca-a969-85e861a2aba3
Embedding and inserting 8 chunks...
  Embedding chunk 1/8...
  Embedding chunk 2/8...
  Embedding chunk 3/8...
  Embedding chunk 4/8...
  Embedding chunk 5/8...
  Embedding chunk 6/8...
  Embedding chunk 7/8...
  Embedding chunk 8/8...
Tagging document...
  Removed invalid tags: ['Multiplying']
  Tags: ['Equipping the Saints', 'Faith and Perseverance', 'Fruit of the Spirit', 'Grace and Mercy', 'Kingdom of God']
Done: NA_johnbeveretv_multiply_the_gifts_in_your_life_with_john_bevere.txt
  Moved to: /Users/alexwhitley/Desktop/rhemata/sources/youtube/ingested/NA_johnbeveretv_multiply_the_gifts_in_your_life_with_john_bevere.txt

============================================================
Processing: NA_johnbeveretv_one_aspect_of_living_well_is_finishing_well.txt [COPYRIGHTED]
============================================================
Extracting text (.txt)...
  Parsed headers: {'TITLE': 'One Aspect of Living Well Is Finishing Well', 'SPEAKER': 'John Bevere', 'CHANNEL': 'John Bevere TV', 'URL': 'https://www.youtube.com/watch?v=7Lgh-fB93ZA', 'SOURCE_URL': 'https://www.youtube.com/watch?v=7Lgh-fB93ZA', 'PUBLISHED': 'NA', 'DURATION_MIN': '0.0', 'SOURCE_TYPE': 'sermon'}
  1 pages extracted
Detecting metadata via Groq...
  Title:   One Aspect of Living Well Is Finishing Well
  Author:  John Bevere
  Year:    None
  Source:  None
  Tags:    ['Spiritual Longevity', 'Fear of God', 'Ministry', 'Christian Leadership', 'Endurance']
Chunking...
  2 chunks created
Extracting Bible references...
  1 reference(s): Psalm 19
Inserting document record...
  Document ID: 28182b4f-f399-4e18-a019-4146fe7d2f40
Embedding and inserting 2 chunks...
  Embedding chunk 1/2...
  Embedding chunk 2/2...
Tagging document...
  Removed invalid tags: ['Fear of God', "Finishing well is not directly a tag, but 'Faith and Perseverance' and 'Character of Christ' relate closely to this concept. A more fitting tag 'Holiness and Sanctification' is also applied as it deals with being in the presence of God and fearing Him"]
  Tags: ['Accountability in Christ', 'Character of Christ', 'Faith and Perseverance', 'Holiness and Sanctification']
Done: NA_johnbeveretv_one_aspect_of_living_well_is_finishing_well.txt
  Moved to: /Users/alexwhitley/Desktop/rhemata/sources/youtube/ingested/NA_johnbeveretv_one_aspect_of_living_well_is_finishing_well.txt

============================================================
Processing: NA_johnbeveretv_only_one_thing_will_keep_you_ready_for_his_return.txt [COPYRIGHTED]
============================================================
Extracting text (.txt)...
  Parsed headers: {'TITLE': 'Only ONE Thing Will Keep You Ready for His Return', 'SPEAKER': 'John Bevere', 'CHANNEL': 'John Bevere TV', 'URL': 'https://www.youtube.com/watch?v=NY2hJQuLhRY', 'SOURCE_URL': 'https://www.youtube.com/watch?v=NY2hJQuLhRY', 'PUBLISHED': 'NA', 'DURATION_MIN': '0.0', 'SOURCE_TYPE': 'sermon'}
  1 pages extracted
Detecting metadata via Groq...
  Title:   Only ONE Thing Will Keep You Ready for His Return
  Author:  John Bevere
  Year:    None
  Source:  None
  Tags:    ['Eschatology', 'Holy Spirit', 'Faith', 'Christian Living', 'Spiritual Preparation']
Chunking...
  21 chunks created
Extracting Bible references...
  8 reference(s): 1 John 2:28, Philippians 2:12, Galatians 4, Romans 7, Romans 7:6 ... (+3)
Inserting document record...
  Document ID: efc85119-1885-4a32-9c0a-4345ef166e9f
Embedding and inserting 21 chunks...
  Embedding chunk 1/21...
  Embedding chunk 2/21...
  Embedding chunk 3/21...
  Embedding chunk 4/21...
  Embedding chunk 5/21...
  Embedding chunk 6/21...
  Embedding chunk 7/21...
  Embedding chunk 8/21...
  Embedding chunk 9/21...
  Embedding chunk 10/21...
  Embedding chunk 11/21...
  Embedding chunk 12/21...
  Embedding chunk 13/21...
  Embedding chunk 14/21...
  Embedding chunk 15/21...
  Embedding chunk 16/21...
  Embedding chunk 17/21...
  Embedding chunk 18/21...
  Embedding chunk 19/21...
  Embedding chunk 20/21...
  Embedding chunk 21/21...
Tagging document...
  Tags: ['Baptism in the Spirit', 'Filling of the Spirit', 'Led by the Spirit', 'Second Coming', 'Walking in the Spirit']
Done: NA_johnbeveretv_only_one_thing_will_keep_you_ready_for_his_return.txt
  Moved to: /Users/alexwhitley/Desktop/rhemata/sources/youtube/ingested/NA_johnbeveretv_only_one_thing_will_keep_you_ready_for_his_return.txt

============================================================
Processing: NA_johnbeveretv_realizing_how_awesome_god_is.txt [COPYRIGHTED]
============================================================
Extracting text (.txt)...
  Parsed headers: {'TITLE': 'Realizing How Awesome God Is', 'SPEAKER': 'John Bevere', 'CHANNEL': 'John Bevere TV', 'URL': 'https://www.youtube.com/watch?v=IVZoRBVry6M', 'SOURCE_URL': 'https://www.youtube.com/watch?v=IVZoRBVry6M', 'PUBLISHED': 'NA', 'DURATION_MIN': '0.0', 'SOURCE_TYPE': 'sermon'}
  1 pages extracted
Detecting metadata via Groq...
  Title:   Realizing How Awesome God Is
  Author:  John Bevere
  Year:    None
  Source:  None
  Tags:    ['Awe of God', 'Glory of God', 'Moses', 'Jesus', 'Spiritual Encounter']
Chunking...
  2 chunks created
Extracting Bible references...
  No Bible references found
Inserting document record...
  Document ID: 51eceee5-e9f8-42cf-a4f9-9278c5d83901
Embedding and inserting 2 chunks...
  Embedding chunk 1/2...
  Embedding chunk 2/2...
Tagging document...
  Removed invalid tags: ['Glory of God']
  Tags: ['Authority of the Believer', 'Intimacy with Jesus', 'The Lordship of Christ', 'Word of Knowledge']
Done: NA_johnbeveretv_realizing_how_awesome_god_is.txt
  Moved to: /Users/alexwhitley/Desktop/rhemata/sources/youtube/ingested/NA_johnbeveretv_realizing_how_awesome_god_is.txt

============================================================
Processing: NA_johnbeveretv_successful_living.txt [COPYRIGHTED]
============================================================
Extracting text (.txt)...
  Parsed headers: {'TITLE': 'Successful Living', 'SPEAKER': 'John Bevere', 'CHANNEL': 'John Bevere TV', 'URL': 'https://www.youtube.com/watch?v=fJrpamDKDRo', 'SOURCE_URL': 'https://www.youtube.com/watch?v=fJrpamDKDRo', 'PUBLISHED': 'NA', 'DURATION_MIN': '0.0', 'SOURCE_TYPE': 'sermon'}
  1 pages extracted
Detecting metadata via Groq...
  Title:   Successful Living
  Author:  John Bevere
  Year:    None
  Source:  None
  Tags:    ['Holy Fear', 'Wealth', 'Honor', 'Dignity', 'Faith']
Chunking...
  2 chunks created
Extracting Bible references...
  2 reference(s): Proverbs 22:4, Proverbs 31
Inserting document record...
  Document ID: 79478a38-2233-4be7-910c-a31ea17e8853
Embedding and inserting 2 chunks...
  Embedding chunk 1/2...
  Embedding chunk 2/2...
Tagging document...
  Removed invalid tags: ['The Fear of the Lord', 'True Wealth', 'Honoring God', 'The Christian Life']
  Only 1 valid tag(s), retrying...
  Tags: ['Accountability in Christ', 'Authority of the Believer', 'Faith and Perseverance']
Done: NA_johnbeveretv_successful_living.txt
  Moved to: /Users/alexwhitley/Desktop/rhemata/sources/youtube/ingested/NA_johnbeveretv_successful_living.txt

============================================================
Processing: NA_johnbeveretv_take_your_mind_back_and_heres_how.txt [COPYRIGHTED]
============================================================
Extracting text (.txt)...
  Parsed headers: {'TITLE': "Take Your Mind Back! (and here's how)", 'SPEAKER': 'John Bevere', 'CHANNEL': 'John Bevere TV', 'URL': 'https://www.youtube.com/watch?v=1j_zWBKUSA0', 'SOURCE_URL': 'https://www.youtube.com/watch?v=1j_zWBKUSA0', 'PUBLISHED': 'NA', 'DURATION_MIN': '0.0', 'SOURCE_TYPE': 'sermon'}
  1 pages extracted
Detecting metadata via Groq...
  Title:   Take Your Mind Back! (and here's how)
  Author:  John Bevere
  Year:    None
  Source:  None
  Tags:    ['Holy Spirit', 'Faith', 'Discipleship', 'Church Growth', 'Spiritual Warfare']
Chunking...
  23 chunks created
Extracting Bible references...
  11 reference(s): Ephesians 2:8-10, John 3:16, Romans 12:6, 1 Corinthians 12:9, 2 Peter 1:1 ... (+6)
Inserting document record...
  Document ID: 00da8508-15a9-42d7-b535-5562246555e1
Embedding and inserting 23 chunks...
  Embedding chunk 1/23...
  Embedding chunk 2/23...
  Embedding chunk 3/23...
  Embedding chunk 4/23...
  Embedding chunk 5/23...
  Embedding chunk 6/23...
  Embedding chunk 7/23...
  Embedding chunk 8/23...
  Embedding chunk 9/23...
  Embedding chunk 10/23...
  Embedding chunk 11/23...
  Embedding chunk 12/23...
  Embedding chunk 13/23...
  Embedding chunk 14/23...
  Embedding chunk 15/23...
  Embedding chunk 16/23...
  Embedding chunk 17/23...
  Embedding chunk 18/23...
  Embedding chunk 19/23...
  Embedding chunk 20/23...
  Embedding chunk 21/23...
  Embedding chunk 22/23...
  Embedding chunk 23/23...
Tagging document...
  Removed invalid tags: ['Restoration of the Church', "Wilderness Experience is not in the list, using 'Dying to Self' as a similar theme"]
  Tags: ['Equipping the Saints', 'Faith and Perseverance', 'Discipleship and Mentoring']
Done: NA_johnbeveretv_take_your_mind_back_and_heres_how.txt
  Moved to: /Users/alexwhitley/Desktop/rhemata/sources/youtube/ingested/NA_johnbeveretv_take_your_mind_back_and_heres_how.txt

============================================================
Processing: NA_johnbeveretv_the_danger_of_neglecting_your_gifts.txt [COPYRIGHTED]
============================================================
Extracting text (.txt)...
  Parsed headers: {'TITLE': 'The DANGER of Neglecting Your Gifts', 'SPEAKER': 'John Bevere', 'CHANNEL': 'John Bevere TV', 'URL': 'https://www.youtube.com/watch?v=I6IOctaXD2Y', 'SOURCE_URL': 'https://www.youtube.com/watch?v=I6IOctaXD2Y', 'PUBLISHED': 'NA', 'DURATION_MIN': '0.0', 'SOURCE_TYPE': 'sermon'}
  1 pages extracted
Detecting metadata via Groq...
  Title:   The DANGER of Neglecting Your Gifts
  Author:  John Bevere
  Year:    None
  Source:  None
  Tags:    ['Spiritual Gifts', 'Stewardship', 'Christian Living', 'Biblical Studies']
Chunking...
  7 chunks created
Extracting Bible references...
  5 reference(s): Romans 12:6, 1 Corinthians 4:1, 1 Peter 4:1, 1 Corinthians 9:16-17, 1 Corinthians 4:2
Inserting document record...
  Document ID: dc8439cf-469f-4755-8c8f-26fc27958602
Embedding and inserting 7 chunks...
  Embedding chunk 1/7...
  Embedding chunk 2/7...
  Embedding chunk 3/7...
  Embedding chunk 4/7...
  Embedding chunk 5/7...
  Embedding chunk 6/7...
  Embedding chunk 7/7...
Tagging document...
  Tags: ['Stewardship and Finances', 'Biblical Authority', 'Equipping the Saints']
Done: NA_johnbeveretv_the_danger_of_neglecting_your_gifts.txt
  Moved to: /Users/alexwhitley/Desktop/rhemata/sources/youtube/ingested/NA_johnbeveretv_the_danger_of_neglecting_your_gifts.txt

============================================================
Processing: NA_johnbeveretv_the_end_of_the_world_wont_look_how_you_think_it_will.txt [COPYRIGHTED]
============================================================
Extracting text (.txt)...
  Parsed headers: {'TITLE': 'The End of The World Won’t Look How You Think It Will', 'SPEAKER': 'John Bevere', 'CHANNEL': 'John Bevere TV', 'URL': 'https://www.youtube.com/watch?v=AZfxC9tITSU', 'SOURCE_URL': 'https://www.youtube.com/watch?v=AZfxC9tITSU', 'PUBLISHED': 'NA', 'DURATION_MIN': '0.0', 'SOURCE_TYPE': 'sermon'}
  1 pages extracted
Detecting metadata via Groq...
  Title:   The End of The World Won’t Look How You Think It Will
  Author:  John Bevere
  Year:    None
  Source:  None
  Tags:    ['Eschatology', 'End Times', 'Biblical Prophecy', 'Christianity']
Chunking...
  20 chunks created
Extracting Bible references...
  21 reference(s): Matthew 24:37, Genesis 6:1, Genesis 6:2, Genesis 6:3-4, Genesis 6:4 ... (+16)
Inserting document record...
  Document ID: 9d83bc6d-a556-46bd-999b-676e1787a59b
Embedding and inserting 20 chunks...
  Embedding chunk 1/20...
  Embedding chunk 2/20...
  Embedding chunk 3/20...
  Embedding chunk 4/20...
  Embedding chunk 5/20...
  Embedding chunk 6/20...
  Embedding chunk 7/20...
  Embedding chunk 8/20...
  Embedding chunk 9/20...
  Embedding chunk 10/20...
  Embedding chunk 11/20...
  Embedding chunk 12/20...
  Embedding chunk 13/20...
  Embedding chunk 14/20...
  Embedding chunk 15/20...
  Embedding chunk 16/20...
  Embedding chunk 17/20...
  Embedding chunk 18/20...
  Embedding chunk 19/20...
  Embedding chunk 20/20...
Tagging document...
  Removed invalid tags: ['The Second Coming']
  Tags: ['End Times Prophecy', 'Heaven and Eternity']
Done: NA_johnbeveretv_the_end_of_the_world_wont_look_how_you_think_it_will.txt
  Moved to: /Users/alexwhitley/Desktop/rhemata/sources/youtube/ingested/NA_johnbeveretv_the_end_of_the_world_wont_look_how_you_think_it_will.txt

============================================================
Processing: NA_johnbeveretv_the_end_times_timeline_nobody_taught_you.txt [COPYRIGHTED]
============================================================
Extracting text (.txt)...
  Parsed headers: {'TITLE': 'The End Times Timeline Nobody Taught You', 'SPEAKER': 'John Bevere', 'CHANNEL': 'John Bevere TV', 'URL': 'https://www.youtube.com/watch?v=KCys8bsXZSU', 'SOURCE_URL': 'https://www.youtube.com/watch?v=KCys8bsXZSU', 'PUBLISHED': 'NA', 'DURATION_MIN': '0.0', 'SOURCE_TYPE': 'sermon'}
  1 pages extracted
Detecting metadata via Groq...
  Title:   The End Times Timeline Nobody Taught You
  Author:  John Bevere
  Year:    None
  Source:  None
  Tags:    ['Eschatology', 'Second Coming', 'Christian Living', 'Spiritual Growth']
Chunking...
  19 chunks created
Extracting Bible references...
  10 reference(s): Revelation 19, 1 John 2, Luke 2:25, Romans 1, 2 Peter 3 ... (+5)
Inserting document record...
  Document ID: 4cc3e218-f893-431d-afa4-47ea1f1efaa9
Embedding and inserting 19 chunks...
  Embedding chunk 1/19...
  Embedding chunk 2/19...
  Embedding chunk 3/19...
  Embedding chunk 4/19...
  Embedding chunk 5/19...
  Embedding chunk 6/19...
  Embedding chunk 7/19...
  Embedding chunk 8/19...
  Embedding chunk 9/19...
  Embedding chunk 10/19...
  Embedding chunk 11/19...
  Embedding chunk 12/19...
  Embedding chunk 13/19...
  Embedding chunk 14/19...
  Embedding chunk 15/19...
  Embedding chunk 16/19...
  Embedding chunk 17/19...
  Embedding chunk 18/19...
  Embedding chunk 19/19...
Tagging document...
  Removed invalid tags: ['The Second Coming']
  Tags: ['End Times Prophecy', 'The Rapture', 'Faith and Perseverance']
Done: NA_johnbeveretv_the_end_times_timeline_nobody_taught_you.txt
  Moved to: /Users/alexwhitley/Desktop/rhemata/sources/youtube/ingested/NA_johnbeveretv_the_end_times_timeline_nobody_taught_you.txt

============================================================
Processing: NA_johnbeveretv_the_fear_of_the_lord_is_my_treasure.txt [COPYRIGHTED]
============================================================
Extracting text (.txt)...
  Parsed headers: {'TITLE': 'The Fear of the Lord Is My Treasure', 'SPEAKER': 'John Bevere', 'CHANNEL': 'John Bevere TV', 'URL': 'https://www.youtube.com/watch?v=JQDfjLQ2RqI', 'SOURCE_URL': 'https://www.youtube.com/watch?v=JQDfjLQ2RqI', 'PUBLISHED': 'NA', 'DURATION_MIN': '0.0', 'SOURCE_TYPE': 'sermon'}
  1 pages extracted
Detecting metadata via Groq...
  Title:   The Fear of the Lord Is My Treasure
  Author:  John Bevere
  Year:    None
  Source:  None
  Tags:    ['Fear of God', 'Holy Spirit', 'Christian Living', 'Spiritual Growth', 'Bible Study']
Chunking...
  2 chunks created
Extracting Bible references...
  2 reference(s): Psalm 112, Psalm 128
Inserting document record...
  Document ID: 2763d1e3-6f89-4f7f-9dcd-2eab322fa36e
Embedding and inserting 2 chunks...
  Embedding chunk 1/2...
  Embedding chunk 2/2...
Tagging document...
  Removed invalid tags: ["The Fear of God is not explicitly listed, however the closest topic would be 'Holiness and Sanctification'"]
  Tags: ['Holiness and Sanctification', 'Manifestations of God', 'Baptism in the Spirit', 'Led by the Spirit']
Done: NA_johnbeveretv_the_fear_of_the_lord_is_my_treasure.txt
  Moved to: /Users/alexwhitley/Desktop/rhemata/sources/youtube/ingested/NA_johnbeveretv_the_fear_of_the_lord_is_my_treasure.txt

============================================================
Processing: NA_johnbeveretv_the_greatest_compliment_a_human_can_receive.txt [COPYRIGHTED]
============================================================
Extracting text (.txt)...
  Parsed headers: {'TITLE': 'The Greatest Compliment a Human Can Receive', 'SPEAKER': 'John Bevere', 'CHANNEL': 'John Bevere TV', 'URL': 'https://www.youtube.com/watch?v=ucsl0u3bqU8', 'SOURCE_URL': 'https://www.youtube.com/watch?v=ucsl0u3bqU8', 'PUBLISHED': 'NA', 'DURATION_MIN': '0.0', 'SOURCE_TYPE': 'sermon'}
  1 pages extracted
Detecting metadata via Groq...
  Title:   The Greatest Compliment a Human Can Receive
  Author:  John Bevere
  Year:    None
  Source:  None
  Tags:    ['Friendship with God', 'Trust', 'Obedience', 'Intimacy with God']
Chunking...
  2 chunks created
Extracting Bible references...
  3 reference(s): Exodus 33:11, Numbers 12:7, Numbers 12:8
Inserting document record...
  Document ID: db199267-86ae-4832-b8e6-1b95b90b36d2
Embedding and inserting 2 chunks...
  Embedding chunk 1/2...
  Embedding chunk 2/2...
Tagging document...
  Tags: ['Intimacy with Jesus', 'Friendship in Christ', "Knowing God's Heart"]
Done: NA_johnbeveretv_the_greatest_compliment_a_human_can_receive.txt
  Moved to: /Users/alexwhitley/Desktop/rhemata/sources/youtube/ingested/NA_johnbeveretv_the_greatest_compliment_a_human_can_receive.txt

============================================================
Processing: NA_johnbeveretv_the_keys_to_finishing_well_in_life.txt [COPYRIGHTED]
============================================================
Extracting text (.txt)...
  Parsed headers: {'TITLE': 'The Keys to Finishing Well in Life', 'SPEAKER': 'John Bevere', 'CHANNEL': 'John Bevere TV', 'URL': 'https://www.youtube.com/watch?v=f98xiY_2YBk', 'SOURCE_URL': 'https://www.youtube.com/watch?v=f98xiY_2YBk', 'PUBLISHED': 'NA', 'DURATION_MIN': '0.0', 'SOURCE_TYPE': 'sermon'}
  1 pages extracted
Detecting metadata via Groq...
  Title:   The Keys to Finishing Well in Life
  Author:  John Bevere
  Year:    None
  Source:  None
  Tags:    ['Faith', 'Productivity', 'Fear of the Lord', 'Longevity', 'Spiritual Growth']
Chunking...
  2 chunks created
Extracting Bible references...
  4 reference(s): Proverbs 10:27, Proverbs 9:11, Exodus 20:12, Ephesians 6:2-3
Inserting document record...
  Document ID: 25870a36-5793-42d2-83dd-25461c5034d9
Embedding and inserting 2 chunks...
  Embedding chunk 1/2...
  Embedding chunk 2/2...
Tagging document...
  Tags: ['Biblical Authority', 'Faith and Perseverance', 'Victory in Christ', 'Honoring Your Parents']
Done: NA_johnbeveretv_the_keys_to_finishing_well_in_life.txt
  Moved to: /Users/alexwhitley/Desktop/rhemata/sources/youtube/ingested/NA_johnbeveretv_the_keys_to_finishing_well_in_life.txt

============================================================
Processing: NA_johnbeveretv_the_lie_youve_been_sold_about_prosperity.txt [COPYRIGHTED]
============================================================
Extracting text (.txt)...
  Parsed headers: {'TITLE': 'The Lie You’ve Been Sold About Prosperity.', 'SPEAKER': 'John Bevere', 'CHANNEL': 'John Bevere TV', 'URL': 'https://www.youtube.com/watch?v=0se92-QWb_s', 'SOURCE_URL': 'https://www.youtube.com/watch?v=0se92-QWb_s', 'PUBLISHED': 'NA', 'DURATION_MIN': '0.0', 'SOURCE_TYPE': 'sermon'}
  1 pages extracted
Detecting metadata via Groq...
  Title:   The Lie You’ve Been Sold About Prosperity.
  Author:  John Bevere
  Year:    2025
  Source:  None
  Tags:    ['Prosperity Gospel', 'Wealth', 'Faith', 'Reputation', 'Evangelism']
Chunking...
  16 chunks created
Extracting Bible references...
  5 reference(s): Deuteronomy 8:18, Matthew 6:33, 2 Corinthians 9:6, 2 Corinthians 9:8, Job 42
Inserting document record...
  Document ID: 2839b7f2-5bb8-4c8d-ae03-eb69f4dd9180
Embedding and inserting 16 chunks...
  Embedding chunk 1/16...
  Embedding chunk 2/16...
  Embedding chunk 3/16...
  Embedding chunk 4/16...
  Embedding chunk 5/16...
  Embedding chunk 6/16...
  Embedding chunk 7/16...
  Embedding chunk 8/16...
  Embedding chunk 9/16...
  Embedding chunk 10/16...
  Embedding chunk 11/16...
  Embedding chunk 12/16...
  Embedding chunk 13/16...
  Embedding chunk 14/16...
  Embedding chunk 15/16...
  Embedding chunk 16/16...
Tagging document...
  Removed invalid tags: ['Prosperity is not explicitly listed, but related concepts are, so using a relevant tag']
  Tags: ['Biblical Authority', 'Stewardship and Finances', 'Faith and Perseverance']
Done: NA_johnbeveretv_the_lie_youve_been_sold_about_prosperity.txt
  Moved to: /Users/alexwhitley/Desktop/rhemata/sources/youtube/ingested/NA_johnbeveretv_the_lie_youve_been_sold_about_prosperity.txt

============================================================
Processing: NA_johnbeveretv_the_most_powerful_scripture_for_believers.txt [COPYRIGHTED]
============================================================
Extracting text (.txt)...
  Parsed headers: {'TITLE': 'The Most Powerful Scripture for Believers', 'SPEAKER': 'John Bevere', 'CHANNEL': 'John Bevere TV', 'URL': 'https://www.youtube.com/watch?v=h0IPx2Nh4es', 'SOURCE_URL': 'https://www.youtube.com/watch?v=h0IPx2Nh4es', 'PUBLISHED': 'NA', 'DURATION_MIN': '0.0', 'SOURCE_TYPE': 'sermon'}
  1 pages extracted
Detecting metadata via Groq...
  Title:   The Most Powerful Scripture for Believers
  Author:  John Bevere
  Year:    None
  Source:  None
  Tags:    ['Salvation', 'Grace', 'Christian Living', 'Empowerment']
Chunking...
  3 chunks created
Extracting Bible references...
  6 reference(s): Ephesians 2:8-10, John 3:16, Romans 12:6, 2 Corinthians 12:9, 2 Peter 1:1 ... (+1)
Inserting document record...
  Document ID: 4096a316-7c4a-4e98-a7c3-d29b1a8da912
Embedding and inserting 3 chunks...
  Embedding chunk 1/3...
  Embedding chunk 2/3...
  Embedding chunk 3/3...
Tagging document...
  Tags: ['Biblical Authority', 'Grace and Mercy', 'Equipping the Saints', 'Power for Service']
Done: NA_johnbeveretv_the_most_powerful_scripture_for_believers.txt
  Moved to: /Users/alexwhitley/Desktop/rhemata/sources/youtube/ingested/NA_johnbeveretv_the_most_powerful_scripture_for_believers.txt

============================================================
Processing: NA_johnbeveretv_the_one_thing_that_cuts_you_off_from_hearing_god.txt [COPYRIGHTED]
============================================================
Extracting text (.txt)...
  Parsed headers: {'TITLE': 'The One Thing That Cuts You Off From Hearing God', 'SPEAKER': 'John Bevere', 'CHANNEL': 'John Bevere TV', 'URL': 'https://www.youtube.com/watch?v=0dSRPVDr2Tw', 'SOURCE_URL': 'https://www.youtube.com/watch?v=0dSRPVDr2Tw', 'PUBLISHED': 'NA', 'DURATION_MIN': '0.0', 'SOURCE_TYPE': 'sermon'}
  1 pages extracted
Detecting metadata via Groq...
  Title:   The One Thing That Cuts You Off From Hearing God
  Author:  John Bevere
  Year:    None
  Source:  None
  Tags:    ['Holy Spirit', 'Christian Faith', 'Biblical Interpretation', 'Fellowship with God', 'Spiritual Guidance']
Chunking...
  19 chunks created
Extracting Bible references...
  11 reference(s): 2 Corinthians 3:18, Acts 15, 1 John 2:24-28, John 6, Ephesians 4:14 ... (+6)
Inserting document record...
  Document ID: 27b2d4a8-b83f-4550-91c4-cda727b5effd
Embedding and inserting 19 chunks...
  Embedding chunk 1/19...
  Embedding chunk 2/19...
  Embedding chunk 3/19...
  Embedding chunk 4/19...
  Embedding chunk 5/19...
  Embedding chunk 6/19...
  Embedding chunk 7/19...
  Embedding chunk 8/19...
  Embedding chunk 9/19...
  Embedding chunk 10/19...
  Embedding chunk 11/19...
  Embedding chunk 12/19...
  Embedding chunk 13/19...
  Embedding chunk 14/19...
  Embedding chunk 15/19...
  Embedding chunk 16/19...
  Embedding chunk 17/19...
  Embedding chunk 18/19...
  Embedding chunk 19/19...
Tagging document...
  Tags: ['Biblical Authority', 'Filling of the Spirit', "Knowing God's Will", 'Led by the Spirit', 'Word and Spirit']
Done: NA_johnbeveretv_the_one_thing_that_cuts_you_off_from_hearing_god.txt
  Moved to: /Users/alexwhitley/Desktop/rhemata/sources/youtube/ingested/NA_johnbeveretv_the_one_thing_that_cuts_you_off_from_hearing_god.txt

============================================================
Processing: NA_johnbeveretv_the_paradox_of_faith_fear_and_obedience_to_god.txt [COPYRIGHTED]
============================================================
Extracting text (.txt)...
  Parsed headers: {'TITLE': 'The Paradox of Faith: Fear and Obedience to God', 'SPEAKER': 'John Bevere', 'CHANNEL': 'John Bevere TV', 'URL': 'https://www.youtube.com/watch?v=yztHot230do', 'SOURCE_URL': 'https://www.youtube.com/watch?v=yztHot230do', 'PUBLISHED': 'NA', 'DURATION_MIN': '0.0', 'SOURCE_TYPE': 'sermon'}
  1 pages extracted
Detecting metadata via Groq...
  Title:   The Paradox of Faith: Fear and Obedience to God
  Author:  John Bevere
  Year:    None
  Source:  None
  Tags:    ['Obedience', 'Faith', 'Fear of God', 'Trust', 'Submission']
Chunking...
  2 chunks created
Extracting Bible references...
  1 reference(s): 1 Kings 13
Inserting document record...
  Document ID: 072cd8f6-df11-4ea3-86f5-74f432ee9d64
Embedding and inserting 2 chunks...
  Embedding chunk 1/2...
  Embedding chunk 2/2...
Tagging document...
  Removed invalid tags: ["Obeying God's Word", 'No exact match, using closest topic']
  Tags: ['Biblical Authority', 'Submission to God', 'Authority of the Believer']
Done: NA_johnbeveretv_the_paradox_of_faith_fear_and_obedience_to_god.txt
  Moved to: /Users/alexwhitley/Desktop/rhemata/sources/youtube/ingested/NA_johnbeveretv_the_paradox_of_faith_fear_and_obedience_to_god.txt

============================================================
Processing: NA_johnbeveretv_the_power_of_developing_your_gift_with_john_bevere.txt [COPYRIGHTED]
============================================================
Extracting text (.txt)...
  Parsed headers: {'TITLE': 'The Power of Developing Your Gift with John Bevere', 'SPEAKER': 'John Bevere', 'CHANNEL': 'John Bevere TV', 'URL': 'https://www.youtube.com/watch?v=AIdt-HGeKkw', 'SOURCE_URL': 'https://www.youtube.com/watch?v=AIdt-HGeKkw', 'PUBLISHED': 'NA', 'DURATION_MIN': '0.0', 'SOURCE_TYPE': 'sermon'}
  1 pages extracted
Detecting metadata via Groq...
  Title:   The Power of Developing Your Gift with John Bevere
  Author:  John Bevere
  Year:    None
  Source:  None
  Tags:    ['spiritual growth', 'gifts of the spirit', 'Christian living', 'ministry', 'personal development']
Chunking...
  11 chunks created
Extracting Bible references...
  4 reference(s): 1 Timothy 4:14, 1 Timothy 4:15, Mark 4:24, 2 Peter 3:18
Inserting document record...
  Document ID: f7bfd57c-f7ea-4414-93a2-31db1b7d26fb
Embedding and inserting 11 chunks...
  Embedding chunk 1/11...
  Embedding chunk 2/11...
  Embedding chunk 3/11...
  Embedding chunk 4/11...
  Embedding chunk 5/11...
  Embedding chunk 6/11...
  Embedding chunk 7/11...
  Embedding chunk 8/11...
  Embedding chunk 9/11...
  Embedding chunk 10/11...
  Embedding chunk 11/11...
Tagging document...
  Tags: ['Equipping the Saints', 'Stirring Up Gifts', 'Spiritual Maturity', 'Faith and Perseverance']
Done: NA_johnbeveretv_the_power_of_developing_your_gift_with_john_bevere.txt
  Moved to: /Users/alexwhitley/Desktop/rhemata/sources/youtube/ingested/NA_johnbeveretv_the_power_of_developing_your_gift_with_john_bevere.txt

============================================================
Processing: NA_johnbeveretv_the_process_of_sanctification.txt [COPYRIGHTED]
============================================================
Extracting text (.txt)...
  Parsed headers: {'TITLE': 'The Process of Sanctification', 'SPEAKER': 'John Bevere', 'CHANNEL': 'John Bevere TV', 'URL': 'https://www.youtube.com/watch?v=QFklXqkEjvM', 'SOURCE_URL': 'https://www.youtube.com/watch?v=QFklXqkEjvM', 'PUBLISHED': 'NA', 'DURATION_MIN': '0.0', 'SOURCE_TYPE': 'sermon'}
  1 pages extracted
Detecting metadata via Groq...
  Title:   The Process of Sanctification
  Author:  John Bevere
  Year:    None
  Source:  None
  Tags:    ['Sanctification', 'Holiness', 'Justification', 'Grace of God', 'Christian Living']
Chunking...
  2 chunks created
Extracting Bible references...
  2 reference(s): 2 Corinthians 7:1, 2 Corinthians 6
Inserting document record...
  Document ID: 7bdf0052-cc68-45c9-91bc-51ed2091c4ef
Embedding and inserting 2 chunks...
  Embedding chunk 1/2...
  Embedding chunk 2/2...
Tagging document...
  Removed invalid tags: ['Fear and Trembling', 'Sanctification happens through the fear of God', 'No, use - Holiness and Sanctification', 'The topic of Holiness and Sanctification is central', 'Use instead - Holiness and Sanctification', 'No,  use only these  - Holiness and Sanctification', 'Sanctification is the process of being made holy and is a central theme of the document.']
  Tags: ['Holiness and Sanctification', 'Character of Christ']
Done: NA_johnbeveretv_the_process_of_sanctification.txt
  Moved to: /Users/alexwhitley/Desktop/rhemata/sources/youtube/ingested/NA_johnbeveretv_the_process_of_sanctification.txt

============================================================
Processing: NA_johnbeveretv_the_secret_to_elevating_your_thoughts_intentions_and_actions.txt [COPYRIGHTED]
============================================================
Extracting text (.txt)...
  Parsed headers: {'TITLE': 'The Secret to Elevating Your Thoughts, Intentions, and Actions', 'SPEAKER': 'John Bevere', 'CHANNEL': 'John Bevere TV', 'URL': 'https://www.youtube.com/watch?v=FNjzgw63xgY', 'SOURCE_URL': 'https://www.youtube.com/watch?v=FNjzgw63xgY', 'PUBLISHED': 'NA', 'DURATION_MIN': '0.0', 'SOURCE_TYPE': 'sermon'}
  1 pages extracted
Detecting metadata via Groq...
  Title:   The Secret to Elevating Your Thoughts, Intentions, and Actions
  Author:  John Bevere
  Year:    None
  Source:  None
  Tags:    ['Holiness', 'Fear of the Lord', 'Obedience', 'Repentance', 'Spiritual Growth']
Chunking...
  2 chunks created
Extracting Bible references...
  1 reference(s): Hebrews 12:14
Inserting document record...
  Document ID: b7fbd1ef-0e93-4f63-820a-d102736179fe
Embedding and inserting 2 chunks...
  Embedding chunk 1/2...
  Embedding chunk 2/2...
Tagging document...
  Removed invalid tags: ['Fear and Reverence for God', 'Obeying God', 'The Christian Life', 'Holy Fear of God']
  Only 1 valid tag(s), retrying...
  Retry failed: No valid JSON found: line 1 column 1 (char 0)
  Tags: ['Holiness and Sanctification']
Done: NA_johnbeveretv_the_secret_to_elevating_your_thoughts_intentions_and_actions.txt
  Moved to: /Users/alexwhitley/Desktop/rhemata/sources/youtube/ingested/NA_johnbeveretv_the_secret_to_elevating_your_thoughts_intentions_and_actions.txt

============================================================
Processing: NA_johnbeveretv_the_secret_to_knowing_jesus_deeper.txt [COPYRIGHTED]
============================================================
Extracting text (.txt)...
  Parsed headers: {'TITLE': 'The SECRET to Knowing Jesus Deeper', 'SPEAKER': 'John Bevere', 'CHANNEL': 'John Bevere TV', 'URL': 'https://www.youtube.com/watch?v=jN4V8xkCyAU', 'SOURCE_URL': 'https://www.youtube.com/watch?v=jN4V8xkCyAU', 'PUBLISHED': 'NA', 'DURATION_MIN': '0.0', 'SOURCE_TYPE': 'sermon'}
  1 pages extracted
Detecting metadata via Groq...
  Title:   The SECRET to Knowing Jesus Deeper
  Author:  John Bevere
  Year:    None
  Source:  None
  Tags:    ['Grace', 'Salvation', 'Spiritual Growth', 'Christian Living']
Chunking...
  21 chunks created
Extracting Bible references...
  7 reference(s): 2 Peter 1:1, 2 Peter 1:2, James 4:6, 2 Peter 1:3-4, 2 Peter 2:2 ... (+2)
Inserting document record...
  Document ID: 7afe8077-32dd-4555-b61c-a47379fb8cf6
Embedding and inserting 21 chunks...
  Embedding chunk 1/21...
  Embedding chunk 2/21...
  Embedding chunk 3/21...
  Embedding chunk 4/21...
  Embedding chunk 5/21...
  Embedding chunk 6/21...
  Embedding chunk 7/21...
  Embedding chunk 8/21...
  Embedding chunk 9/21...
  Embedding chunk 10/21...
  Embedding chunk 11/21...
  Embedding chunk 12/21...
  Embedding chunk 13/21...
  Embedding chunk 14/21...
  Embedding chunk 15/21...
  Embedding chunk 16/21...
  Embedding chunk 17/21...
  Embedding chunk 18/21...
  Embedding chunk 19/21...
  Embedding chunk 20/21...
  Embedding chunk 21/21...
Tagging document...
  Removed invalid tags: ['Growing in Grace']
  Tags: ['Grace and Mercy', "Knowing God's Heart", 'Word of Knowledge']
Done: NA_johnbeveretv_the_secret_to_knowing_jesus_deeper.txt
  Moved to: /Users/alexwhitley/Desktop/rhemata/sources/youtube/ingested/NA_johnbeveretv_the_secret_to_knowing_jesus_deeper.txt

============================================================
Processing: NA_johnbeveretv_the_ultimate_test_can_you_obey_regardless_of_circumstances.txt [COPYRIGHTED]
============================================================
Extracting text (.txt)...
  Parsed headers: {'TITLE': 'The Ultimate Test: Can You Obey Regardless of Circumstances?', 'SPEAKER': 'John Bevere', 'CHANNEL': 'John Bevere TV', 'URL': 'https://www.youtube.com/watch?v=fS-pZNuY3I4', 'SOURCE_URL': 'https://www.youtube.com/watch?v=fS-pZNuY3I4', 'PUBLISHED': 'NA', 'DURATION_MIN': '0.0', 'SOURCE_TYPE': 'sermon'}
  1 pages extracted
Detecting metadata via Groq...
  Title:   The Ultimate Test: Can You Obey Regardless of Circumstances?
  Author:  John Bevere
  Year:    None
  Source:  None
  Tags:    ['Obedience', 'Humility', 'Spiritual Growth', 'Faithfulness']
Chunking...
  2 chunks created
Extracting Bible references...
  2 reference(s): Isaiah 66:2, Philippians 2:12
Inserting document record...
  Document ID: ce20d1a3-e109-426c-b9d2-6033b3e1a529
Embedding and inserting 2 chunks...
  Embedding chunk 1/2...
  Embedding chunk 2/2...
Tagging document...
  Tagging failed: No valid JSON found: line 1 column 1 (char 0)
  Raw response: {"topic_tags": ["Authority of the Believer", "Obeying God's Word", "Obedience to God's Word" is not in the taxonomy, using "Accountability in Christ" instead,  "Walking in the Spirit"]} 

Revised to fit the taxonomy:
{"topic_tags": ["Accountability in Christ", "Authority of the Believer", "Walking in the Spirit", "Word and Spirit"]}
  No valid tags assigned
Done: NA_johnbeveretv_the_ultimate_test_can_you_obey_regardless_of_circumstances.txt
  Moved to: /Users/alexwhitley/Desktop/rhemata/sources/youtube/ingested/NA_johnbeveretv_the_ultimate_test_can_you_obey_regardless_of_circumstances.txt

============================================================
Processing: NA_johnbeveretv_this_is_what_happens_if_you_dont_fear_the_lord.txt [COPYRIGHTED]
============================================================
Extracting text (.txt)...
  Parsed headers: {'TITLE': 'This Is What Happens If You Don’t Fear the Lord', 'SPEAKER': 'John Bevere', 'CHANNEL': 'John Bevere TV', 'URL': 'https://www.youtube.com/watch?v=oY7EJKfSeY8', 'SOURCE_URL': 'https://www.youtube.com/watch?v=oY7EJKfSeY8', 'PUBLISHED': 'NA', 'DURATION_MIN': '0.0', 'SOURCE_TYPE': 'sermon'}
  1 pages extracted
Detecting metadata via Groq...
  Title:   This Is What Happens If You Don’t Fear the Lord
  Author:  John Bevere
  Year:    None
  Source:  None
  Tags:    ['Reverence for God', "God's Presence", 'Judgment', 'Worship', 'Theology']
Chunking...
  2 chunks created
Extracting Bible references...
  2 reference(s): Leviticus 10, 1 Samuel 3
Inserting document record...
  Document ID: 25ee2d22-c665-4131-8d09-d675967952dc
Embedding and inserting 2 chunks...
  Embedding chunk 1/2...
  Embedding chunk 2/2...
Tagging document...
  Tags: ['Accountability in Christ', 'Biblical Authority', 'Holiness and Sanctification', 'The Lordship of Christ']
Done: NA_johnbeveretv_this_is_what_happens_if_you_dont_fear_the_lord.txt
  Moved to: /Users/alexwhitley/Desktop/rhemata/sources/youtube/ingested/NA_johnbeveretv_this_is_what_happens_if_you_dont_fear_the_lord.txt

============================================================
Processing: NA_johnbeveretv_understanding_lifes_true_value.txt [COPYRIGHTED]
============================================================
Extracting text (.txt)...
  Parsed headers: {'TITLE': "Understanding Life's True Value", 'SPEAKER': 'John Bevere', 'CHANNEL': 'John Bevere TV', 'URL': 'https://www.youtube.com/watch?v=e9RKVJah85s', 'SOURCE_URL': 'https://www.youtube.com/watch?v=e9RKVJah85s', 'PUBLISHED': 'NA', 'DURATION_MIN': '0.0', 'SOURCE_TYPE': 'sermon'}
  1 pages extracted
Detecting metadata via Groq...
  Title:   Understanding Life's True Value
  Author:  John Bevere
  Year:    None
  Source:  None
  Tags:    ['Eternal Rewards', 'Christian Living', 'Motives', 'Fear of the Lord', 'Eternity']
Chunking...
  3 chunks created
Extracting Bible references...
  1 reference(s): 2 Corinthians 5:10,11
Inserting document record...
  Document ID: b8c7e91c-d5c2-4120-ac3d-638633039794
Embedding and inserting 3 chunks...
  Embedding chunk 1/3...
  Embedding chunk 2/3...
  Embedding chunk 3/3...
Tagging document...
  Removed invalid tags: ['Eternal Mentality', 'Judgment Seat of Christ', 'The Fear of the Lord']
  Only 1 valid tag(s), retrying...
  Tags: ['Heaven and Eternity']
Done: NA_johnbeveretv_understanding_lifes_true_value.txt
  Moved to: /Users/alexwhitley/Desktop/rhemata/sources/youtube/ingested/NA_johnbeveretv_understanding_lifes_true_value.txt

============================================================
Processing: NA_johnbeveretv_unforgettable_encounter_with_god_frozen_in_awe.txt [COPYRIGHTED]
============================================================
Extracting text (.txt)...
  Parsed headers: {'TITLE': 'Unforgettable Encounter with God: Frozen in Awe', 'SPEAKER': 'John Bevere', 'CHANNEL': 'John Bevere TV', 'URL': 'https://www.youtube.com/watch?v=NC_I3xI3zSE', 'SOURCE_URL': 'https://www.youtube.com/watch?v=NC_I3xI3zSE', 'PUBLISHED': 'NA', 'DURATION_MIN': '0.0', 'SOURCE_TYPE': 'sermon'}
  1 pages extracted
Detecting metadata via Groq...
  Title:   Unforgettable Encounter with God: Frozen in Awe
  Author:  John Bevere
  Year:    None
  Source:  None
  Tags:    ['Holy Fear', 'Reverence', 'Presence of God', 'Worship', 'Spiritual Encounter']
Chunking...
  2 chunks created
Extracting Bible references...
  1 reference(s): Psalm 89:7
Inserting document record...
  Document ID: 70985a09-3f11-4dc0-8fec-e596f9688b4c
Embedding and inserting 2 chunks...
  Embedding chunk 1/2...
  Embedding chunk 2/2...
Tagging document...
  Removed invalid tags: ['The Presence of God']
  Tags: ['Atmosphere of Worship', 'Manifestations of God', 'Intimacy with Jesus']
Done: NA_johnbeveretv_unforgettable_encounter_with_god_frozen_in_awe.txt
  Moved to: /Users/alexwhitley/Desktop/rhemata/sources/youtube/ingested/NA_johnbeveretv_unforgettable_encounter_with_god_frozen_in_awe.txt

============================================================
Processing: NA_johnbeveretv_unmasking_deception_the_key_to_living_in_truth.txt [COPYRIGHTED]
============================================================
Extracting text (.txt)...
  Parsed headers: {'TITLE': 'Unmasking Deception: The Key to Living in Truth', 'SPEAKER': 'John Bevere', 'CHANNEL': 'John Bevere TV', 'URL': 'https://www.youtube.com/watch?v=tMwXCXR6_-s', 'SOURCE_URL': 'https://www.youtube.com/watch?v=tMwXCXR6_-s', 'PUBLISHED': 'NA', 'DURATION_MIN': '0.0', 'SOURCE_TYPE': 'sermon'}
  1 pages extracted
Detecting metadata via Groq...
  Title:   Unmasking Deception: The Key to Living in Truth
  Author:  John Bevere
  Year:    None
  Source:  None
  Tags:    ['Hypocrisy', 'Fear of the Lord', 'Spiritual Authenticity', 'Judgment']
Chunking...
  2 chunks created
Extracting Bible references...
  3 reference(s): 2 Corinthians 5, Luke 12, 1 Corinthians 4:5
Inserting document record...
  Document ID: 96c38a4f-4783-454b-b1a1-370f641a9f0a
Embedding and inserting 2 chunks...
  Embedding chunk 1/2...
  Embedding chunk 2/2...
Tagging document...
  Removed invalid tags: ['The Fear of the Lord', "Hypocrisy is not present in the taxonomy, replacing with 'Holiness and Sanctification' and adding 'Accountability in Christ' and 'The Fear of the Lord' is not present, replacing with 'Walking in the Spirit' and 'Victory in Christ' is not the best fit, replacing with 'Holiness and Sanctification' and 'Accountability in Christ'"]
  Tags: ['Accountability in Christ', 'Holiness and Sanctification', 'Character of Christ']
Done: NA_johnbeveretv_unmasking_deception_the_key_to_living_in_truth.txt
  Moved to: /Users/alexwhitley/Desktop/rhemata/sources/youtube/ingested/NA_johnbeveretv_unmasking_deception_the_key_to_living_in_truth.txt

============================================================
Processing: NA_johnbeveretv_what_a_fallen_pastor_taught_me_about_fame_and_influence.txt [COPYRIGHTED]
============================================================
Extracting text (.txt)...
  Parsed headers: {'TITLE': 'What A Fallen Pastor Taught Me About Fame and Influence...', 'SPEAKER': 'John Bevere', 'CHANNEL': 'John Bevere TV', 'URL': 'https://www.youtube.com/watch?v=IJND-7LBMaA', 'SOURCE_URL': 'https://www.youtube.com/watch?v=IJND-7LBMaA', 'PUBLISHED': 'NA', 'DURATION_MIN': '0.0', 'SOURCE_TYPE': 'sermon'}
  1 pages extracted
Detecting metadata via Groq...
  Title:   What A Fallen Pastor Taught Me About Fame and Influence...
  Author:  John Bevere
  Year:    None
  Source:  None
  Tags:    ['Salvation', 'Influence', 'Ministry', 'Faith', 'Spiritual Growth']
Chunking...
  13 chunks created
Extracting Bible references...
  3 reference(s): 2 Peter 1, Ephesians 4, 2 Peter 1:1
Inserting document record...
  Document ID: a93da945-fd80-4583-9d83-e3fff1a80b18
Embedding and inserting 13 chunks...
  Embedding chunk 1/13...
  Embedding chunk 2/13...
  Embedding chunk 3/13...
  Embedding chunk 4/13...
  Embedding chunk 5/13...
  Embedding chunk 6/13...
  Embedding chunk 7/13...
  Embedding chunk 8/13...
  Embedding chunk 9/13...
  Embedding chunk 10/13...
  Embedding chunk 11/13...
  Embedding chunk 12/13...
  Embedding chunk 13/13...
Tagging document...
  Removed invalid tags: ['Growing in Salvation']
  Tags: ['Biblical Authority', 'Discipleship and Mentoring', 'Spiritual Maturity']
Done: NA_johnbeveretv_what_a_fallen_pastor_taught_me_about_fame_and_influence.txt
  Moved to: /Users/alexwhitley/Desktop/rhemata/sources/youtube/ingested/NA_johnbeveretv_what_a_fallen_pastor_taught_me_about_fame_and_influence.txt

============================================================
Processing: NA_johnbeveretv_what_do_you_want_your_legacy_to_be.txt [COPYRIGHTED]
============================================================
Extracting text (.txt)...
  Parsed headers: {'TITLE': 'What Do You Want Your Legacy to Be?', 'SPEAKER': 'John Bevere', 'CHANNEL': 'John Bevere TV', 'URL': 'https://www.youtube.com/watch?v=M5M61ontbFc', 'SOURCE_URL': 'https://www.youtube.com/watch?v=M5M61ontbFc', 'PUBLISHED': 'NA', 'DURATION_MIN': '0.0', 'SOURCE_TYPE': 'sermon'}
  1 pages extracted
Detecting metadata via Groq...
  Title:   What Do You Want Your Legacy to Be?
  Author:  John Bevere
  Year:    None
  Source:  None
  Tags:    ['Stewardship', 'Legacy', 'Judgment', 'Gifts of the Spirit', 'Christian Living']
Chunking...
  9 chunks created
Extracting Bible references...
  7 reference(s): Matthew 11:19, Luke 7:35, 1 Corinthians 4, 1 Corinthians 4:1-5, 1 Corinthians 4:5 ... (+2)
Inserting document record...
  Document ID: 576c7c44-3f39-4858-a1c3-9ee3aa3b14d0
Embedding and inserting 9 chunks...
  Embedding chunk 1/9...
  Embedding chunk 2/9...
  Embedding chunk 3/9...
  Embedding chunk 4/9...
  Embedding chunk 5/9...
  Embedding chunk 6/9...
  Embedding chunk 7/9...
  Embedding chunk 8/9...
  Embedding chunk 9/9...
Tagging document...
  Removed invalid tags: ['Judgment Seat of Christ']
  Tags: ['Accountability in Christ', 'Stewardship and Finances', 'Servant Leadership']
Done: NA_johnbeveretv_what_do_you_want_your_legacy_to_be.txt
  Moved to: /Users/alexwhitley/Desktop/rhemata/sources/youtube/ingested/NA_johnbeveretv_what_do_you_want_your_legacy_to_be.txt

============================================================
Processing: NA_johnbeveretv_what_you_do_now_impacts_your_children.txt [COPYRIGHTED]
============================================================
Extracting text (.txt)...
  Parsed headers: {'TITLE': 'What You Do Now Impacts Your Children', 'SPEAKER': 'John Bevere', 'CHANNEL': 'John Bevere TV', 'URL': 'https://www.youtube.com/watch?v=5jNG4goiYas', 'SOURCE_URL': 'https://www.youtube.com/watch?v=5jNG4goiYas', 'PUBLISHED': 'NA', 'DURATION_MIN': '0.0', 'SOURCE_TYPE': 'sermon'}
  1 pages extracted
Detecting metadata via Groq...
  Title:   What You Do Now Impacts Your Children
  Author:  John Bevere
  Year:    None
  Source:  None
  Tags:    ['Family', 'Blessings', 'Generational Sin', 'Faith', 'Parenting']
Chunking...
  2 chunks created
Extracting Bible references...
  2 reference(s): Psalm 112:1, Psalm 112:2
Inserting document record...
  Document ID: 0e43bc52-2d7f-4a61-b0ea-41e06ce441bd
Embedding and inserting 2 chunks...
  Embedding chunk 1/2...
  Embedding chunk 2/2...
Tagging document...
  Removed invalid tags: ['Blessings and Curses', 'Generational Blessings']
  Tags: ['Covenant Relationships', 'Family Life', 'Faith and Perseverance']
Done: NA_johnbeveretv_what_you_do_now_impacts_your_children.txt
  Moved to: /Users/alexwhitley/Desktop/rhemata/sources/youtube/ingested/NA_johnbeveretv_what_you_do_now_impacts_your_children.txt

============================================================
Processing: NA_johnbeveretv_why_does_god_hate_sin_watch_this.txt [COPYRIGHTED]
============================================================
Extracting text (.txt)...
  Parsed headers: {'TITLE': 'Why Does God HATE Sin? Watch This.', 'SPEAKER': 'John Bevere', 'CHANNEL': 'John Bevere TV', 'URL': 'https://www.youtube.com/watch?v=biAYkJCcYH4', 'SOURCE_URL': 'https://www.youtube.com/watch?v=biAYkJCcYH4', 'PUBLISHED': 'NA', 'DURATION_MIN': '0.0', 'SOURCE_TYPE': 'sermon'}
  1 pages extracted
Detecting metadata via Groq...
  Title:   Why Does God HATE Sin? Watch This.
  Author:  John Bevere
  Year:    None
  Source:  None
  Tags:    ['Obedience', 'Anointing', 'Sin', 'Holy Spirit', 'Faith']
Chunking...
  9 chunks created
Extracting Bible references...
  7 reference(s): Job 6:10, Hebrews 1, Psalm 92:10, Judges 16:19-20, 1 Corinthians 1:21 ... (+2)
Inserting document record...
  Document ID: 721b7ebe-0c25-4ae5-9592-8ec6438626a5
Embedding and inserting 9 chunks...
  Embedding chunk 1/9...
  Embedding chunk 2/9...
  Embedding chunk 3/9...
  Embedding chunk 4/9...
  Embedding chunk 5/9...
  Embedding chunk 6/9...
  Embedding chunk 7/9...
  Embedding chunk 8/9...
  Embedding chunk 9/9...
Tagging document...
  Removed invalid tags: ['Hating Sin and Loving Righteousness', 'The Anointing', "Obeying God's Word"]
  Tags: ['Holiness and Sanctification', 'Walking in the Spirit']
Done: NA_johnbeveretv_why_does_god_hate_sin_watch_this.txt
  Moved to: /Users/alexwhitley/Desktop/rhemata/sources/youtube/ingested/NA_johnbeveretv_why_does_god_hate_sin_watch_this.txt

============================================================
Processing: NA_johnbeveretv_why_you_are_not_experiencing_the_presence_of_god.txt [COPYRIGHTED]
============================================================
Extracting text (.txt)...
  Parsed headers: {'TITLE': 'Why You Are Not Experiencing the Presence of God', 'SPEAKER': 'John Bevere', 'CHANNEL': 'John Bevere TV', 'URL': 'https://www.youtube.com/watch?v=RvQrMi9rDmw', 'SOURCE_URL': 'https://www.youtube.com/watch?v=RvQrMi9rDmw', 'PUBLISHED': 'NA', 'DURATION_MIN': '0.0', 'SOURCE_TYPE': 'sermon'}
  1 pages extracted
Detecting metadata via Groq...
  Title:   Why You Are Not Experiencing the Presence of God
  Author:  John Bevere
  Year:    2022
  Source:  None
  Tags:    ['Holiness', 'Presence of God', 'Faith', 'Spiritual Growth', 'Christian Living']
Chunking...
  3 chunks created
Extracting Bible references...
  5 reference(s): John 14, Ephesians 1:4, Hebrews 12:14, 1 Peter 1:14-15, 2 Corinthians 6:16
Inserting document record...
  Document ID: ec8c2751-4e6a-4be7-883c-2c2e2375d9a0
Embedding and inserting 3 chunks...
  Embedding chunk 1/3...
  Embedding chunk 2/3...
  Embedding chunk 3/3...
Tagging document...
  Removed invalid tags: ['The Presence of God']
  Tags: ['Holiness and Sanctification', 'Intimacy with Jesus', 'Authority of the Believer']
Done: NA_johnbeveretv_why_you_are_not_experiencing_the_presence_of_god.txt
  Moved to: /Users/alexwhitley/Desktop/rhemata/sources/youtube/ingested/NA_johnbeveretv_why_you_are_not_experiencing_the_presence_of_god.txt

============================================================
Processing: NA_johnbeveretv_why_you_cant_stop_sinning_and_how_to_stop.txt [COPYRIGHTED]
============================================================
Extracting text (.txt)...
  Parsed headers: {'TITLE': "Why You Can't Stop Sinning (and how to stop)", 'SPEAKER': 'John Bevere', 'CHANNEL': 'John Bevere TV', 'URL': 'https://www.youtube.com/watch?v=LUVlx7C2qso', 'SOURCE_URL': 'https://www.youtube.com/watch?v=LUVlx7C2qso', 'PUBLISHED': 'NA', 'DURATION_MIN': '0.0', 'SOURCE_TYPE': 'sermon'}
  1 pages extracted
Detecting metadata via Groq...
  Title:   Why You Can't Stop Sinning (and how to stop)
  Author:  John Bevere
  Year:    None
  Source:  None
  Tags:    ['Grace', 'Christian Living', 'Faith', 'Spiritual Growth', 'Theology']
Chunking...
  11 chunks created
Extracting Bible references...
  5 reference(s): 2 Corinthians 12:9, Titus 2:14, Psalm 103, Psalm 119, Isaiah 55
Inserting document record...
  Document ID: 2f64bcec-c964-4f09-b8e4-a9cfb84a7dac
Embedding and inserting 11 chunks...
  Embedding chunk 1/11...
  Embedding chunk 2/11...
  Embedding chunk 3/11...
  Embedding chunk 4/11...
  Embedding chunk 5/11...
  Embedding chunk 6/11...
  Embedding chunk 7/11...
  Embedding chunk 8/11...
  Embedding chunk 9/11...
  Embedding chunk 10/11...
  Embedding chunk 11/11...
Tagging document...
  Tags: ['Biblical Authority', 'Grace and Mercy', 'The New Covenant', 'Faith and Perseverance']
Done: NA_johnbeveretv_why_you_cant_stop_sinning_and_how_to_stop.txt
  Moved to: /Users/alexwhitley/Desktop/rhemata/sources/youtube/ingested/NA_johnbeveretv_why_you_cant_stop_sinning_and_how_to_stop.txt

============================================================
Processing: NA_johnbeveretv_would_you_like_to_be_a_friend_of_god.txt [COPYRIGHTED]
============================================================
Extracting text (.txt)...
  Parsed headers: {'TITLE': 'Would You like to Be a Friend of God?', 'SPEAKER': 'John Bevere', 'CHANNEL': 'John Bevere TV', 'URL': 'https://www.youtube.com/watch?v=vHFflZ27Meo', 'SOURCE_URL': 'https://www.youtube.com/watch?v=vHFflZ27Meo', 'PUBLISHED': 'NA', 'DURATION_MIN': '0.0', 'SOURCE_TYPE': 'sermon'}
  1 pages extracted
Detecting metadata via Groq...
  Title:   Would You like to Be a Friend of God?
  Author:  John Bevere
  Year:    None
  Source:  None
  Tags:    ['Intimacy with God', 'Fear of God', 'Friendship with God', 'Obedience', 'Faith']
Chunking...
  2 chunks created
Extracting Bible references...
  1 reference(s): Psalm 25:14
Inserting document record...
  Document ID: 4acf58b2-ed11-41be-9c53-da5b86e66a93
Embedding and inserting 2 chunks...
  Embedding chunk 1/2...
  Embedding chunk 2/2...
Tagging document...
  Removed invalid tags: ['Fear of God']
  Tags: ['Intimacy with Jesus', 'Holiness and Sanctification', 'Relationship Restoration', 'Friendship in Christ']
Done: NA_johnbeveretv_would_you_like_to_be_a_friend_of_god.txt
  Moved to: /Users/alexwhitley/Desktop/rhemata/sources/youtube/ingested/NA_johnbeveretv_would_you_like_to_be_a_friend_of_god.txt

============================================================
Processing: NA_johnbeveretv_youll_wish_someone_told_you_this_sooner.txt [COPYRIGHTED]
============================================================
Extracting text (.txt)...
  Parsed headers: {'TITLE': 'You’ll Wish Someone Told You This Sooner...', 'SPEAKER': 'John Bevere', 'CHANNEL': 'John Bevere TV', 'URL': 'https://www.youtube.com/watch?v=rEwES7dP_Hw', 'SOURCE_URL': 'https://www.youtube.com/watch?v=rEwES7dP_Hw', 'PUBLISHED': 'NA', 'DURATION_MIN': '0.0', 'SOURCE_TYPE': 'sermon'}
  1 pages extracted
Detecting metadata via Groq...
  Title:   You’ll Wish Someone Told You This Sooner...
  Author:  John Bevere
  Year:    None
  Source:  None
  Tags:    ['Unforgiveness', 'Gossip', 'Christian Living', 'Sin', 'Righteousness']
Chunking...
  18 chunks created
Extracting Bible references...
  2 reference(s): Proverbs 6:16-19, Matthew 18
Inserting document record...
  Document ID: 60e4ee22-c1c7-4cb7-99d9-d41f32a76dfb
Embedding and inserting 18 chunks...
  Embedding chunk 1/18...
  Embedding chunk 2/18...
  Embedding chunk 3/18...
  Embedding chunk 4/18...
  Embedding chunk 5/18...
  Embedding chunk 6/18...
  Embedding chunk 7/18...
  Embedding chunk 8/18...
  Embedding chunk 9/18...
  Embedding chunk 10/18...
  Embedding chunk 11/18...
  Embedding chunk 12/18...
  Embedding chunk 13/18...
  Embedding chunk 14/18...
  Embedding chunk 15/18...
  Embedding chunk 16/18...
  Embedding chunk 17/18...
  Embedding chunk 18/18...
Tagging document...
  Tags: ['Forgiving Others', 'Biblical Authority', 'Resisting the Enemy', 'Accountability in Christ']
Done: NA_johnbeveretv_youll_wish_someone_told_you_this_sooner.txt
  Moved to: /Users/alexwhitley/Desktop/rhemata/sources/youtube/ingested/NA_johnbeveretv_youll_wish_someone_told_you_this_sooner.txt

============================================================
Processing: NA_johnbeveretv_youre_being_set_up.txt [COPYRIGHTED]
============================================================
Extracting text (.txt)...
  Parsed headers: {'TITLE': 'You’re Being Set Up...', 'SPEAKER': 'John Bevere', 'CHANNEL': 'John Bevere TV', 'URL': 'https://www.youtube.com/watch?v=v16PIDlr8Xo', 'SOURCE_URL': 'https://www.youtube.com/watch?v=v16PIDlr8Xo', 'PUBLISHED': 'NA', 'DURATION_MIN': '0.0', 'SOURCE_TYPE': 'sermon'}
  1 pages extracted
Detecting metadata via Groq...
  Title:   You’re Being Set Up...
  Author:  John Bevere
  Year:    None
  Source:  None
  Tags:    ['Spiritual Abuse', 'Leadership', 'Persecution', 'Biblical Justice', 'Christian Living']
Chunking...
  18 chunks created
Extracting Bible references...
  9 reference(s): Acts 23:4-5, Romans 13:1, 1 Timothy 2, Acts 23:4, 1 Peter 2:17 ... (+4)
Inserting document record...
  Document ID: c8c18dc2-fa2e-4e3e-a77e-0a2788369593
Embedding and inserting 18 chunks...
  Embedding chunk 1/18...
  Embedding chunk 2/18...
  Embedding chunk 3/18...
  Embedding chunk 4/18...
  Embedding chunk 5/18...
  Embedding chunk 6/18...
  Embedding chunk 7/18...
  Embedding chunk 8/18...
  Embedding chunk 9/18...
  Embedding chunk 10/18...
  Embedding chunk 11/18...
  Embedding chunk 12/18...
  Embedding chunk 13/18...
  Embedding chunk 14/18...
  Embedding chunk 15/18...
  Embedding chunk 16/18...
  Embedding chunk 17/18...
  Embedding chunk 18/18...
Tagging document...
  Removed invalid tags: ['Spiritual Abuse']
  Tags: ['Honoring Biblical Authority', 'Submission to God', 'Authority of the Believer']
Done: NA_johnbeveretv_youre_being_set_up.txt
  Moved to: /Users/alexwhitley/Desktop/rhemata/sources/youtube/ingested/NA_johnbeveretv_youre_being_set_up.txt

============================================================
Done. 67 processed, 0 skipped, 0 failed.

========================================
  YouTube pipeline complete
========================================
