verification_status	already_in_corpus	name	organization	location	category	living_or_deceased	claimed_main_url	claimed_blog_or_articles_url	archive_url	other_urls	claimed_written_content_exists	claimed_licensing_status	claimed_platform_size	discovery_paths	corpus_match_notes	claims_source	notes	date_added	agent_verified_has_blog	agent_verification_notes	reviewed_at	review_notes	auto_link_check	auto_link_check_at	site_visited_by_human	author_identity_confirmed	licensing_posture_confirmed	content_type_confirmed	clearance_checked_at	clearance_cost_lane	blog_index_url
rejected	FALSE	Andrew Murray — Additional Titles								https://www.olddeadguys.com/andrew-murray; https://archive.org/search?query=andrew+murray&mediatype=texts				pre-existing: frontend admin-panel research-target card (pre-dates the discovery-round tracking structure)		carried over from the original hardcoded frontend research-target list, not from an automated research pass	More Andrew Murray works beyond the 4 already ingested. Available on olddeadguys.com and Internet Archive.	2026-08-19			2026-08-25T18:17:37.149971+00:00	Passed on via review tool			FALSE	FALSE	FALSE	FALSE			
rejected	FALSE	Azusa Street — Apostolic Faith Magazine								https://place.asburyseminary.edu/apostolicfaith/				pre-existing: frontend admin-panel research-target card (pre-dates the discovery-round tracking structure)		carried over from the original hardcoded frontend research-target list, not from an automated research pass	13 issues of the original Apostolic Faith newsletter from the Azusa Street Revival (1906–1908). Primary source documents of the Pentecostal movement.	2026-08-19			2026-08-25T18:18:35.059711+00:00	Passed on via review tool			FALSE	FALSE	FALSE	FALSE			
rejected	FALSE	Consortium of Pentecostal Archives								https://www.pentecostalarchives.org				pre-existing: frontend admin-panel research-target card (pre-dates the discovery-round tracking structure)		carried over from the original hardcoded frontend research-target list, not from an automated research pass	Digital archives from Pentecostal and charismatic institutions. Explore for freely downloadable primary source documents.	2026-08-19			2026-08-25T18:19:26.620570+00:00	Passed on via review tool			FALSE	FALSE	FALSE	FALSE			
rejected	FALSE	Frank Bartleman — Azusa Street Writings								https://archive.org/search?query=frank+bartleman&mediatype=texts				pre-existing: frontend admin-panel research-target card (pre-dates the discovery-round tracking structure)		carried over from the original hardcoded frontend research-target list, not from an automated research pass	Frank Bartleman’s firsthand accounts of the Azusa Street Revival. Multiple titles available on Internet Archive.	2026-08-19			2026-08-25T18:19:32.475171+00:00	Passed on via review tool			FALSE	FALSE	FALSE	FALSE			
rejected	FALSE	STEPBible — TIPNR (Proper Names)								https://github.com/STEPBible/STEPBible-Data				pre-existing: frontend admin-panel research-target card (pre-dates the discovery-round tracking structure)		carried over from the original hardcoded frontend research-target list, not from an automated research pass	Every proper noun in the Bible with exhaustive references, family relationships, geolocation, and descriptions. CC BY 4.0.	2026-08-19			2026-08-25T18:19:35.122737+00:00	Passed on via review tool			FALSE	FALSE	FALSE	FALSE			
rejected	FALSE	STEPBible — TAHOT (Hebrew OT) Additional Books								https://github.com/STEPBible/STEPBible-Data/tree/master/Translators%20Amalgamated%20OT%2BNT				pre-existing: frontend admin-panel research-target card (pre-dates the discovery-round tracking structure)		carried over from the original hardcoded frontend research-target list, not from an automated research pass	Already ingested full OT. This card is for reference if re-ingestion or updates are needed.	2026-08-19			2026-08-25T18:19:36.275848+00:00	Passed on via review tool			FALSE	FALSE	FALSE	FALSE			
unverified	TRUE	Bill Johnson	Bethel Church	Redding CA	practitioner_teacher	unknown	https://bjm.org/	https://bjm.org/			TRUE	standard copyright	large global	Round 1, Seed A (Send Conference network map)	Matches existing corpus source 'Bill Johnson' (id f2004ddf-7a85-4da8-972d-4d82aeb311df).	Automated research tool inferring from search results (Round 1-2 Send Conference network-mapping / grassroots pass, 2026-08-19) -- content type, licensing, and platform size are inferred claims, not confirmed by visiting any site. No URLs were captured in this pass.	has articles/books/devotionals	2026-08-19	False	real_url: https://bjm.org/resources-list/ | authorship: single | scale: No written content -- product/video catalog only. | red_flags: Claimed content type overstated; no articles or devotionals found.			looks_like_blog	2026-08-25T18:29:51.847051+00:00	FALSE	FALSE	FALSE	FALSE			
rejected	FALSE	Ben Fitzgerald	Awakening Europe / Awakening Church	Eimeldingen Germany	practitioner_teacher	unknown	https://awakeningeurope.com/ben-fitzgerald	https://awakeningeurope.com/			TRUE	standard copyright	SMALL LOCAL CHURCH	Round 1, Seed A (Send Conference network map)		Automated research tool inferring from search results (Round 1-2 Send Conference network-mapping / grassroots pass, 2026-08-19) -- content type, licensing, and platform size are inferred claims, not confirmed by visiting any site. No URLs were captured in this pass.	ministry updates, essays	2026-08-19	False	real_url: https://awakeningeurope.com/ben-fitzgerald | authorship: unclear | scale: None -- static bio/event page. | red_flags: No blog anywhere; site is event/promo oriented.	2026-08-27T18:56:04.974801+00:00	Passed on via review tool	looks_like_blog	2026-08-25T18:29:52.933034+00:00	FALSE	FALSE	FALSE	FALSE			
unverified	FALSE	Kris Vallotton	Bethel Church / BSSM		practitioner_teacher	unknown	https://www.krisvallotton.com/	https://www.krisvallotton.com/identity			TRUE	standard copyright	large	Round 1, Seed A (Send Conference network map)		Automated research tool inferring from search results (Round 1-2 Send Conference network-mapping / grassroots pass, 2026-08-19) -- content type, licensing, and platform size are inferred claims, not confirmed by visiting any site. No URLs were captured in this pass.	active personal blog	2026-08-19	True	real_url: https://www.krisvallotton.com/blog | authorship: single | scale: Multi-category active blog, most recent post Dec 31 2025, substantial archive. | red_flags: None.			check_failed	2026-08-25T18:29:53.153273+00:00	FALSE	FALSE	FALSE	FALSE			
unverified	FALSE	Shawn Bolz	Bolz Ministries / iCreate		practitioner_teacher	unknown	https://bolzministries.com/	https://bolzministries.com/blogs/news			TRUE	standard copyright	large	Round 1, Seed A (Send Conference network map)		Automated research tool inferring from search results (Round 1-2 Send Conference network-mapping / grassroots pass, 2026-08-19) -- content type, licensing, and platform size are inferred claims, not confirmed by visiting any site. No URLs were captured in this pass.	ebooks, written devotionals	2026-08-19	True	real_url: https://bolzministries.com/category/blog-post/ | authorship: unclear -- both Shawn and Cherie Bolz referenced near different posts, no clean per-post attribution | scale: 50+ posts, Jan 2020-Jan 2025. | red_flags: Real misattribution risk -- per-post byline check required, cannot assume single-author.			no_blog_detected	2026-08-25T18:29:54.407993+00:00	FALSE	FALSE	FALSE	FALSE			
unverified	FALSE	Dan McCollam	Prophetic Company / Bethel		practitioner_teacher	unknown	https://danmccollam.com/	https://propheticcompany.com/blogs/news			TRUE	standard copyright	small/medium	Round 1, Seed A (Send Conference network map)		Automated research tool inferring from search results (Round 1-2 Send Conference network-mapping / grassroots pass, 2026-08-19) -- content type, licensing, and platform size are inferred claims, not confirmed by visiting any site. No URLs were captured in this pass.	articles, training manuals	2026-08-19	True	real_url: https://www.propheticcompany.com/blog | authorship: mixed | scale: Active multi-author team blog, May 2024-Aug 2026; he's ~5-6 of ~12 posts on page 1. | red_flags: Claimed URL wrong. Multi-author -- ingestion needs to filter to his own bylined posts only.			check_failed	2026-08-25T18:29:55.591419+00:00	FALSE	FALSE	FALSE	FALSE			
unverified	TRUE	Randy Clark	Global Awakening		practitioner_teacher	unknown	https://globalawakening.com/	https://globalawakening.com/blog/			TRUE	standard copyright	large	Round 1, Seed A (Send Conference network map)	Matches existing corpus source 'Randy Clark' (id 77c8fae6-34fd-4597-8dbd-1c439d8f3aca).	Automated research tool inferring from search results (Round 1-2 Send Conference network-mapping / grassroots pass, 2026-08-19) -- content type, licensing, and platform size are inferred claims, not confirmed by visiting any site. No URLs were captured in this pass.	articles, academic papers	2026-08-19	False	real_url: https://globalawakening.com/blog/ | authorship: mixed | scale: ~13 recent posts, but almost all by a staff writer (Ana Sakore), not Clark. | red_flags: Misattribution risk -- org blog, not his personal writing.			looks_like_blog	2026-08-25T18:29:56.050646+00:00	FALSE	FALSE	FALSE	FALSE			
unverified	FALSE	Heidi Baker	Iris Global		practitioner_teacher	unknown	https://www.irisglobal.org/	https://www.irisglobal.org/blogs/news			TRUE	standard copyright	large	Round 1, Seed A (Send Conference network map)		Automated research tool inferring from search results (Round 1-2 Send Conference network-mapping / grassroots pass, 2026-08-19) -- content type, licensing, and platform size are inferred claims, not confirmed by visiting any site. No URLs were captured in this pass.	missions letters, articles	2026-08-19	False	real_url: https://www.irisglobal.org/ | authorship: mixed | scale: Minimal written content; the one substantive piece is by her husband Rolland Baker. | red_flags: Family-byline misattribution risk -- not confidently her own writing.			check_failed	2026-08-25T18:29:56.493768+00:00	FALSE	FALSE	FALSE	FALSE			
unverified	FALSE	Ché Ahn	Harvest International Ministry		practitioner_teacher	unknown	https://cheahn.org/	https://cheahn.org/blog/			TRUE	standard copyright	large	Round 1, Seed A (Send Conference network map)		Automated research tool inferring from search results (Round 1-2 Send Conference network-mapping / grassroots pass, 2026-08-19) -- content type, licensing, and platform size are inferred claims, not confirmed by visiting any site. No URLs were captured in this pass.	articles, apostolic letters	2026-08-19	False	real_url: https://www.cheahn.org/ | authorship: single but PDF-only | scale: 2 downloadable PDF devotionals, no readable web articles. | red_flags: Claimed blog URL dead; devotionals are downloads only, News is press releases.			check_failed	2026-08-25T18:29:57.000863+00:00	FALSE	FALSE	FALSE	FALSE			
unverified	FALSE	Billy Wilson	Empowered21 / Oral Roberts University		practitioner_teacher	unknown	https://www.billywilson.org/	https://www.billywilson.org/blog			TRUE	standard copyright	large	Round 1, Seed A (Send Conference network map)		Automated research tool inferring from search results (Round 1-2 Send Conference network-mapping / grassroots pass, 2026-08-19) -- content type, licensing, and platform size are inferred claims, not confirmed by visiting any site. No URLs were captured in this pass.	academic & ministry essays	2026-08-19	False	real_url: unresolved -- billywilson.org 404s everywhere | authorship: unclear | scale: None -- domain non-functional. | red_flags: Both claimed URLs dead; his real books are on a different domain (drbillywilsonbooks.com), bio at oru.edu.			check_failed	2026-08-25T18:29:57.571985+00:00	FALSE	FALSE	FALSE	FALSE			
unverified	FALSE	Ken & Jen Hodges	Christalignment	Australia	practitioner_teacher	unknown	https://www.kenandjenhodges.com/	https://www.kenandjenhodges.com/blog			FALSE	standard copyright	small local	Round 1, Seed A (Send Conference network map)		Automated research tool inferring from search results (Round 1-2 Send Conference network-mapping / grassroots pass, 2026-08-19) -- content type, licensing, and platform size are inferred claims, not confirmed by visiting any site. No URLs were captured in this pass.	NO written content, audio/video only	2026-08-19					check_failed	2026-08-25T18:29:57.631764+00:00	FALSE	FALSE	FALSE	FALSE			
unverified	FALSE	Sean Feucht	Let Us Worship / Bold		practitioner_teacher	unknown	https://www.seanfeucht.com/	https://www.letusworship.us/			TRUE	standard copyright	large	Round 1, Seed A (Send Conference network map)		Automated research tool inferring from search results (Round 1-2 Send Conference network-mapping / grassroots pass, 2026-08-19) -- content type, licensing, and platform size are inferred claims, not confirmed by visiting any site. No URLs were captured in this pass.	blog posts, op-eds -- Source list tags this as '[ALSO APPEARS IN SEED D]' -- could not independently confirm a second appearance in Seed D as pasted; flagged for Alex to check original research notes.	2026-08-19	True	real_url: https://www.seanfeucht.com/op-ed | authorship: single | scale: ~20 pieces, active through 2026. | red_flags: Claimed URL wrong (was letusworship.us, no blog there). Content skews political/op-ed rather than devotional -- verify fit.			looks_like_blog	2026-08-25T18:29:57.957387+00:00	FALSE	FALSE	FALSE	FALSE			
unverified	FALSE	Brian & Jenn Johnson	Bethel Music		worship_leader_musician	unknown	https://bethelmusic.com/	https://bethelmusic.com/blog			TRUE	CCLI royalty	large	Round 1, Seed A (Send Conference network map)		Automated research tool inferring from search results (Round 1-2 Send Conference network-mapping / grassroots pass, 2026-08-19) -- content type, licensing, and platform size are inferred claims, not confirmed by visiting any site. No URLs were captured in this pass.	no written content, lyrics/video	2026-08-19	False	real_url: https://bethelmusic.com/ | authorship: mixed (org) | scale: None -- lyrics/video/music only. | red_flags: Confirms existing no-content flag.			check_failed	2026-08-25T18:29:58.348481+00:00	FALSE	FALSE	FALSE	FALSE			
unverified	FALSE	Bob Hasson	Bolz Ministries / author		practitioner_teacher	unknown	https://bobhasson.com/	https://bobhasson.com/blog/			TRUE	standard copyright	small/medium	Round 1, Seed A (Send Conference network map)		Automated research tool inferring from search results (Round 1-2 Send Conference network-mapping / grassroots pass, 2026-08-19) -- content type, licensing, and platform size are inferred claims, not confirmed by visiting any site. No URLs were captured in this pass.	business & faith articles	2026-08-19	True	real_url: http://bobhasson.com/blog/ (could not load directly) | authorship: single (inferred, not confirmed) | scale: Real content likely exists (search-indexed titles) but unconfirmed by direct read. | red_flags: SSL certificate expired on every direct fetch attempt -- needs manual re-check before any ingestion decision.			check_failed	2026-08-25T18:29:58.742988+00:00	FALSE	FALSE	FALSE	FALSE			
unverified	FALSE	Todd Lollar	Mobilize Ministries	Ojai CA & DFW TX	practitioner_teacher	unknown	https://toddlollar.com/	https://mobilizefaith.org/blog/			TRUE	OPEN LICENSE / YouVersion partner	~21,000 followers	Round 1, Seed A (Send Conference network map)		Automated research tool inferring from search results (Round 1-2 Send Conference network-mapping / grassroots pass, 2026-08-19) -- content type, licensing, and platform size are inferred claims, not confirmed by visiting any site. No URLs were captured in this pass.	extensive devotional blog -- Source list tags this as '[ALSO APPEARS IN ROUND 2]' -- could not independently confirm a second appearance in the Round 2 list as pasted; flagged for Alex to check original research notes.	2026-08-19	unclear -- unverified	real_url: https://www.toddlollar.com/ (DNS failure on direct fetch) | authorship: unclear | scale: Could not verify directly. | red_flags: Both claimed URLs dead; domain exists per search index but no blog/articles section found there either. Needs manual check.			check_failed	2026-08-25T18:29:59.160746+00:00	FALSE	FALSE	FALSE	FALSE			
unverified	FALSE	Johannes Hartl	Gebetshaus Augsburg	Germany	practitioner_teacher	unknown	https://johanneshartl.org/	https://johanneshartl.org/blog/			TRUE	standard copyright	medium European	Round 1, Seed A (Send Conference network map)		Automated research tool inferring from search results (Round 1-2 Send Conference network-mapping / grassroots pass, 2026-08-19) -- content type, licensing, and platform size are inferred claims, not confirmed by visiting any site. No URLs were captured in this pass.	theological essays, blog	2026-08-19	False	real_url: https://johanneshartl.org/ | authorship: single | scale: No article archive located. | red_flags: Claimed blog URL dead; site is a speaking/tour promo hub. EN/DE toggle implies translation if content is found later.			check_failed	2026-08-25T18:30:00.634002+00:00	FALSE	FALSE	FALSE	FALSE			
unverified	FALSE	Steve Cuss	CapCity Church	Austin TX	practitioner_teacher	unknown	https://www.stevecusswords.com/	https://www.stevecusswords.com/blog			TRUE	standard copyright	SMALL LOCAL CHURCH	Round 1, Seed A (Send Conference network map)		Automated research tool inferring from search results (Round 1-2 Send Conference network-mapping / grassroots pass, 2026-08-19) -- content type, licensing, and platform size are inferred claims, not confirmed by visiting any site. No URLs were captured in this pass.	leadership articles, blog	2026-08-19	False	real_url: https://www.stevecusswords.com/ | authorship: unclear | scale: None on his own domain -- writing exists only on third-party platforms (CT, Missio Alliance). | red_flags: No blog/articles section anywhere on his personal domain.			check_failed	2026-08-25T18:30:01.010281+00:00	FALSE	FALSE	FALSE	FALSE			
unverified	FALSE	Lance Wallnau	Lance Learning Group		practitioner_teacher	unknown	https://lancewallnau.com/	https://lancewallnau.com/blog/			TRUE	standard copyright	large	Round 1, Seed A (Send Conference network map)		Automated research tool inferring from search results (Round 1-2 Send Conference network-mapping / grassroots pass, 2026-08-19) -- content type, licensing, and platform size are inferred claims, not confirmed by visiting any site. No URLs were captured in this pass.	commentary articles, blog	2026-08-19	False	real_url: https://lancewallnau.com/blog/ (podcast archive, not essays) | authorship: single host, occasional guests | scale: Very large volume but as podcast episodes, not written content. | red_flags: Sampled episode has only ~200 words of show-notes prose -- fails the written-content bar. Heavily monetized.			looks_like_blog	2026-08-25T18:30:03.478557+00:00	FALSE	FALSE	FALSE	FALSE			
unverified	FALSE	Eric Metaxas	Metaxas Media / Socrates		practitioner_teacher	unknown	https://ericmetaxas.com/	https://ericmetaxas.com/articles/			TRUE	standard copyright	large	Round 1, Seed A (Send Conference network map)		Automated research tool inferring from search results (Round 1-2 Send Conference network-mapping / grassroots pass, 2026-08-19) -- content type, licensing, and platform size are inferred claims, not confirmed by visiting any site. No URLs were captured in this pass.	articles, transcripts	2026-08-19	True	real_url: https://ericmetaxas.com/watch-read/articles/ | authorship: single | scale: Substantial, multiple sections (blog/articles/humor/poems), active through Oct 2025. | red_flags: Mix of serious essays and humor/satire/poetry -- may want to filter by category.			check_failed	2026-08-25T18:30:06.034315+00:00	FALSE	FALSE	FALSE	FALSE			
unverified	FALSE	Lou Engle	Lou Engle Ministries / TheCall		practitioner_teacher	unknown	https://louengle.com/	https://louengle.com/blog/			TRUE	standard copyright / some free ebooks	large	Round 1, Seed A (Send Conference network map)		Automated research tool inferring from search results (Round 1-2 Send Conference network-mapping / grassroots pass, 2026-08-19) -- content type, licensing, and platform size are inferred claims, not confirmed by visiting any site. No URLs were captured in this pass.	teaching notes, ebooks	2026-08-19	False	real_url: https://louengle.com/ | authorship: mixed | scale: Minimal free content; main library is paid membership. | red_flags: Only free devotional series found ('Treading Times') is by Doug Dayton, not Lou Engle -- misattribution risk.			check_failed	2026-08-25T18:30:07.006815+00:00	FALSE	FALSE	FALSE	FALSE			
unverified	FALSE	Jonathan Cahn	Hope of the World Ministries		practitioner_teacher	unknown	https://www.hopeoftheworld.org/	https://www.hopeoftheworld.org/articles.php			TRUE	standard copyright	large	Round 1, Seed A (Send Conference network map)		Automated research tool inferring from search results (Round 1-2 Send Conference network-mapping / grassroots pass, 2026-08-19) -- content type, licensing, and platform size are inferred claims, not confirmed by visiting any site. No URLs were captured in this pass.	articles, prophetic writings	2026-08-19	False	real_url: https://www.hopeoftheworld.org/ | authorship: unclear | scale: None -- video/paid product site. | red_flags: Claimed articles URL is dead. 'Daily Sapphires' sits behind a signup/paywall-adjacent gate.			check_failed	2026-08-25T18:30:07.580362+00:00	FALSE	FALSE	FALSE	FALSE			
unverified	FALSE	Dean Briggs	Lou Engle Ministries		practitioner_teacher	unknown	https://deanbriggs.com/	https://deanbriggs.com/blog/			TRUE	standard copyright	small/medium	Round 1, Seed A (Send Conference network map)		Automated research tool inferring from search results (Round 1-2 Send Conference network-mapping / grassroots pass, 2026-08-19) -- content type, licensing, and platform size are inferred claims, not confirmed by visiting any site. No URLs were captured in this pass.	blog, prayer guides	2026-08-19	True	real_url: https://deanbriggs.com/blog/ | authorship: single (presumed, no counter-evidence) | scale: ~10 posts, Sept 2020-Jan 2024. | red_flags: Appears to have stopped posting after early 2024.			check_failed	2026-08-25T18:30:07.954773+00:00	FALSE	FALSE	FALSE	FALSE			
unverified	FALSE	Matt Lockett	Justice House of Prayer DC	Washington DC	practitioner_teacher	unknown	https://mattlockett.com/	https://mattlockett.com/blog/			TRUE	standard copyright	small local	Round 1, Seed A (Send Conference network map)		Automated research tool inferring from search results (Round 1-2 Send Conference network-mapping / grassroots pass, 2026-08-19) -- content type, licensing, and platform size are inferred claims, not confirmed by visiting any site. No URLs were captured in this pass.	articles, historic essays	2026-08-19	True	real_url: https://www.contendglobal.com/blog | authorship: mixed | scale: Only 1 of 7 visible posts is his own byline; rest are other team members. | red_flags: Claimed main URL redirects to an unrelated book-promo site. Very little of his own individual writing exists.			check_failed	2026-08-25T18:30:08.256679+00:00	FALSE	FALSE	FALSE	FALSE			
unverified	FALSE	Dick Eastman	Every Home for Christ		practitioner_teacher	unknown	https://www.everyhome.org/	https://www.everyhome.org/stories/			TRUE	standard copyright	large	Round 1, Seed A (Send Conference network map)		Automated research tool inferring from search results (Round 1-2 Send Conference network-mapping / grassroots pass, 2026-08-19) -- content type, licensing, and platform size are inferred claims, not confirmed by visiting any site. No URLs were captured in this pass.	articles, prayer guides	2026-08-19	False	real_url: https://www.everyhome.org/stories/ | authorship: mixed | scale: ~6-8 field-report stories, not his essays. | red_flags: Testimonial/impact reporting, not his own teaching writing.			looks_like_blog	2026-08-25T18:30:10.514080+00:00	FALSE	FALSE	FALSE	FALSE			
unverified	FALSE	Chris Berglund	Ascendance Ministries		practitioner_teacher	unknown	https://ascendpraise.com/	https://ascendpraise.com/articles/			TRUE	standard copyright	small local	Round 1, Seed A (Send Conference network map)		Automated research tool inferring from search results (Round 1-2 Send Conference network-mapping / grassroots pass, 2026-08-19) -- content type, licensing, and platform size are inferred claims, not confirmed by visiting any site. No URLs were captured in this pass.	teaching blogs, dream notes	2026-08-19	False	real_url: https://ascendingzion.com/ (claimed domain doesn't resolve) | authorship: unclear | scale: None free -- content delivered via $25/month paid membership. | red_flags: Claimed domain doesn't exist. No free written content.			check_failed	2026-08-25T18:30:10.658133+00:00	FALSE	FALSE	FALSE	FALSE			
unverified	FALSE	Will Ford	818 Texas / JHOP DC		practitioner_teacher	unknown	https://willford222.com/	https://willford222.com/blog/			TRUE	standard copyright	small local	Round 1, Seed A (Send Conference network map)		Automated research tool inferring from search results (Round 1-2 Send Conference network-mapping / grassroots pass, 2026-08-19) -- content type, licensing, and platform size are inferred claims, not confirmed by visiting any site. No URLs were captured in this pass.	historical articles, blog	2026-08-19	False	real_url: https://willfordministries.com/articles/ (compromised) | authorship: n/a | scale: Minimal legitimate content. | red_flags: SIGNIFICANT: claimed domain has no DNS record. Real domain's /articles/ appears hijacked with unrelated spam (gambling) content -- signs of a compromised/resquatted site. Do not ingest.			check_failed	2026-08-25T18:30:10.723791+00:00	FALSE	FALSE	FALSE	FALSE			
unverified	FALSE	David Kim	Contend Global		practitioner_teacher	unknown					TRUE	standard copyright	small youth prayer ministry	Round 1, Seed A (Send Conference network map)		Automated research tool inferring from search results (Round 1-2 Send Conference network-mapping / grassroots pass, 2026-08-19) -- content type, licensing, and platform size are inferred claims, not confirmed by visiting any site. No URLs were captured in this pass.	fast guides, articles | URL research 2026-08-19: flagged AMBIGUOUS by the research pass (multiple people share this name) -- main/blog URLs deliberately left blank rather than guessed.	2026-08-19							FALSE	FALSE	FALSE	FALSE			
unverified	FALSE	Scott Volk	Together for Israel		practitioner_teacher	unknown	https://togetherforisrael.org/	https://togetherforisrael.org/blog/			TRUE	standard copyright	small local	Round 1, Seed A (Send Conference network map)		Automated research tool inferring from search results (Round 1-2 Send Conference network-mapping / grassroots pass, 2026-08-19) -- content type, licensing, and platform size are inferred claims, not confirmed by visiting any site. No URLs were captured in this pass.	articles, ministry letters	2026-08-19	False	real_url: https://togetherforisrael.org/ | authorship: n/a | scale: None -- podcast/Bible-study product only. | red_flags: Claimed blog URL 404s; no blog section exists.			check_failed	2026-08-25T18:30:11.108671+00:00	FALSE	FALSE	FALSE	FALSE			
unverified	FALSE	Francis Chan	Crazy Love / We Are Church		practitioner_teacher	unknown	https://crazylove.org/	https://crazylove.org/resources/			TRUE	standard copyright, some open study PDFs	small house church network	Round 1, Seed B (Send Conference network map)		Automated research tool inferring from search results (Round 1-2 Send Conference network-mapping / grassroots pass, 2026-08-19) -- content type, licensing, and platform size are inferred claims, not confirmed by visiting any site. No URLs were captured in this pass.	books, articles, study guides	2026-08-19	True	real_url: https://crazylove.org/articles/ | authorship: single | scale: 12 articles, modest curated set. | red_flags: Claimed URL wrong (was /resources/).			check_failed	2026-08-25T18:30:12.004396+00:00	FALSE	FALSE	FALSE	FALSE			
unverified	FALSE	Lisa Chan	Crazy Love Ministries		practitioner_teacher	unknown	https://crazylove.org/	https://crazylove.org/resources/			TRUE	unstated	small house church network	Round 1, Seed B (Send Conference network map)		Automated research tool inferring from search results (Round 1-2 Send Conference network-mapping / grassroots pass, 2026-08-19) -- content type, licensing, and platform size are inferred claims, not confirmed by visiting any site. No URLs were captured in this pass.	co-authored books, blog articles	2026-08-19	True	real_url: https://crazylove.org/articles | authorship: MISATTRIBUTION -- all visible articles are actually authored by Francis Chan, not Lisa Chan | scale: 12 articles, none actually hers. | red_flags: Direct misattribution risk -- do not ingest as Lisa Chan content.			check_failed	2026-08-25T18:30:12.678132+00:00	FALSE	FALSE	FALSE	FALSE			
unverified	FALSE	Nathan J'Diim	Mission Connexion		practitioner_teacher	unknown	https://www.fireandfragrance.com/	https://www.fireandfragrance.com/blog			TRUE	standard copyright	small/medium	Round 1, Seed B (Send Conference network map)		Automated research tool inferring from search results (Round 1-2 Send Conference network-mapping / grassroots pass, 2026-08-19) -- content type, licensing, and platform size are inferred claims, not confirmed by visiting any site. No URLs were captured in this pass.	missions articles, guides	2026-08-19	False	real_url: https://www.fireandfragrance.com/ (no blog) | authorship: n/a | scale: None. | red_flags: Purely an org landing page; his name doesn't appear on it at all.			check_failed	2026-08-25T18:30:12.919640+00:00	FALSE	FALSE	FALSE	FALSE			
unverified	FALSE	Carey Nieuwhof	Carey Nieuwhof Leadership		practitioner_teacher	unknown	https://careynieuwhof.com/	https://careynieuwhof.com/blog/			TRUE	standard copyright	large media platform	Round 1, Seed B (Send Conference network map)		Automated research tool inferring from search results (Round 1-2 Send Conference network-mapping / grassroots pass, 2026-08-19) -- content type, licensing, and platform size are inferred claims, not confirmed by visiting any site. No URLs were captured in this pass.	extensive leadership blog, transcripts	2026-08-19	True	real_url: https://careynieuwhof.com/blog/ | authorship: mostly single, occasional guest posts | scale: Very large, 140+ archive pages, confirmed via search (direct fetch bot-blocked). | red_flags: Direct WebFetch returned 403 on every attempt -- content confirmed only indirectly via search, not a direct read.			looks_like_blog	2026-08-25T18:30:13.320028+00:00	FALSE	FALSE	FALSE	FALSE			
unverified	FALSE	Mike Bickle	IHOPKC		practitioner_teacher	unknown	https://www.mikebickle.org/	https://www.mikebickle.org/resources/			TRUE	OPEN ACCESS ARCHIVES / standard copyright	large	Round 1, Seed B (Send Conference network map)		Automated research tool inferring from search results (Round 1-2 Send Conference network-mapping / grassroots pass, 2026-08-19) -- content type, licensing, and platform size are inferred claims, not confirmed by visiting any site. No URLs were captured in this pass.	PDFs, teaching outlines, articles	2026-08-19	False	real_url: https://mikebickle.org/categories | authorship: unclear | scale: Unclear -- category pages likely PDF/audio/video listings, not prose. | red_flags: Claimed URL dead; needs deeper manual verification before any ingestion decision.			check_failed	2026-08-25T18:30:13.938954+00:00	FALSE	FALSE	FALSE	FALSE			
unverified	FALSE	John Mark Comer	Practicing the Way / Bridgetown	Portland OR	practitioner_teacher	unknown	https://johnmarkcomer.com/	https://practicingtheway.org/resources			TRUE	standard copyright, some free open guides	SMALL LOCAL CHURCH	Round 1, Seed B (Send Conference network map)		Automated research tool inferring from search results (Round 1-2 Send Conference network-mapping / grassroots pass, 2026-08-19) -- content type, licensing, and platform size are inferred claims, not confirmed by visiting any site. No URLs were captured in this pass.	essays, formation guides, blog	2026-08-19	False	real_url: https://practicingtheway.org/resources | authorship: mixed | scale: Substantial resource library but explicitly multi-contributor, much of it paid. | red_flags: Not single-author; his own domain has no blog at all.			looks_like_blog	2026-08-25T18:30:15.023375+00:00	FALSE	FALSE	FALSE	FALSE			
unverified	FALSE	Christine Caine	A21 / Propel Women		practitioner_teacher	unknown	https://christinecaine.com/	https://christinecaine.com/blog/			TRUE	standard copyright	large	Round 1, Seed B (Send Conference network map)		Automated research tool inferring from search results (Round 1-2 Send Conference network-mapping / grassroots pass, 2026-08-19) -- content type, licensing, and platform size are inferred claims, not confirmed by visiting any site. No URLs were captured in this pass.	blog articles, books	2026-08-19	False	real_url: https://christinecaine.com/ (no blog) | authorship: n/a | scale: None on her own domain -- long-form writing is guest posts elsewhere. | red_flags: Claimed blog URL dead; no blog anywhere in current site nav.			looks_like_blog	2026-08-25T18:30:18.826776+00:00	FALSE	FALSE	FALSE	FALSE			
unverified	FALSE	Craig Groeschel	Life.Church		practitioner_teacher	unknown	https://www.craiggroeschel.com/	https://www.craiggroeschel.com/leadership-podcast			TRUE	OPEN LICENSE (Open Network resources)	large megachurch	Round 1, Seed B (Send Conference network map)		Automated research tool inferring from search results (Round 1-2 Send Conference network-mapping / grassroots pass, 2026-08-19) -- content type, licensing, and platform size are inferred claims, not confirmed by visiting any site. No URLs were captured in this pass.	leadership blog, devotionals	2026-08-19	True	real_url: https://www.craiggroeschel.com/blog | authorship: single | scale: 9+ articles, actively maintained, explicit 'By Craig Groeschel' bylines. | red_flags: Claimed URL wrong (was /leadership-podcast). Leadership/business-culture focus, not devotional -- verify corpus fit.			check_failed	2026-08-25T18:30:19.214862+00:00	FALSE	FALSE	FALSE	FALSE			
unverified	FALSE	Jon Tyson	Church of the City New York		practitioner_teacher	unknown	https://jontyson.com/	https://churchofthecity.com/resources/			TRUE	standard copyright	SMALL/MEDIUM LOCAL CHURCH	Round 1, Seed B (Send Conference network map)		Automated research tool inferring from search results (Round 1-2 Send Conference network-mapping / grassroots pass, 2026-08-19) -- content type, licensing, and platform size are inferred claims, not confirmed by visiting any site. No URLs were captured in this pass.	articles, cultural essays	2026-08-19	True	real_url: https://mycupoverflows.substack.com/ | authorship: single | scale: 8 posts Jan-Jun 2026, ~2,000 subscribers. | red_flags: Both claimed URLs are dead placeholders -- real content is on a Substack not in the source data at all.			check_failed	2026-08-25T18:30:21.265938+00:00	FALSE	FALSE	FALSE	FALSE			
unverified	FALSE	Lisa Harper	Lisa Harper Ministries		practitioner_teacher	unknown	https://lisaharper.org/	https://lisaharper.org/blog/			TRUE	standard copyright	large	Round 1, Seed B (Send Conference network map)		Automated research tool inferring from search results (Round 1-2 Send Conference network-mapping / grassroots pass, 2026-08-19) -- content type, licensing, and platform size are inferred claims, not confirmed by visiting any site. No URLs were captured in this pass.	devotional articles	2026-08-19	False	real_url: https://lisaharper.org/ (no working blog) | authorship: unclear | scale: None free -- devotionals are paid books; podcast is audio. | red_flags: Claimed blog URL dead.			check_failed	2026-08-25T18:30:21.660064+00:00	FALSE	FALSE	FALSE	FALSE			
unverified	FALSE	Mark Sayers	Red Church	Melbourne, Australia	practitioner_teacher	unknown	https://marksayers.co/	https://marksayers.co/articles/			TRUE	standard copyright	SMALL LOCAL CHURCH	Round 1, Seed B (Send Conference network map)		Automated research tool inferring from search results (Round 1-2 Send Conference network-mapping / grassroots pass, 2026-08-19) -- content type, licensing, and platform size are inferred claims, not confirmed by visiting any site. No URLs were captured in this pass.	cultural analysis articles, blog	2026-08-19	False	real_url: https://marksayers.co/ | authorship: n/a | scale: None. | red_flags: Book/podcast/speaker landing page only, zero indexed article pages.			check_failed	2026-08-25T18:30:21.930348+00:00	FALSE	FALSE	FALSE	FALSE			
unverified	FALSE	Pete Greig	24-7 Prayer / Emmaus Road	Guildford UK	practitioner_teacher	unknown	https://petegreig.info/	https://www.24-7prayer.com/blog/			TRUE	CREATIVE COMMONS / open prayer guides	small/medium local	Round 1, Seed B (Send Conference network map)		Automated research tool inferring from search results (Round 1-2 Send Conference network-mapping / grassroots pass, 2026-08-19) -- content type, licensing, and platform size are inferred claims, not confirmed by visiting any site. No URLs were captured in this pass.	prayer guides, articles, blog	2026-08-19	True	real_url: http://www.dirtyglory.org/blog | authorship: single | scale: Substantial 800-3000+ word essays, Jan 2024-Nov 2025, longer archive indicated. | red_flags: Claimed URL wrong -- that domain is an org hub with zero individual bylines. Real personal blog is on a separate domain.			looks_like_blog	2026-08-25T18:30:24.133074+00:00	FALSE	FALSE	FALSE	FALSE			
unverified	FALSE	Alain Emerson	24-7 Prayer Ireland / Emmanuel Church	Lurgan NI	practitioner_teacher	unknown	https://www.24-7prayerireland.com/	https://www.24-7prayer.com/blog/			TRUE	standard copyright	SMALL LOCAL CHURCH	Round 1, Seed B (Send Conference network map)		Automated research tool inferring from search results (Round 1-2 Send Conference network-mapping / grassroots pass, 2026-08-19) -- content type, licensing, and platform size are inferred claims, not confirmed by visiting any site. No URLs were captured in this pass.	blog articles, pastoral letters	2026-08-19	False	real_url: https://www.24-7prayer.com/blog/ | authorship: mixed | scale: Org blog active, but his own contributor page has only a placeholder bio, no articles. | red_flags: claimed_main_url and claimed_blog_or_articles_url are different unrelated organizations -- mismatch in source data.			looks_like_blog	2026-08-25T18:30:26.195968+00:00	FALSE	FALSE	FALSE	FALSE			
unverified	FALSE	Emma Stark	Powerhouse Church / Glasgow Prophetic Centre	Scotland	practitioner_teacher	unknown	https://glasgowpropheticcentre.org.uk/	https://glasgowpropheticcentre.org.uk/blog/			TRUE	standard copyright	SMALL LOCAL CHURCH	Round 1, Seed B (Send Conference network map)		Automated research tool inferring from search results (Round 1-2 Send Conference network-mapping / grassroots pass, 2026-08-19) -- content type, licensing, and platform size are inferred claims, not confirmed by visiting any site. No URLs were captured in this pass.	prophetic articles, blog	2026-08-19	False	real_url: https://emmafaithstark.com/ (real site, no blog) | authorship: unclear | scale: None -- paid e-courses, podcast, book sales only. | red_flags: Claimed domain doesn't resolve at all.			check_failed	2026-08-25T18:30:26.309788+00:00	FALSE	FALSE	FALSE	FALSE			
unverified	FALSE	Circuit Riders Music	Circuit Riders / YWAM		practitioner_teacher	unknown	https://crmusic.co/	https://circuitriders.com/news/			TRUE	standard copyright	large youth movement	Round 1, Seed C (Send Conference network map)		Automated research tool inferring from search results (Round 1-2 Send Conference network-mapping / grassroots pass, 2026-08-19) -- content type, licensing, and platform size are inferred claims, not confirmed by visiting any site. No URLs were captured in this pass.	training blogs, tour manuals -- This is a ministry/brand entity, not an individual person.	2026-08-19	False	real_url: https://circuitriders.com/ | authorship: n/a (org, not a person) | scale: None. | red_flags: Confirmed org/brand entity, no written content of any kind.			looks_like_blog	2026-08-25T18:30:29.022410+00:00	FALSE	FALSE	FALSE	FALSE			
unverified	FALSE	Brian & Christy Brennt	Circuit Riders		practitioner_teacher	unknown	https://circuitriders.com/	https://circuitriders.com/news/			TRUE	standard copyright	large	Round 1, Seed C (Send Conference network map)		Automated research tool inferring from search results (Round 1-2 Send Conference network-mapping / grassroots pass, 2026-08-19) -- content type, licensing, and platform size are inferred claims, not confirmed by visiting any site. No URLs were captured in this pass.	books, articles, prophetic papers	2026-08-19	False	real_url: https://circuitriders.com/ | authorship: n/a | scale: None -- video/podcast/music only. | red_flags: Claimed 'books, articles, prophetic papers' not locatable on live site.			looks_like_blog	2026-08-25T18:30:31.293766+00:00	FALSE	FALSE	FALSE	FALSE			
unverified	FALSE	Andy Byrd	YWAM Kona / Circuit Riders		practitioner_teacher	unknown	https://www.andybyrd.com/	https://circuitriders.com/news/			TRUE	standard copyright	large	Round 1, Seed C (Send Conference network map)		Automated research tool inferring from search results (Round 1-2 Send Conference network-mapping / grassroots pass, 2026-08-19) -- content type, licensing, and platform size are inferred claims, not confirmed by visiting any site. No URLs were captured in this pass.	missions articles, blog -- Source list tags this as '[ALSO APPEARS IN SEED D]' -- could not independently confirm a second appearance in Seed D as pasted; flagged for Alex to check original research notes.	2026-08-19	False	real_url: https://circuitriders.com/speaker/andy-byrd | authorship: mixed | scale: Audio/video sermon feed only, no written content. | red_flags: Claimed main domain doesn't resolve. circuitriders.com confirmed multi-speaker org hub, not his site.			looks_like_blog	2026-08-25T18:30:33.816202+00:00	FALSE	FALSE	FALSE	FALSE			
unverified	FALSE	Amy Sollars	Circuit Riders / YWAM		practitioner_teacher	unknown	https://circuitriders.com/	https://circuitriders.com/news/			TRUE	standard copyright	large	Round 1, Seed C (Send Conference network map)		Automated research tool inferring from search results (Round 1-2 Send Conference network-mapping / grassroots pass, 2026-08-19) -- content type, licensing, and platform size are inferred claims, not confirmed by visiting any site. No URLs were captured in this pass.	historical vision blog posts	2026-08-19	False	real_url: https://circuitriders.com/ | authorship: unclear | scale: None -- she isn't mentioned anywhere on the site. | red_flags: Claimed URL appears to be the wrong source entirely for this person.			looks_like_blog	2026-08-25T18:30:36.290568+00:00	FALSE	FALSE	FALSE	FALSE			
unverified	FALSE	Brian Barcelona	Gen Z For Jesus / One Voice Student Missions		practitioner_teacher	unknown	https://brianbarcelona.com/	https://onevoicestudentmissions.com/blog/			TRUE	standard copyright	large youth movement	Round 1, Seed C (Send Conference network map)		Automated research tool inferring from search results (Round 1-2 Send Conference network-mapping / grassroots pass, 2026-08-19) -- content type, licensing, and platform size are inferred claims, not confirmed by visiting any site. No URLs were captured in this pass.	articles, outreach manuals	2026-08-19	False	real_url: https://brianbarcelona.com/ (empty blog) | authorship: unclear | scale: Current domain has zero posts; a decade-old legacy WordPress blog (~2012) exists but access-blocked. | red_flags: Looks abandoned; not confidently worth ingesting.			looks_like_blog	2026-08-25T18:30:37.101076+00:00	FALSE	FALSE	FALSE	FALSE			
unverified	FALSE	Teo Hayashi	Dunamis Movement / Zion Church	São Paulo Brazil	practitioner_teacher	unknown	https://teohayashi.com/	https://dunamismovement.com/blog/			TRUE	standard copyright	small/medium local network	Round 1, Seed C (Send Conference network map)		Automated research tool inferring from search results (Round 1-2 Send Conference network-mapping / grassroots pass, 2026-08-19) -- content type, licensing, and platform size are inferred claims, not confirmed by visiting any site. No URLs were captured in this pass.	leadership articles, blog	2026-08-19	False	real_url: none found | authorship: n/a | scale: None -- audio/video only. | red_flags: Domain doesn't resolve; no personal written content found anywhere.			check_failed	2026-08-25T18:30:39.456932+00:00	FALSE	FALSE	FALSE	FALSE			
unverified	FALSE	Michael Miller	UPPERROOM Dallas		practitioner_teacher	unknown	https://www.uroom.org/	https://www.uroom.org/resources			TRUE	standard copyright	SMALL/MEDIUM LOCAL CHURCH	Round 1, Seed C (Send Conference network map)		Automated research tool inferring from search results (Round 1-2 Send Conference network-mapping / grassroots pass, 2026-08-19) -- content type, licensing, and platform size are inferred claims, not confirmed by visiting any site. No URLs were captured in this pass.	devotional articles, teaching notes	2026-08-19	False	real_url: https://upperroom.co/ | authorship: unclear | scale: None -- video/podcast/course content only. | red_flags: Claimed domain (uroom.org) is stale, permanently redirects elsewhere.			check_failed	2026-08-25T18:30:39.832915+00:00	FALSE	FALSE	FALSE	FALSE			
unverified	FALSE	Junia Hayashi	Dunamis Movement		practitioner_teacher	unknown	https://dunamismovement.com/	https://dunamismovement.com/blog/			TRUE	unstated	small/medium	Round 1, Seed C (Send Conference network map)		Automated research tool inferring from search results (Round 1-2 Send Conference network-mapping / grassroots pass, 2026-08-19) -- content type, licensing, and platform size are inferred claims, not confirmed by visiting any site. No URLs were captured in this pass.	articles, women's blog	2026-08-19	False	real_url: unresolved -- no confirmable blog URL | authorship: unclear | scale: None locatable -- presence is Instagram/TikTok/podcast. | red_flags: Claimed URL 404s. Likely Portuguese-language if found -- translation/provenance issue.			check_failed	2026-08-25T18:30:42.063501+00:00	FALSE	FALSE	FALSE	FALSE			
unverified	FALSE	Lorisa Miller	UPPERROOM Dallas		practitioner_teacher	unknown	https://www.uroom.org/	https://www.uroom.org/resources			TRUE	unstated	small/medium local	Round 1, Seed C (Send Conference network map)		Automated research tool inferring from search results (Round 1-2 Send Conference network-mapping / grassroots pass, 2026-08-19) -- content type, licensing, and platform size are inferred claims, not confirmed by visiting any site. No URLs were captured in this pass.	prayer guides, articles	2026-08-19	False	real_url: https://upperroom.co/ | authorship: mixed (org) | scale: None written, one video credit only. | red_flags: Shared org domain, no written content attributable to her.			check_failed	2026-08-25T18:30:42.279022+00:00	FALSE	FALSE	FALSE	FALSE			
unverified	FALSE	Brandon Hampton	UPPERROOM Music		worship_leader_musician	unknown	https://brandonhamptonmusic.com/	https://www.uroom.org/resources			FALSE	standard copyright	small/medium	Round 1, Seed C (Send Conference network map)		Automated research tool inferring from search results (Round 1-2 Send Conference network-mapping / grassroots pass, 2026-08-19) -- content type, licensing, and platform size are inferred claims, not confirmed by visiting any site. No URLs were captured in this pass.	NO written content, audio/video	2026-08-19					check_failed	2026-08-25T18:30:42.403987+00:00	FALSE	FALSE	FALSE	FALSE			
unverified	FALSE	Peter Mattis	Grace Center	Franklin TN	practitioner_teacher	unknown	https://www.ephesustrust.com/	https://www.ephesustrust.com/articles			TRUE	standard copyright	SMALL LOCAL CHURCH	Round 1, Seed C (Send Conference network map)		Automated research tool inferring from search results (Round 1-2 Send Conference network-mapping / grassroots pass, 2026-08-19) -- content type, licensing, and platform size are inferred claims, not confirmed by visiting any site. No URLs were captured in this pass.	pastoral blogs, teaching notes	2026-08-19	False	real_url: not found -- domain does not resolve, identity unconfirmed | authorship: unclear | scale: None. | red_flags: Both claimed URLs fail; no organization by this name found; identity itself unconfirmed. Likely bad source data.			check_failed	2026-08-25T18:30:42.560578+00:00	FALSE	FALSE	FALSE	FALSE			
unverified	FALSE	Ray Hughes	Selah Ministries		practitioner_teacher	unknown	https://selahministries.com/	https://selahministries.com/articles/			TRUE	standard copyright	small/medium	Round 1, Seed C (Send Conference network map)		Automated research tool inferring from search results (Round 1-2 Send Conference network-mapping / grassroots pass, 2026-08-19) -- content type, licensing, and platform size are inferred claims, not confirmed by visiting any site. No URLs were captured in this pass.	articles, historical worship studies	2026-08-19	True	real_url: https://www.rayhughes.org/articles | authorship: single | scale: 20 articles, Sept 2024-Oct 2025, actively maintained. | red_flags: Both claimed URLs wrong -- selahministries.com now redirects to a paid course store. Real blog on an entirely different domain.			check_failed	2026-08-25T18:30:42.780357+00:00	FALSE	FALSE	FALSE	FALSE			
unverified	FALSE	Joel Richardson	Joel's Trumpet		practitioner_teacher	unknown	https://joelstrumpet.com/	https://joelstrumpet.com/category/articles/			TRUE	open online teaching / standard copyright	small/medium	Round 1, Seed C (Send Conference network map)		Automated research tool inferring from search results (Round 1-2 Send Conference network-mapping / grassroots pass, 2026-08-19) -- content type, licensing, and platform size are inferred claims, not confirmed by visiting any site. No URLs were captured in this pass.	extensive theological blog, articles	2026-08-19	True	real_url: https://joelstrumpet.com/category/blog/ | authorship: mostly single, at least one confirmed guest post | scale: ~25 posts on page 1, large archive (12+ pages), older content (2017-2019 sampled). | red_flags: Claimed URL stale. Guest post confirmed (Skip Ball) mixed into his archive -- per-post author check needed before ingest.			check_failed	2026-08-25T18:30:43.617983+00:00	FALSE	FALSE	FALSE	FALSE			
unverified	FALSE	Fire and Fragrance	YWAM Kona		practitioner_teacher	unknown	https://www.fireandfragrance.com/	https://www.fireandfragrance.com/blog			TRUE	standard copyright	large	Round 1, Seed D (Send Conference network map)		Automated research tool inferring from search results (Round 1-2 Send Conference network-mapping / grassroots pass, 2026-08-19) -- content type, licensing, and platform size are inferred claims, not confirmed by visiting any site. No URLs were captured in this pass.	missions blogs, school manuals -- This is a ministry/brand entity, not an individual person.	2026-08-19	False	real_url: https://www.fireandfragrance.com/ | authorship: n/a (org entity, not a person) | scale: None. | red_flags: Confirmed pure org landing page, no bylines of any kind.			check_failed	2026-08-25T18:30:43.818988+00:00	FALSE	FALSE	FALSE	FALSE			
unverified	FALSE	Amy Ward	Fire & Fragrance Kona		practitioner_teacher	unknown	https://www.fireandfragrance.com/	https://www.fireandfragrance.com/blog			TRUE	standard copyright	large	Round 1, Seed D (Send Conference network map)		Automated research tool inferring from search results (Round 1-2 Send Conference network-mapping / grassroots pass, 2026-08-19) -- content type, licensing, and platform size are inferred claims, not confirmed by visiting any site. No URLs were captured in this pass.	leadership articles, blog	2026-08-19	True	real_url: http://www.amyward.org/blog (SSL errors, unconfirmed directly) | authorship: single (on her own domain) | scale: Real personal blog confirmed to exist via search, exact volume unconfirmed. | red_flags: Claimed URL was wrong -- fireandfragrance.com has no mention of her at all. Real domain has a persistent SSL failure, needs manual check.			check_failed	2026-08-25T18:30:43.985354+00:00	FALSE	FALSE	FALSE	FALSE			
unverified	FALSE	Loren Cunningham	YWAM International		practitioner_teacher	deceased	https://lorencunningham.com/	https://ywam.org/news/			TRUE	standard copyright	large	Round 1, Seed D (Send Conference network map)		Automated research tool inferring from search results (Round 1-2 Send Conference network-mapping / grassroots pass, 2026-08-19) -- content type, licensing, and platform size are inferred claims, not confirmed by visiting any site. No URLs were captured in this pass.	books, global missions essays -- Source list marks this person deceased.	2026-08-19	False	real_url: https://lorencunningham.com/ | authorship: single | scale: Some written material exists (bio pieces, a final message) but reads as a memorial/legacy site with book sales, not an active blog. | red_flags: KNOWN-SUSPECT checked as requested: NOT parked/name-squatted -- legitimate-looking authorized memorial site (explicit 'Memorial' nav, footer credit to ywam.org), but exact ownership (estate vs. YWAM vs. publisher) not independently confirmed from the page alone. Any content should be treated as posthumously-curated, not a live personal blog.			check_failed	2026-08-25T18:30:44.245624+00:00	FALSE	FALSE	FALSE	FALSE			
unverified	FALSE	Lindy Cofer	Lindy & The Circuit Riders		worship_leader_musician	unknown	https://lindycofer.com/	https://circuitriders.com/news/			FALSE	standard copyright	large	Round 1, Seed D (Send Conference network map)		Automated research tool inferring from search results (Round 1-2 Send Conference network-mapping / grassroots pass, 2026-08-19) -- content type, licensing, and platform size are inferred claims, not confirmed by visiting any site. No URLs were captured in this pass.	NO written content, music/video	2026-08-19					looks_like_blog	2026-08-25T18:30:46.820172+00:00	FALSE	FALSE	FALSE	FALSE			
unverified	FALSE	Darlene Cunningham	YWAM International		practitioner_teacher	unknown	https://darlenecunningham.com/	https://ywamkona.org/blog/			TRUE	standard copyright	large	Round 1, Seed D (Send Conference network map)		Automated research tool inferring from search results (Round 1-2 Send Conference network-mapping / grassroots pass, 2026-08-19) -- content type, licensing, and platform size are inferred claims, not confirmed by visiting any site. No URLs were captured in this pass.	leadership letters, articles	2026-08-19	False	real_url: no verified blog exists | authorship: mixed -- confirmed misattribution risk | scale: Zero content confidently attributable to her. | red_flags: CRITICAL: claimed_main_url is a wrong-person domain collision with an unrelated novelist of the same name. The one shared org blog checked has posts bylined to other staff, not her.			check_failed	2026-08-25T18:30:47.457000+00:00	FALSE	FALSE	FALSE	FALSE			
unverified	FALSE	David Hamilton	YWAM University of the Nations		practitioner_teacher	unknown	https://ywamkona.org/	https://ywamkona.org/blog/			TRUE	standard copyright	large academic	Round 1, Seed D (Send Conference network map)		Automated research tool inferring from search results (Round 1-2 Send Conference network-mapping / grassroots pass, 2026-08-19) -- content type, licensing, and platform size are inferred claims, not confirmed by visiting any site. No URLs were captured in this pass.	academic papers, biblical studies	2026-08-19	False	real_url: https://ywamkona.org/blog/ (org blog, not his) | authorship: mixed | scale: 10+ posts but none attributed to him; he appears once as a podcast guest. | red_flags: Misattribution risk if this org blog were credited to him.			check_failed	2026-08-25T18:30:47.880561+00:00	FALSE	FALSE	FALSE	FALSE			
unverified	FALSE	Paul Eshleman	Jesus Film Project / Finishing the Task		practitioner_teacher	unknown	https://jesusfilm.org/	https://www.cru.org/us/en/news.html			TRUE	PUBLIC DOMAIN / open missional access	large coalition	Round 1, Seed D (Send Conference network map)		Automated research tool inferring from search results (Round 1-2 Send Conference network-mapping / grassroots pass, 2026-08-19) -- content type, licensing, and platform size are inferred claims, not confirmed by visiting any site. No URLs were captured in this pass.	global strategy reports, articles	2026-08-19	False	real_url: https://www.jesusfilm.org/blog/ | authorship: mixed | scale: Org blog active but nothing attributed to him personally. | red_flags: Only content found is a multi-author org blog -- misattribution risk if ingested under his name.			check_failed	2026-08-25T18:30:48.191678+00:00	FALSE	FALSE	FALSE	FALSE			
unverified	FALSE	Steve Douglass	Cru (Campus Crusade)		practitioner_teacher	unknown	https://www.cru.org/	https://www.cru.org/us/en/blog.html			TRUE	standard copyright	large	Round 1, Seed D (Send Conference network map)		Automated research tool inferring from search results (Round 1-2 Send Conference network-mapping / grassroots pass, 2026-08-19) -- content type, licensing, and platform size are inferred claims, not confirmed by visiting any site. No URLs were captured in this pass.	leadership articles, books	2026-08-19	False	real_url: https://www.cru.org/us/en/blog.html | authorship: mixed | scale: Large multi-author org blog, nothing his. | red_flags: He died Oct 2022 -- not reflected in source data's living_or_deceased field. Org blog only, never attribute to him.			check_failed	2026-08-25T18:30:48.483045+00:00	FALSE	FALSE	FALSE	FALSE			
unverified	FALSE	Mark Gauthier	Cru USA		practitioner_teacher	unknown	https://www.cru.org/	https://www.cru.org/us/en/blog.html			TRUE	standard copyright	large	Round 1, Seed D (Send Conference network map)		Automated research tool inferring from search results (Round 1-2 Send Conference network-mapping / grassroots pass, 2026-08-19) -- content type, licensing, and platform size are inferred claims, not confirmed by visiting any site. No URLs were captured in this pass.	ministry articles, op-eds	2026-08-19	False	real_url: https://www.cru.org/us/en/about/our-leadership/cru-leadership/mark-gauthier.html | authorship: mixed | scale: None personally his on Cru's large multi-staff blog. | red_flags: Not a viable single-teacher source.			check_failed	2026-08-25T18:30:48.724835+00:00	FALSE	FALSE	FALSE	FALSE			
unverified	FALSE	Michael Koulianos	Jesus Image / Jesus School	Orlando FL	practitioner_teacher	unknown	https://jesusimage.tv/	https://jesusimage.tv/articles/			TRUE	standard copyright	large	Round 1, Seed E (Send Conference network map)		Automated research tool inferring from search results (Round 1-2 Send Conference network-mapping / grassroots pass, 2026-08-19) -- content type, licensing, and platform size are inferred claims, not confirmed by visiting any site. No URLs were captured in this pass.	newsletter, books, articles -- Ministry organization 'Jesus Image' already exists as a corpus source; see corpus_match_notes.	2026-08-19	unclear -- blocked	real_url: https://jesusimage.tv/articles/ (403 on every attempt) | authorship: unclear | scale: Unable to verify -- bot-blocked. | red_flags: Low-confidence false; domain suggests video/podcast-first. Needs a manual browser check.			looks_like_blog	2026-08-25T18:30:50.578636+00:00	FALSE	FALSE	FALSE	FALSE			
unverified	TRUE	Daniel Kolenda	CfaN / Nations Church	Orlando FL	practitioner_teacher	unknown	https://danielkolenda.com/	https://danielkolenda.com/blog/			TRUE	standard copyright	large + local church	Round 1, Seed E (Send Conference network map)	Matches existing corpus source 'Daniel Kolenda' (id 656d6590-de62-4c8e-8c84-7587545582c9).	Automated research tool inferring from search results (Round 1-2 Send Conference network-mapping / grassroots pass, 2026-08-19) -- content type, licensing, and platform size are inferred claims, not confirmed by visiting any site. No URLs were captured in this pass.	extensive blog, books, press	2026-08-19	False	real_url: https://danielkolenda.com/category/articles/teachings-articles/ | authorship: single byline, not original written content | scale: ~10+ entries, each only 50-200 words of intro framing an embedded video. | red_flags: Not genuine written teaching content -- video-companion index, despite being an existing corpus source via another channel.			check_failed	2026-08-25T18:30:51.597893+00:00	FALSE	FALSE	FALSE	FALSE			
unverified	FALSE	Todd White	Lifestyle Christianity		practitioner_teacher	unknown	https://lifestylechristianity.com/	https://lifestylechristianity.com/blog/			TRUE	standard copyright	large	Round 1, Seed E (Send Conference network map)		Automated research tool inferring from search results (Round 1-2 Send Conference network-mapping / grassroots pass, 2026-08-19) -- content type, licensing, and platform size are inferred claims, not confirmed by visiting any site. No URLs were captured in this pass.	training manuals, devotionals	2026-08-19	True	real_url: https://lifestylechristianityu.com/author/toddwhite/ | authorship: single | scale: 5 posts visible with pagination, Nov 2025-Feb 2026. | red_flags: Claimed URL dead -- real content is on a different domain (the university site, not his ministry's main domain). Verify these are full essays, not short snippets.			check_failed	2026-08-25T18:30:51.866427+00:00	FALSE	FALSE	FALSE	FALSE			
unverified	FALSE	Jessica Koulianos	Jesus Image		practitioner_teacher	unknown	https://jesusimage.tv/	https://jesusimage.tv/articles/			TRUE	standard copyright	large	Round 1, Seed E (Send Conference network map)		Automated research tool inferring from search results (Round 1-2 Send Conference network-mapping / grassroots pass, 2026-08-19) -- content type, licensing, and platform size are inferred claims, not confirmed by visiting any site. No URLs were captured in this pass.	ministry essays -- Ministry organization 'Jesus Image' already exists as a corpus source; see corpus_match_notes.	2026-08-19	unclear -- blocked	real_url: https://jesusimage.tv/authors/jessica-koulianos/ (403 on every attempt) | authorship: unclear, shares domain with Michael Koulianos | scale: Unknown -- bot-blocked. | red_flags: Needs a follow-up check with a browser-capable tool before ingestion.			looks_like_blog	2026-08-25T18:30:53.299065+00:00	FALSE	FALSE	FALSE	FALSE			
unverified	FALSE	Benny Hinn	Benny Hinn Ministries		practitioner_teacher	unknown	https://www.bennyhinn.org/	https://www.bennyhinn.org/articles/			TRUE	standard copyright	large	Round 1, Seed E (Send Conference network map)		Automated research tool inferring from search results (Round 1-2 Send Conference network-mapping / grassroots pass, 2026-08-19) -- content type, licensing, and platform size are inferred claims, not confirmed by visiting any site. No URLs were captured in this pass.	teaching articles, books	2026-08-19	True	real_url: https://www.bennyhinn.org/your-faith-walk-blog/ | authorship: byline is 'Benny Hinn Ministries', not him personally -- authorship uncertain | scale: Weekly posts through Aug 2026, actively maintained. | red_flags: Byline says the ministry, not him -- real misattribution risk if ingested as his personal words. Heavily donation-driven.			check_failed	2026-08-25T18:30:53.607842+00:00	FALSE	FALSE	FALSE	FALSE			
unverified	FALSE	Reinhard Bonnke	CfaN		practitioner_teacher	deceased	https://reinhardbonnke.com/	https://cfan.org/news			TRUE	standard copyright	large	Round 1, Seed E (Send Conference network map)		Automated research tool inferring from search results (Round 1-2 Send Conference network-mapping / grassroots pass, 2026-08-19) -- content type, licensing, and platform size are inferred claims, not confirmed by visiting any site. No URLs were captured in this pass.	articles, books, legacy blog -- Source list marks this person deceased.	2026-08-19	False	real_url: https://cfan.org/reinhard-bonnke (bio only) | authorship: mixed | scale: cfan.org news is crusade reports, not his writing. | red_flags: KNOWN-SUSPECT checked: reinhardbonnke.com has an EXPIRED SSL cert -- lapsed/abandoned, not name-squatted. Deceased status consistent with findings. No personal writing anywhere.			looks_like_blog	2026-08-25T18:30:55.358771+00:00	FALSE	FALSE	FALSE	FALSE			
unverified	FALSE	Steffany Gretzinger	Jesus School / worship		worship_leader_musician	unknown	https://steffanygretzinger.com/				FALSE	standard copyright	large	Round 1, Seed E (Send Conference network map)		Automated research tool inferring from search results (Round 1-2 Send Conference network-mapping / grassroots pass, 2026-08-19) -- content type, licensing, and platform size are inferred claims, not confirmed by visiting any site. No URLs were captured in this pass.	NO written content	2026-08-19					check_failed	2026-08-25T18:30:56.606552+00:00	FALSE	FALSE	FALSE	FALSE			
unverified	FALSE	Brother Yun	Back to Jerusalem		practitioner_teacher	unknown	https://backtojerusalem.com/	https://backtojerusalem.com/blog/			TRUE	standard copyright	large	Round 1, Seed E (Send Conference network map)		Automated research tool inferring from search results (Round 1-2 Send Conference network-mapping / grassroots pass, 2026-08-19) -- content type, licensing, and platform size are inferred claims, not confirmed by visiting any site. No URLs were captured in this pass.	missions letters, articles	2026-08-19	False	real_url: https://backtojerusalem.com/ | authorship: mixed | scale: Substantial org content, none personally bylined. | red_flags: No personal site found anywhere; high misattribution risk if org content credited to him.			check_failed	2026-08-25T18:30:59.352684+00:00	FALSE	FALSE	FALSE	FALSE			
unverified	FALSE	Russell Benson	CfaN Global		practitioner_teacher	unknown	https://cfan.org/	https://cfan.org/news			TRUE	standard copyright	large	Round 1, Seed E (Send Conference network map)		Automated research tool inferring from search results (Round 1-2 Send Conference network-mapping / grassroots pass, 2026-08-19) -- content type, licensing, and platform size are inferred claims, not confirmed by visiting any site. No URLs were captured in this pass.	global campaign reports	2026-08-19	False	real_url: https://cfan.org/news | authorship: mixed | scale: Press-release style campaign reports, not teaching. | red_flags: No content authored by or about him found at all.			looks_like_blog	2026-08-25T18:31:01.000891+00:00	FALSE	FALSE	FALSE	FALSE			
unverified	FALSE	Peter Vandenberg	CfaN Global		practitioner_teacher	unknown	https://cfan.org/	https://cfan.org/news			TRUE	standard copyright	large	Round 1, Seed E (Send Conference network map)		Automated research tool inferring from search results (Round 1-2 Send Conference network-mapping / grassroots pass, 2026-08-19) -- content type, licensing, and platform size are inferred claims, not confirmed by visiting any site. No URLs were captured in this pass.	executive articles, news	2026-08-19	False	real_url: https://cfan.org/news | authorship: n/a | scale: None. | red_flags: No mention of him found anywhere on the site.			looks_like_blog	2026-08-25T18:31:02.759314+00:00	FALSE	FALSE	FALSE	FALSE			
unverified	FALSE	Peter Youngren	World Impact Ministries		practitioner_teacher	unknown	https://peteryoungren.org/	https://peteryoungren.org/blog/			TRUE	standard copyright	large	Round 1, Seed E (Send Conference network map)		Automated research tool inferring from search results (Round 1-2 Send Conference network-mapping / grassroots pass, 2026-08-19) -- content type, licensing, and platform size are inferred claims, not confirmed by visiting any site. No URLs were captured in this pass.	theological blog, articles	2026-08-19	True	real_url: https://peteryoungren.org/blog/ | authorship: mixed | scale: 6 posts on page 1, traditional blog format. | red_flags: Confirmed family-byline: at least one post is by his wife Taina Youngren. Needs per-post filtering.			looks_like_blog	2026-08-25T18:31:05.479358+00:00	FALSE	FALSE	FALSE	FALSE			
unverified	FALSE	Mario Murillo	Mario Murillo Ministries		practitioner_teacher	unknown	https://mariomurillo.org/	https://mariomurilloministries.wordpress.com/			TRUE	standard copyright	large	Round 1, Seed E (Send Conference network map)		Automated research tool inferring from search results (Round 1-2 Send Conference network-mapping / grassroots pass, 2026-08-19) -- content type, licensing, and platform size are inferred claims, not confirmed by visiting any site. No URLs were captured in this pass.	active political/faith blog	2026-08-19	True	real_url: https://www.mariomurillo.org/blogs | authorship: single | scale: Small visible sample (3 articles), true archive size unconfirmed. | red_flags: Claimed WordPress URL blocked bots -- could not verify directly. Site is explicitly described as political/faith commentary -- may need editorial consideration for this corpus.			check_failed	2026-08-25T18:31:05.811393+00:00	FALSE	FALSE	FALSE	FALSE			
unverified	FALSE	Steve Hill	Steve Hill Ministries		practitioner_teacher	deceased	https://steve-hill.org/	https://steve-hill.org/articles/			TRUE	standard copyright	large	Round 1, Seed E (Send Conference network map)		Automated research tool inferring from search results (Round 1-2 Send Conference network-mapping / grassroots pass, 2026-08-19) -- content type, licensing, and platform size are inferred claims, not confirmed by visiting any site. No URLs were captured in this pass.	legacy revival articles -- Source list marks this person deceased.	2026-08-19	False	real_url: unresolved -- both claimed and corrected domains unreachable | authorship: mixed (Revival Study Bible is 100+ contributors) | scale: Unable to verify -- site completely unreachable. | red_flags: Real content appears to be paywalled (widow's Kajabi course), not a free public archive.			check_failed	2026-08-25T18:31:35.816248+00:00	FALSE	FALSE	FALSE	FALSE			
unverified	FALSE	John Kilpatrick	Church of His Presence	Daphne AL	practitioner_teacher	unknown	https://johnkilpatrick.org/	https://johnkilpatrick.org/media/			TRUE	standard copyright	SMALL LOCAL CHURCH	Round 1, Seed E (Send Conference network map)		Automated research tool inferring from search results (Round 1-2 Send Conference network-mapping / grassroots pass, 2026-08-19) -- content type, licensing, and platform size are inferred claims, not confirmed by visiting any site. No URLs were captured in this pass.	sermon transcripts, blog	2026-08-19	False	real_url: https://johnkilpatrick.org/media/ (audio/video index) | authorship: n/a | scale: Minimal, most recent item from 2023. | red_flags: Explicitly audio/video-only, no transcripts.			check_failed	2026-08-25T18:31:36.567580+00:00	FALSE	FALSE	FALSE	FALSE			
unverified	FALSE	Nathan Morris	Shake the Nations		practitioner_teacher	unknown	https://shake-the-nations.com/	https://shake-the-nations.com/news/			TRUE	standard copyright	small/medium global	Round 1, Seed E (Send Conference network map)		Automated research tool inferring from search results (Round 1-2 Send Conference network-mapping / grassroots pass, 2026-08-19) -- content type, licensing, and platform size are inferred claims, not confirmed by visiting any site. No URLs were captured in this pass.	revival articles, blog	2026-08-19	True	real_url: https://www.shakethenations.com/what-we-do/devotionals | authorship: unclear -- possibly ghostwritten by ministry staff | scale: Small, 4-6 recent devotionals, lightly maintained. | red_flags: Claimed domain has a stray hyphen and doesn't resolve; correct domain has no hyphen. Modest volume.			check_failed	2026-08-25T18:31:36.618515+00:00	FALSE	FALSE	FALSE	FALSE			
unverified	FALSE	Lydia Stanley Morris	Shake the Nations		practitioner_teacher	unknown	https://shake-the-nations.com/	https://shake-the-nations.com/news/			TRUE	standard copyright	small/medium	Round 1, Seed E (Send Conference network map)		Automated research tool inferring from search results (Round 1-2 Send Conference network-mapping / grassroots pass, 2026-08-19) -- content type, licensing, and platform size are inferred claims, not confirmed by visiting any site. No URLs were captured in this pass.	ministry essays	2026-08-19	False	real_url: https://www.shakethenations.com/ | authorship: mixed | scale: Written content is 70-80% video/audio; written pieces are husband Nathan Morris's byline. | red_flags: Family-byline misattribution risk -- site reads as her husband's voice, not hers.			check_failed	2026-08-25T18:31:36.620304+00:00	FALSE	FALSE	FALSE	FALSE			
unverified	FALSE	Jean-Luc Trachsel	Europe Shall Be Saved	Switzerland	practitioner_teacher	unknown	https://jeanluctrachsel.org/	https://jeanluctrachsel.org/blog/			TRUE	standard copyright	medium European	Round 1, Seed E (Send Conference network map)		Automated research tool inferring from search results (Round 1-2 Send Conference network-mapping / grassroots pass, 2026-08-19) -- content type, licensing, and platform size are inferred claims, not confirmed by visiting any site. No URLs were captured in this pass.	articles, European reports	2026-08-19	True	real_url: https://jeanluctrachsel.org/blog/ | authorship: single | scale: 8 posts on page 1, large archive (12+ pages), active through Aug 2026. | red_flags: Bilingual EN/FR site -- confirm whether English posts are original or translated before treating as his exact words.			looks_like_blog	2026-08-25T18:31:40.905660+00:00	FALSE	FALSE	FALSE	FALSE			
unverified	FALSE	Dave Ward	Twin View Campus, Bethel Church	Redding CA	practitioner_teacher	unknown	https://twinviewchurch.com/	https://twinviewchurch.com/media/			TRUE	unstated	negligible personal platform	Round 2 (obscure/non-mainstream grassroots pass)		Automated research tool inferring from search results (Round 1-2 Send Conference network-mapping / grassroots pass, 2026-08-19) -- content type, licensing, and platform size are inferred claims, not confirmed by visiting any site. No URLs were captured in this pass.	profile & articles -- Bethel staff, not independent	2026-08-19	False	real_url: https://www.bethel.com/people/dave-ward | authorship: n/a | scale: None -- Bethel's own profile explicitly says 'No items found' for authored posts. | red_flags: Claimed domain (twinviewchurch.com) doesn't resolve at all.			check_failed	2026-08-25T18:31:40.976706+00:00	FALSE	FALSE	FALSE	FALSE			
unverified	FALSE	Jamila Page	Bethel Church	Redding CA	practitioner_teacher	unknown	https://jamilapage.com/	https://jamilapage.com/blog/			TRUE	unstated	low public footprint	Round 2 (obscure/non-mainstream grassroots pass)		Automated research tool inferring from search results (Round 1-2 Send Conference network-mapping / grassroots pass, 2026-08-19) -- content type, licensing, and platform size are inferred claims, not confirmed by visiting any site. No URLs were captured in this pass.	features on diversity & culture -- Bethel staff, not independent	2026-08-19	False	real_url: https://jamilapage.com/ | authorship: n/a | scale: None -- placeholder site. | red_flags: Underdeveloped site, not a viable candidate.			check_failed	2026-08-25T18:31:41.491447+00:00	FALSE	FALSE	FALSE	FALSE			
unverified	FALSE	Jason Chin	Love Says Go Ministries	Redding CA / regional	practitioner_teacher	unknown	https://love-says-go.com/	https://love-says-go.com/blog/			TRUE	unstated	low profile regional	Round 2 (obscure/non-mainstream grassroots pass)		Automated research tool inferring from search results (Round 1-2 Send Conference network-mapping / grassroots pass, 2026-08-19) -- content type, licensing, and platform size are inferred claims, not confirmed by visiting any site. No URLs were captured in this pass.	blog entries via Destiny Image -- regional	2026-08-19	False	real_url: https://www.lovesaysgo.com/ | authorship: mixed | scale: Stale testimonial/endorsement content from ~2017, not updated since. | red_flags: Claimed domain has a typo and doesn't resolve. Not teaching content, not current.			check_failed	2026-08-25T18:31:41.540175+00:00	FALSE	FALSE	FALSE	FALSE			
unverified	FALSE	Adam Shepski	YFC Canada / regional prayer network	Peterborough ON Canada	practitioner_teacher	unknown	https://adamshepski.com/	https://adamshepski.com/blog/			TRUE	unstated	regional coordinator	Round 2 (obscure/non-mainstream grassroots pass)		Automated research tool inferring from search results (Round 1-2 Send Conference network-mapping / grassroots pass, 2026-08-19) -- content type, licensing, and platform size are inferred claims, not confirmed by visiting any site. No URLs were captured in this pass.	ministry essays -- regional coordinator	2026-08-19	False	real_url: https://adamshepski.com/ | authorship: n/a | scale: Essentially none -- one dated archive entry. | red_flags: Blogging activity looks like a one-time/abandoned attempt.			check_failed	2026-08-25T18:31:42.007458+00:00	FALSE	FALSE	FALSE	FALSE			
unverified	FALSE	Stephanie Schmidt	American Faith & Family / Jesus School satellites	Ghana & DFW TX	practitioner_teacher	unknown					TRUE	unstated	grassroots missionary, small readership	Round 2 (obscure/non-mainstream grassroots pass)		Automated research tool inferring from search results (Round 1-2 Send Conference network-mapping / grassroots pass, 2026-08-19) -- content type, licensing, and platform size are inferred claims, not confirmed by visiting any site. No URLs were captured in this pass.	"The Reluctant Missionary" blog -- grassroots missionary | URL research 2026-08-19: flagged AMBIGUOUS by the research pass (multiple people share this name) -- main/blog URLs deliberately left blank rather than guessed.	2026-08-19							FALSE	FALSE	FALSE	FALSE			
unverified	FALSE	Chris Ryan	Daystar Worship Center	Gordonsville VA	practitioner_teacher	unknown	https://daystarworship.com/	https://daystarworship.com/blog/			TRUE	unstated	SINGLE-SITE LOCAL CHURCH, under 1,000 followers	Round 2 (obscure/non-mainstream grassroots pass)		Automated research tool inferring from search results (Round 1-2 Send Conference network-mapping / grassroots pass, 2026-08-19) -- content type, licensing, and platform size are inferred claims, not confirmed by visiting any site. No URLs were captured in this pass.	pastoral blog via regional denominational platform -- single-site local church	2026-08-19	False	real_url: unresolved -- site down (522 errors) | authorship: n/a | scale: Unknown -- site currently unreachable. | red_flags: Small single-church pastor, low-likelihood candidate regardless of site status.			check_failed	2026-08-25T18:32:01.731077+00:00	FALSE	FALSE	FALSE	FALSE			
unverified	FALSE	Gordon D. Fee	Regent College		academic_scholar	deceased	https://www.regent-college.edu/	https://www.regent-college.edu/faculty/emeritus/gordon-fee			TRUE	standard copyright (assumed -- academic-press published, not independently verified)		Round 3 (scholarly Pentecostal/charismatic academics pass)		Automated research tool compiling academic-press bibliographic information (Round 3 scholarly Pentecostal/charismatic academics pass, 2026-08-19). Licensing assumed as standard copyright per the research pass's own stated instruction ('assume standard copyright unless verified otherwise') -- not independently verified. Platform size and URLs were not part of this pass's fields.	Works: God's Empowering Presence; Gospel and Spirit; NICNT 1 Corinthians [SEED]	2026-08-19	False	real_url: https://www.regent-college.edu/faculty/past/gordon-d-fee | authorship: n/a | scale: None -- memorial faculty page. | red_flags: Deceased, no red-flag pattern -- page reads as a proper memorial, not a live site.			check_failed	2026-08-25T18:32:02.564519+00:00	FALSE	FALSE	FALSE	FALSE			
unverified	TRUE	Craig S. Keener	Asbury Theological Seminary		academic_scholar	unknown	https://craigkeener.com/	https://craigkeener.com/home/			TRUE	standard copyright (assumed -- academic-press published, not independently verified)		Round 3 (scholarly Pentecostal/charismatic academics pass)	Matches existing corpus source 'Craig Keener' (id 63119173-a295-4ec0-90e5-f3a55dcc8970).	Automated research tool compiling academic-press bibliographic information (Round 3 scholarly Pentecostal/charismatic academics pass, 2026-08-19). Licensing assumed as standard copyright per the research pass's own stated instruction ('assume standard copyright unless verified otherwise') -- not independently verified. Platform size and URLs were not part of this pass's fields.	Works: Acts commentary (4 vols); Miracles (2 vols); Spirit Hermeneutics [SEED, alive/active]	2026-08-19	True	real_url: https://craigkeener.com/blog | authorship: single | scale: Hundreds of posts across categories, very large and active. | red_flags: None -- strongest candidate found in this pass.			looks_like_blog	2026-08-25T18:32:04.232563+00:00	FALSE	FALSE	FALSE	FALSE			
unverified	FALSE	Roger Stronstad	Summit Pacific College		academic_scholar	deceased	https://www.summitpacific.ca/	https://www.summitpacific.ca/faculty/roger-stronstad/			TRUE	standard copyright (assumed -- academic-press published, not independently verified)		Round 3 (scholarly Pentecostal/charismatic academics pass)		Automated research tool compiling academic-press bibliographic information (Round 3 scholarly Pentecostal/charismatic academics pass, 2026-08-19). Licensing assumed as standard copyright per the research pass's own stated instruction ('assume standard copyright unless verified otherwise') -- not independently verified. Platform size and URLs were not part of this pass's fields.	Works: The Charismatic Theology of St. Luke; The Prophethood of All Believers [SEED]	2026-08-19	False	real_url: no live faculty page -- retired 2016, died Aug 2022 | authorship: n/a | scale: None -- book-form scholarship only. | red_flags: None -- deceased, page properly retired, not a suspicious live domain.			check_failed	2026-08-25T18:32:04.639402+00:00	FALSE	FALSE	FALSE	FALSE			
unverified	FALSE	Rick Wadholm Jr.	AGTS		academic_scholar	unknown	https://rickwadholmjr.wordpress.com/	https://rickwadholmjr.wordpress.com/			TRUE	standard copyright (assumed -- academic-press published, not independently verified)		Round 3 (scholarly Pentecostal/charismatic academics pass)		Automated research tool compiling academic-press bibliographic information (Round 3 scholarly Pentecostal/charismatic academics pass, 2026-08-19). Licensing assumed as standard copyright per the research pass's own stated instruction ('assume standard copyright unless verified otherwise') -- not independently verified. Platform size and URLs were not part of this pass's fields.	Works: A Theology of the Spirit in the Former Prophets; A Pentecostal Reading of Daniel	2026-08-19	True	real_url: https://www.rick.wadholm.com/ | authorship: single | scale: Large, long-running archive ~2005-2026, hundreds of posts, active as of May 2026. | red_flags: None significant. Two URLs exist for the same blog (legacy WordPress + current domain) -- confirm canonical one.			no_blog_detected	2026-08-25T18:32:05.023161+00:00	FALSE	FALSE	FALSE	FALSE			
unverified	FALSE	Paul Elbert	Journal for Biblical and Pneumatological Research		academic_scholar	unknown	https://paulelbert.com/	https://paulelbert.com/articles/			TRUE	standard copyright (assumed -- academic-press published, not independently verified)		Round 3 (scholarly Pentecostal/charismatic academics pass)		Automated research tool compiling academic-press bibliographic information (Round 3 scholarly Pentecostal/charismatic academics pass, 2026-08-19). Licensing assumed as standard copyright per the research pass's own stated instruction ('assume standard copyright unless verified otherwise') -- not independently verified. Platform size and URLs were not part of this pass's fields.	Works: Essays on Apostolic Themes; The Lukan Gift of the Holy Spirit	2026-08-19	True	real_url: http://pneumareview.com/author/paulelbert/ | authorship: single (on a shared multi-contributor journal site) | scale: Only 2 articles found total. | red_flags: No personal domain exists; content lives on Pneuma Review alongside other authors -- would need per-byline isolation.			check_failed	2026-08-25T18:32:05.080448+00:00	FALSE	FALSE	FALSE	FALSE			
unverified	FALSE	Stanley M. Horton	AGTS		academic_scholar	deceased	https://agts.edu/	https://agts.edu/faculty/stanley-m-horton/			TRUE	standard copyright (assumed -- academic-press published, not independently verified)		Round 3 (scholarly Pentecostal/charismatic academics pass)		Automated research tool compiling academic-press bibliographic information (Round 3 scholarly Pentecostal/charismatic academics pass, 2026-08-19). Licensing assumed as standard copyright per the research pass's own stated instruction ('assume standard copyright unless verified otherwise') -- not independently verified. Platform size and URLs were not part of this pass's fields.	Works: Systematic Theology: A Pentecostal Perspective	2026-08-19	False	real_url: https://www.evangel.edu/seminary/about/faculty-staff/ | authorship: n/a | scale: None -- name/title listing only. | red_flags: Deceased, faculty-emeritus listing only, no bio page or writing linked at all.			check_failed	2026-08-25T18:32:05.429467+00:00	FALSE	FALSE	FALSE	FALSE			
unverified	FALSE	Byron D. Klaus	AGTS (former President)		academic_scholar	unknown	https://agts.edu/	https://agts.edu/faculty/byron-klaus/			TRUE	standard copyright (assumed -- academic-press published, not independently verified)		Round 3 (scholarly Pentecostal/charismatic academics pass)		Automated research tool compiling academic-press bibliographic information (Round 3 scholarly Pentecostal/charismatic academics pass, 2026-08-19). Licensing assumed as standard copyright per the research pass's own stated instruction ('assume standard copyright unless verified otherwise') -- not independently verified. Platform size and URLs were not part of this pass's fields.	Works: Called and Empowered	2026-08-19	False	real_url: https://www.evangel.edu/faculty/byron-klaus/ | authorship: n/a | scale: None -- citation list only. | red_flags: Classic faculty-bio-with-publications case, no full text anywhere.			check_failed	2026-08-25T18:32:05.655078+00:00	FALSE	FALSE	FALSE	FALSE			
unverified	FALSE	Murray Dempster	Professor of Social Ethics (institution not stated in source)		academic_scholar	unknown	https://www.sagu.edu/	https://www.sagu.edu/faculty/murray-dempster/			TRUE	standard copyright (assumed -- academic-press published, not independently verified)		Round 3 (scholarly Pentecostal/charismatic academics pass)		Automated research tool compiling academic-press bibliographic information (Round 3 scholarly Pentecostal/charismatic academics pass, 2026-08-19). Licensing assumed as standard copyright per the research pass's own stated instruction ('assume standard copyright unless verified otherwise') -- not independently verified. Platform size and URLs were not part of this pass's fields.	Works: Called and Empowered; Essays on Pentecostal Social Ethics	2026-08-19	False	real_url: none -- no personal site exists | authorship: n/a | scale: None -- academic books/journal articles only. | red_flags: DECEASED (confirmed via SEU memorial). Claimed institution (SAGU) is an outright error -- no known association.			check_failed	2026-08-25T18:32:05.720117+00:00	FALSE	FALSE	FALSE	FALSE			
unverified	FALSE	Amos Yong	Fuller Seminary		academic_scholar	unknown	https://fuller.edu/	https://fuller.edu/faculty/amos-yong/			TRUE	standard copyright (assumed -- academic-press published, not independently verified)		Round 3 (scholarly Pentecostal/charismatic academics pass)		Automated research tool compiling academic-press bibliographic information (Round 3 scholarly Pentecostal/charismatic academics pass, 2026-08-19). Licensing assumed as standard copyright per the research pass's own stated instruction ('assume standard copyright unless verified otherwise') -- not independently verified. Platform size and URLs were not part of this pass's fields.	Works: Spirit-Word-Community; The Spirit Poured Out on All Flesh; Disability and the Gifts of the Spirit	2026-08-19	False	real_url: https://fuller.edu/faculty/amos-yong/ | authorship: n/a | scale: None -- standard bio page. | red_flags: None.			looks_like_blog	2026-08-25T18:32:19.146817+00:00	FALSE	FALSE	FALSE	FALSE			
unverified	FALSE	John Christopher Thomas	Pentecostal Theological Seminary		academic_scholar	unknown	https://www.ptseminary.edu/	https://cptpress.com/author-john-christopher-thomas/			TRUE	standard copyright (assumed -- academic-press published, not independently verified)		Round 3 (scholarly Pentecostal/charismatic academics pass)		Automated research tool compiling academic-press bibliographic information (Round 3 scholarly Pentecostal/charismatic academics pass, 2026-08-19). Licensing assumed as standard copyright per the research pass's own stated instruction ('assume standard copyright unless verified otherwise') -- not independently verified. Platform size and URLs were not part of this pass's fields.	Works: The Spirit of the New Testament; Pentecostal Commentary on Revelation	2026-08-19	False	real_url: https://www.ptseminary.edu/pt-seminary-faculty-details.php?id=9 | authorship: n/a | scale: None -- CV-style bio only. | red_flags: Claimed URL is a publisher catalog, not his site. No blog found anywhere.			check_failed	2026-08-25T18:32:19.447517+00:00	FALSE	FALSE	FALSE	FALSE			
unverified	FALSE	Martin W. Mittelstadt	Evangel University		academic_scholar	unknown	https://www.evangel.edu/	https://www.evangel.edu/faculty/martin-mittelstadt/			TRUE	standard copyright (assumed -- academic-press published, not independently verified)		Round 3 (scholarly Pentecostal/charismatic academics pass)		Automated research tool compiling academic-press bibliographic information (Round 3 scholarly Pentecostal/charismatic academics pass, 2026-08-19). Licensing assumed as standard copyright per the research pass's own stated instruction ('assume standard copyright unless verified otherwise') -- not independently verified. Platform size and URLs were not part of this pass's fields.	Works: The Spirit and Suffering in Luke-Acts	2026-08-19	False	real_url: https://www.evangel.edu/faculty/martin-mittelstadt/ | authorship: n/a | scale: None -- standard bio page. | red_flags: None.			check_failed	2026-08-25T18:32:19.745533+00:00	FALSE	FALSE	FALSE	FALSE			
unverified	FALSE	C. Bill Oliverio	AGTS		academic_scholar	unknown	https://pentecostaltheology.org/	https://pentecostaltheology.org/author/bill-oliverio/			TRUE	standard copyright (assumed -- academic-press published, not independently verified)		Round 3 (scholarly Pentecostal/charismatic academics pass)		Automated research tool compiling academic-press bibliographic information (Round 3 scholarly Pentecostal/charismatic academics pass, 2026-08-19). Licensing assumed as standard copyright per the research pass's own stated instruction ('assume standard copyright unless verified otherwise') -- not independently verified. Platform size and URLs were not part of this pass's fields.	Works: Theological Hermeneutics in the Classical Pentecostal Tradition	2026-08-19	False	real_url: https://pentecostaltheology.org/ (no author archive) | authorship: n/a | scale: None at the claimed domain. | red_flags: Claimed URL 404s. A different domain (pentecostaltheology.com) has real multi-author content but his involvement there is unconfirmed -- do not conflate the two.			check_failed	2026-08-25T18:32:21.677130+00:00	FALSE	FALSE	FALSE	FALSE			
unverified	FALSE	Robert P. Menzies	Synergy (Director)		academic_scholar	unknown	https://robertpmenzies.com/	https://robertpmenzies.com/blog/			TRUE	standard copyright (assumed -- academic-press published, not independently verified)		Round 3 (scholarly Pentecostal/charismatic academics pass)		Automated research tool compiling academic-press bibliographic information (Round 3 scholarly Pentecostal/charismatic academics pass, 2026-08-19). Licensing assumed as standard copyright per the research pass's own stated instruction ('assume standard copyright unless verified otherwise') -- not independently verified. Platform size and URLs were not part of this pass's fields.	Works: Empowered for Witness; Pentecost: This Story is Our Story; Speaking in Tongues	2026-08-19	True	real_url: http://pneumareview.com/author/robertpmenzies/ | authorship: single (on a shared multi-contributor journal site) | scale: ~10 articles/posts, abstracts with read-more links. | red_flags: Same shared-journal-site concern as Paul Elbert -- needs per-byline isolation, full-text-per-article unconfirmed.			check_failed	2026-08-25T18:32:21.741721+00:00	FALSE	FALSE	FALSE	FALSE			
unverified	FALSE	Wonsuk Ma	Oral Roberts University		academic_scholar	unknown	https://www.oru.edu/	https://www.oru.edu/faculty/wonsuk-ma/			TRUE	standard copyright (assumed -- academic-press published, not independently verified)		Round 3 (scholarly Pentecostal/charismatic academics pass)		Automated research tool compiling academic-press bibliographic information (Round 3 scholarly Pentecostal/charismatic academics pass, 2026-08-19). Licensing assumed as standard copyright per the research pass's own stated instruction ('assume standard copyright unless verified otherwise') -- not independently verified. Platform size and URLs were not part of this pass's fields.	Works: Until the Spirit Comes; Asian Journal of Pentecostal Studies	2026-08-19	False	real_url: https://oru.edu/faculty/cotm/dr-wonsuk-ma.php | authorship: n/a | scale: One narrative bio, no linked articles. | red_flags: His Academia.edu profile is login-gated, could not verify -- not a blog regardless.			check_failed	2026-08-25T18:32:22.823481+00:00	FALSE	FALSE	FALSE	FALSE			
unverified	FALSE	Mark J. Cartledge	Professor of Practical Ministry / Renewal Studies (institution not stated in source)		academic_scholar	unknown	https://londonseminary.org.uk/	https://londonseminary.org.uk/faculty/mark-cartledge/			TRUE	standard copyright (assumed -- academic-press published, not independently verified)		Round 3 (scholarly Pentecostal/charismatic academics pass)		Automated research tool compiling academic-press bibliographic information (Round 3 scholarly Pentecostal/charismatic academics pass, 2026-08-19). Licensing assumed as standard copyright per the research pass's own stated instruction ('assume standard copyright unless verified otherwise') -- not independently verified. Platform size and URLs were not part of this pass's fields.	Works: Encountering the Spirit; Testimony in the Spirit	2026-08-19	False	real_url: https://lst.ac.uk/stm_teacher/mark-j-cartledge/ | authorship: n/a | scale: None -- citations only. | red_flags: Claimed institution name in source data is wrong (London Seminary vs. the real London School of Theology).			check_failed	2026-08-25T18:32:22.943490+00:00	FALSE	FALSE	FALSE	FALSE			
unverified	FALSE	Dale M. Coulter	Pentecostal Theological Seminary		academic_scholar	unknown	https://pentecostaltheology.org/	https://pentecostaltheology.org/author/dale-coulter/			TRUE	standard copyright (assumed -- academic-press published, not independently verified)		Round 3 (scholarly Pentecostal/charismatic academics pass)		Automated research tool compiling academic-press bibliographic information (Round 3 scholarly Pentecostal/charismatic academics pass, 2026-08-19). Licensing assumed as standard copyright per the research pass's own stated instruction ('assume standard copyright unless verified otherwise') -- not independently verified. Platform size and URLs were not part of this pass's fields.	Works: Holiness: The Beauty of Perfection	2026-08-19	False	real_url: none confirmed as his own -- claimed URL 404s, wrong institution | authorship: mixed -- writing scattered across third-party multi-author outlets | scale: Moderate output over years, but not on any site he owns. | red_flags: Claimed source URL points to an institution with zero mention of him -- likely a data error.			check_failed	2026-08-25T18:32:23.909484+00:00	FALSE	FALSE	FALSE	FALSE			
unverified	FALSE	Christopher A. Stephenson	Lee University		academic_scholar	unknown	https://www.leeuniversity.edu/	https://www.leeuniversity.edu/faculty/cstephenson/			TRUE	standard copyright (assumed -- academic-press published, not independently verified)		Round 3 (scholarly Pentecostal/charismatic academics pass)		Automated research tool compiling academic-press bibliographic information (Round 3 scholarly Pentecostal/charismatic academics pass, 2026-08-19). Licensing assumed as standard copyright per the research pass's own stated instruction ('assume standard copyright unless verified otherwise') -- not independently verified. Platform size and URLs were not part of this pass's fields.	Works: Types of Pentecostal Theology (Oxford UP)	2026-08-19	False	real_url: https://webpages.leeu.edu/cstephenson/ | authorship: n/a | scale: One dormant 2010 WordPress placeholder post. | red_flags: Claimed URL 404s; real domain different; blog is an abandoned default install.			check_failed	2026-08-25T18:32:24.359281+00:00	FALSE	FALSE	FALSE	FALSE			
unverified	FALSE	Kenneth J. Archer	Southeastern University		academic_scholar	unknown	https://ptseminary.edu/	https://ptseminary.edu/faculty/kenneth-archer/			TRUE	standard copyright (assumed -- academic-press published, not independently verified)		Round 3 (scholarly Pentecostal/charismatic academics pass)		Automated research tool compiling academic-press bibliographic information (Round 3 scholarly Pentecostal/charismatic academics pass, 2026-08-19). Licensing assumed as standard copyright per the research pass's own stated instruction ('assume standard copyright unless verified otherwise') -- not independently verified. Platform size and URLs were not part of this pass's fields.	Works: A Pentecostal Hermeneutic for the Twenty-First Century	2026-08-19	False	real_url: https://trinitybiblecollege.edu/dr-ken-archer/ | authorship: n/a | scale: One 2018 guest post, no ongoing blog. | red_flags: Claimed institution stale -- he moved to Trinity Bible College, not on ptseminary.edu faculty at all.			check_failed	2026-08-25T18:32:24.884919+00:00	FALSE	FALSE	FALSE	FALSE			
unverified	FALSE	Frank D. Macchia	Vanguard University		academic_scholar	unknown	https://vanguard.edu/	https://vanguard.edu/faculty/frank-macchia/			TRUE	standard copyright (assumed -- academic-press published, not independently verified)		Round 3 (scholarly Pentecostal/charismatic academics pass)		Automated research tool compiling academic-press bibliographic information (Round 3 scholarly Pentecostal/charismatic academics pass, 2026-08-19). Licensing assumed as standard copyright per the research pass's own stated instruction ('assume standard copyright unless verified otherwise') -- not independently verified. Platform size and URLs were not part of this pass's fields.	Works: Baptized in the Spirit; Justified in the Spirit; Jesus the Spirit Baptizer	2026-08-19	False	real_url: https://www.frankdmacchia.com/ (mostly bio/book promo) | authorship: single but too thin | scale: Exactly one blog post found. | red_flags: Not a real ongoing blog -- too thin to be a viable source.			check_failed	2026-08-25T18:32:25.210595+00:00	FALSE	FALSE	FALSE	FALSE			
unverified	FALSE	Paul Nathan Alexander	Professor of Social Ethics (institution not stated in source)		academic_scholar	unknown	https://www.paulnathanalexander.com/	https://www.paulnathanalexander.com/blog			TRUE	standard copyright (assumed -- academic-press published, not independently verified)		Round 3 (scholarly Pentecostal/charismatic academics pass)		Automated research tool compiling academic-press bibliographic information (Round 3 scholarly Pentecostal/charismatic academics pass, 2026-08-19). Licensing assumed as standard copyright per the research pass's own stated instruction ('assume standard copyright unless verified otherwise') -- not independently verified. Platform size and URLs were not part of this pass's fields.	Works: Peace to All Who Are Far Off; Black Fire	2026-08-19	False	real_url: unresolved -- domain doesn't exist | authorship: n/a | scale: None. | red_flags: No personal blog found; only third-party bylines (Sojourners, HuffPost), not his own site.			check_failed	2026-08-25T18:32:25.330649+00:00	FALSE	FALSE	FALSE	FALSE			
unverified	FALSE	Estrelda Y. Alexander	William Joseph Seymour Institute		academic_scholar	unknown	https://www.williamseymourproject.org/	https://www.williamseymourproject.org/articles			TRUE	standard copyright (assumed -- academic-press published, not independently verified)		Round 3 (scholarly Pentecostal/charismatic academics pass)		Automated research tool compiling academic-press bibliographic information (Round 3 scholarly Pentecostal/charismatic academics pass, 2026-08-19). Licensing assumed as standard copyright per the research pass's own stated instruction ('assume standard copyright unless verified otherwise') -- not independently verified. Platform size and URLs were not part of this pass's fields.	Works: Black Fire; The Women of Azusa Street	2026-08-19	False	real_url: unresolved -- domain confusion between similarly-named orgs | authorship: unclear | scale: Unknown. | red_flags: Claimed domain fails DNS; a similarly-named but different org exists; her likely real org's site has a broken/mismatched SSL cert. Needs manual verification.			check_failed	2026-08-25T18:32:25.509614+00:00	FALSE	FALSE	FALSE	FALSE			
unverified	FALSE	Lee Roy Martin	Pentecostal Theological Seminary		academic_scholar	unknown	https://leeroymartin.com/	https://leeroymartin.com/blog/			TRUE	standard copyright (assumed -- academic-press published, not independently verified)		Round 3 (scholarly Pentecostal/charismatic academics pass)		Automated research tool compiling academic-press bibliographic information (Round 3 scholarly Pentecostal/charismatic academics pass, 2026-08-19). Licensing assumed as standard copyright per the research pass's own stated instruction ('assume standard copyright unless verified otherwise') -- not independently verified. Platform size and URLs were not part of this pass's fields.	Works: Pentecostal Hermeneutics; The Book of Judges	2026-08-19	False	real_url: unresolved -- site unreachable (TLS error) | authorship: unclear | scale: Unknown. | red_flags: Site appears broken/abandoned. Even the archived version looks like a list of downloadable academic PDFs, not a blog. Needs fresh manual check.			check_failed	2026-08-25T18:32:25.929093+00:00	FALSE	FALSE	FALSE	FALSE			
unverified	FALSE	Taehyun Lee	Ascent College		academic_scholar	unknown	https://www.ptseminary.edu/	https://www.ptseminary.edu/faculty/taehyun-lee/			TRUE	standard copyright (assumed -- academic-press published, not independently verified)		Round 3 (scholarly Pentecostal/charismatic academics pass)		Automated research tool compiling academic-press bibliographic information (Round 3 scholarly Pentecostal/charismatic academics pass, 2026-08-19). Licensing assumed as standard copyright per the research pass's own stated instruction ('assume standard copyright unless verified otherwise') -- not independently verified. Platform size and URLs were not part of this pass's fields.	Works: dissertations/essays on Pauline corpus and renewal pneumatology	2026-08-19	False	real_url: not found under claimed affiliation | authorship: n/a | scale: None. | red_flags: CRITICAL: claimed institutional affiliation does not check out -- he does not appear on the real faculty roster. Source data for this candidate may be fabricated or mismatched to the wrong person.			check_failed	2026-08-25T18:32:26.131411+00:00	FALSE	FALSE	FALSE	FALSE			
unverified	FALSE	Todd Korpi	Fuller / Ascent		academic_scholar	unknown	https://toddkorpi.com/	https://toddkorpi.com/blog/			TRUE	standard copyright (assumed -- academic-press published, not independently verified)		Round 3 (scholarly Pentecostal/charismatic academics pass)		Automated research tool compiling academic-press bibliographic information (Round 3 scholarly Pentecostal/charismatic academics pass, 2026-08-19). Licensing assumed as standard copyright per the research pass's own stated instruction ('assume standard copyright unless verified otherwise') -- not independently verified. Platform size and URLs were not part of this pass's fields.	Works: The Missional Vision of Digital Ministry	2026-08-19	True	real_url: https://toddkorpi.com/blog/ | authorship: mixed | scale: Substantial archive but stale since June 2023 (3+ years). | red_flags: Confirmed family-byline misattribution: at least 2 posts are by his wife Tara Korpi, not him.			check_failed	2026-08-25T18:32:26.463376+00:00	FALSE	FALSE	FALSE	FALSE			
unverified	FALSE	Lois E. Olena	AGTS		academic_scholar	unknown	https://agts.edu/	https://agts.edu/faculty/lois-olena/			TRUE	standard copyright (assumed -- academic-press published, not independently verified)		Round 3 (scholarly Pentecostal/charismatic academics pass)		Automated research tool compiling academic-press bibliographic information (Round 3 scholarly Pentecostal/charismatic academics pass, 2026-08-19). Licensing assumed as standard copyright per the research pass's own stated instruction ('assume standard copyright unless verified otherwise') -- not independently verified. Platform size and URLs were not part of this pass's fields.	Works: Children of the Calling	2026-08-19	False	real_url: https://www.evangel.edu/seminary/about/faculty-staff/ (name listing only) | authorship: n/a | scale: None. | red_flags: Claimed URL 403s; AGTS folded into Evangel's seminary listing, structure stale.			check_failed	2026-08-25T18:32:26.668732+00:00	FALSE	FALSE	FALSE	FALSE			
unverified	FALSE	Paul Lewis	AGTS		academic_scholar	unknown					TRUE	standard copyright (assumed -- academic-press published, not independently verified)		Round 3 (scholarly Pentecostal/charismatic academics pass)		Automated research tool compiling academic-press bibliographic information (Round 3 scholarly Pentecostal/charismatic academics pass, 2026-08-19). Licensing assumed as standard copyright per the research pass's own stated instruction ('assume standard copyright unless verified otherwise') -- not independently verified. Platform size and URLs were not part of this pass's fields.	Works: papers on early church mission in China, historical pneumatology | URL research 2026-08-19: flagged AMBIGUOUS by the research pass (multiple people share this name) -- main/blog URLs deliberately left blank rather than guessed.	2026-08-19							FALSE	FALSE	FALSE	FALSE			
